# Blender 4.1.1
# www.blender.org
mtllib player.mtl
o 球.008
v 0.342103 -0.598106 -0.423026
v 0.362488 -0.598106 -0.421105
v 0.342103 -1.053445 -0.423026
v 0.321717 -0.598106 -0.421105
v 0.302115 -0.598106 -0.415414
v 0.321717 -1.053445 -0.421105
v 0.302115 -1.053445 -0.415414
v 0.284050 -1.053445 -0.406173
v 0.268216 -1.053445 -0.393737
v 0.284050 -0.598106 -0.406173
v 0.268216 -0.598106 -0.393737
v 0.255221 -0.598106 -0.378583
v 0.245565 -0.598106 -0.361294
v 0.255221 -1.053445 -0.378583
v 0.245565 -1.053445 -0.361294
v 0.239619 -1.053445 -0.342535
v 0.237611 -1.053445 -0.323026
v 0.239619 -0.598106 -0.342535
v 0.237611 -0.598106 -0.323026
v 0.239619 -0.598106 -0.303517
v 0.245565 -0.598106 -0.284758
v 0.239619 -1.053445 -0.303517
v 0.245565 -1.053445 -0.284758
v 0.255221 -1.053445 -0.267469
v 0.268216 -1.053445 -0.252315
v 0.255221 -0.598106 -0.267469
v 0.268216 -0.598106 -0.252315
v 0.284050 -0.598106 -0.239879
v 0.302115 -0.598106 -0.230638
v 0.284050 -1.053445 -0.239879
v 0.302115 -1.053445 -0.230638
v 0.321717 -1.053445 -0.224947
v 0.342103 -1.053445 -0.223026
v 0.321717 -0.598106 -0.224947
v 0.342103 -0.598106 -0.223026
v 0.362488 -0.598106 -0.224947
v 0.382090 -0.598106 -0.230638
v 0.362488 -1.053445 -0.224947
v 0.382090 -1.053445 -0.230638
v 0.400155 -1.053445 -0.239879
v 0.415989 -1.053445 -0.252315
v 0.400155 -0.598106 -0.239879
v 0.415989 -0.598106 -0.252315
v 0.428984 -0.598106 -0.267469
v 0.438640 -0.598106 -0.284758
v 0.428984 -1.053445 -0.267469
v 0.438640 -1.053445 -0.284758
v 0.444587 -1.053445 -0.303517
v 0.446594 -1.053445 -0.323026
v 0.444587 -0.598106 -0.303517
v 0.446594 -0.598106 -0.323026
v 0.444587 -0.598106 -0.342535
v 0.438640 -0.598106 -0.361294
v 0.444587 -1.053445 -0.342535
v 0.438640 -1.053445 -0.361294
v 0.428984 -1.053445 -0.378583
v 0.415989 -1.053445 -0.393737
v 0.428984 -0.598106 -0.378583
v 0.415989 -0.598106 -0.393737
v 0.400155 -0.598106 -0.406173
v 0.382090 -0.598106 -0.415414
v 0.400155 -1.053445 -0.406173
v 0.382090 -1.053445 -0.415414
v 0.362488 -1.053445 -0.421105
v 0.332781 0.359929 0.239387
v 0.332781 0.330626 0.210084
v 0.332781 0.292340 0.194225
v 0.332781 0.271620 0.192185
v 0.332781 0.250900 0.194225
v 0.332781 0.212613 0.210084
v 0.336823 0.375788 0.278071
v 0.340710 0.369744 0.258530
v 0.344293 0.359929 0.240521
v 0.347432 0.346721 0.224735
v 0.350009 0.330626 0.211781
v 0.351924 0.312264 0.202155
v 0.353103 0.292340 0.196227
v 0.353501 0.271620 0.194225
v 0.353103 0.250900 0.196227
v 0.351924 0.230976 0.202155
v 0.350009 0.212613 0.211781
v 0.347432 0.196519 0.224735
v 0.344293 0.183311 0.240521
v 0.340710 0.173496 0.258530
v 0.336823 0.167452 0.278071
v 0.340710 0.375788 0.279250
v 0.348335 0.369744 0.260843
v 0.355362 0.359929 0.243879
v 0.361521 0.346721 0.229009
v 0.366576 0.330626 0.216806
v 0.370331 0.312264 0.207739
v 0.372644 0.292340 0.202155
v 0.373425 0.271620 0.200269
v 0.372644 0.250900 0.202155
v 0.370331 0.230976 0.207739
v 0.366576 0.212613 0.216806
v 0.361521 0.196519 0.229009
v 0.355362 0.183311 0.243879
v 0.348335 0.173496 0.260843
v 0.340710 0.167452 0.279250
v 0.344293 0.375788 0.281165
v 0.355362 0.369744 0.264599
v 0.365563 0.359929 0.249331
v 0.374505 0.346721 0.235949
v 0.381843 0.330626 0.224967
v 0.387296 0.312264 0.216806
v 0.390654 0.292340 0.211781
v 0.391787 0.271620 0.210084
v 0.390654 0.250900 0.211781
v 0.387296 0.230976 0.216806
v 0.381843 0.212613 0.224967
v 0.374505 0.196519 0.235949
v 0.365563 0.183311 0.249331
v 0.355362 0.173496 0.264599
v 0.344293 0.167452 0.281165
v 0.347432 0.375788 0.283742
v 0.361521 0.369744 0.269653
v 0.374505 0.359929 0.256670
v 0.385885 0.346721 0.245289
v 0.395225 0.330626 0.235949
v 0.402165 0.312264 0.229009
v 0.406439 0.292340 0.224735
v 0.407882 0.271620 0.223292
v 0.406439 0.250900 0.224735
v 0.402165 0.230976 0.229009
v 0.395225 0.212613 0.235949
v 0.385885 0.196519 0.245289
v 0.374505 0.183311 0.256670
v 0.361521 0.173496 0.269653
v 0.347432 0.167452 0.283742
v 0.350009 0.375788 0.286882
v 0.366576 0.369744 0.275813
v 0.381843 0.359929 0.265611
v 0.395225 0.346721 0.256669
v 0.406208 0.330626 0.249331
v 0.414368 0.312264 0.243878
v 0.419394 0.292340 0.240521
v 0.421090 0.271620 0.239387
v 0.419394 0.250900 0.240521
v 0.414368 0.230976 0.243878
v 0.406208 0.212613 0.249331
v 0.395225 0.196519 0.256669
v 0.381843 0.183311 0.265611
v 0.366576 0.173496 0.275813
v 0.350009 0.167452 0.286882
v 0.332781 0.377829 0.298393
v 0.351924 0.375788 0.290464
v 0.370331 0.369744 0.282839
v 0.387296 0.359929 0.275813
v 0.402165 0.346721 0.269653
v 0.414368 0.330626 0.264599
v 0.423436 0.312264 0.260843
v 0.429020 0.292340 0.258530
v 0.430905 0.271620 0.257749
v 0.429020 0.250900 0.258530
v 0.423436 0.230976 0.260843
v 0.414368 0.212613 0.264599
v 0.402165 0.196519 0.269653
v 0.387296 0.183311 0.275813
v 0.370331 0.173496 0.282839
v 0.351924 0.167452 0.290464
v 0.353103 0.375788 0.294351
v 0.372644 0.369744 0.290464
v 0.390654 0.359929 0.286882
v 0.406439 0.346721 0.283742
v 0.419394 0.330626 0.281165
v 0.429020 0.312264 0.279250
v 0.434947 0.292340 0.278071
v 0.436949 0.271620 0.277673
v 0.434947 0.250900 0.278071
v 0.429020 0.230976 0.279250
v 0.419394 0.212613 0.281165
v 0.406439 0.196519 0.283742
v 0.390654 0.183311 0.286882
v 0.372644 0.173496 0.290464
v 0.353103 0.167452 0.294351
v 0.353501 0.375788 0.298393
v 0.373425 0.369744 0.298393
v 0.391787 0.359929 0.298393
v 0.407882 0.346721 0.298393
v 0.421090 0.330626 0.298393
v 0.430905 0.312264 0.298393
v 0.436949 0.292340 0.298393
v 0.438990 0.271620 0.298393
v 0.436949 0.250900 0.298393
v 0.430905 0.230976 0.298393
v 0.421090 0.212613 0.298393
v 0.407882 0.196519 0.298393
v 0.391787 0.183311 0.298393
v 0.373425 0.173496 0.298393
v 0.353501 0.167452 0.298393
v 0.353103 0.375788 0.302436
v 0.372644 0.369744 0.306323
v 0.390654 0.359929 0.309905
v 0.406439 0.346721 0.313045
v 0.419394 0.330626 0.315622
v 0.429020 0.312264 0.317536
v 0.434947 0.292340 0.318715
v 0.436949 0.271620 0.319114
v 0.434947 0.250900 0.318715
v 0.429020 0.230976 0.317536
v 0.419394 0.212613 0.315622
v 0.406439 0.196519 0.313045
v 0.390654 0.183311 0.309905
v 0.372644 0.173496 0.306323
v 0.353103 0.167452 0.302436
v 0.351924 0.375788 0.306323
v 0.370331 0.369744 0.313947
v 0.387296 0.359929 0.320974
v 0.402165 0.346721 0.327133
v 0.414368 0.330626 0.332188
v 0.423436 0.312264 0.335944
v 0.429020 0.292340 0.338257
v 0.430905 0.271620 0.339038
v 0.429020 0.250900 0.338257
v 0.423436 0.230976 0.335944
v 0.414368 0.212613 0.332188
v 0.402165 0.196519 0.327133
v 0.387296 0.183311 0.320974
v 0.370331 0.173496 0.313947
v 0.351924 0.167452 0.306323
v 0.350009 0.375788 0.309905
v 0.366576 0.369744 0.320974
v 0.381843 0.359929 0.331176
v 0.395225 0.346721 0.340117
v 0.406208 0.330626 0.347455
v 0.414368 0.312264 0.352908
v 0.419394 0.292340 0.356266
v 0.421090 0.271620 0.357400
v 0.419394 0.250900 0.356266
v 0.414368 0.230976 0.352908
v 0.406208 0.212613 0.347455
v 0.395225 0.196519 0.340117
v 0.381843 0.183311 0.331176
v 0.366576 0.173496 0.320974
v 0.350009 0.167452 0.309905
v 0.347432 0.375788 0.313045
v 0.361521 0.369744 0.327133
v 0.374505 0.359929 0.340117
v 0.385885 0.346721 0.351498
v 0.395225 0.330626 0.360837
v 0.402165 0.312264 0.367777
v 0.406439 0.292340 0.372051
v 0.407882 0.271620 0.373494
v 0.406439 0.250900 0.372051
v 0.402165 0.230976 0.367777
v 0.395225 0.212613 0.360837
v 0.385885 0.196519 0.351498
v 0.374505 0.183311 0.340117
v 0.361521 0.173496 0.327133
v 0.347432 0.167452 0.313045
v 0.344293 0.375788 0.315622
v 0.355362 0.369744 0.332188
v 0.365563 0.359929 0.347455
v 0.374505 0.346721 0.360837
v 0.381843 0.330626 0.371820
v 0.387296 0.312264 0.379980
v 0.390654 0.292340 0.385006
v 0.391787 0.271620 0.386703
v 0.390654 0.250900 0.385006
v 0.387296 0.230976 0.379980
v 0.381843 0.212613 0.371820
v 0.374505 0.196519 0.360837
v 0.365563 0.183311 0.347455
v 0.355362 0.173496 0.332188
v 0.344293 0.167452 0.315622
v 0.340710 0.375788 0.317536
v 0.348335 0.369744 0.335944
v 0.355362 0.359929 0.352908
v 0.361521 0.346721 0.367777
v 0.366576 0.330626 0.379980
v 0.370331 0.312264 0.389048
v 0.372644 0.292340 0.394632
v 0.373425 0.271620 0.396517
v 0.372644 0.250900 0.394632
v 0.370331 0.230976 0.389048
v 0.366576 0.212613 0.379980
v 0.361521 0.196519 0.367777
v 0.355362 0.183311 0.352908
v 0.348335 0.173496 0.335944
v 0.340710 0.167452 0.317536
v 0.336823 0.375788 0.318715
v 0.340710 0.369744 0.338257
v 0.344293 0.359929 0.356266
v 0.347432 0.346721 0.372051
v 0.350009 0.330626 0.385006
v 0.351924 0.312264 0.394632
v 0.353103 0.292340 0.400560
v 0.353501 0.271620 0.402561
v 0.353103 0.250900 0.400560
v 0.351924 0.230976 0.394632
v 0.350009 0.212613 0.385006
v 0.347432 0.196519 0.372051
v 0.344293 0.183311 0.356266
v 0.340710 0.173496 0.338257
v 0.336823 0.167452 0.318715
v 0.332781 0.375788 0.319114
v 0.332781 0.369744 0.339038
v 0.332781 0.359929 0.357400
v 0.332781 0.346721 0.373494
v 0.332781 0.330626 0.386703
v 0.332781 0.312264 0.396517
v 0.332781 0.292340 0.402561
v 0.332781 0.271620 0.404602
v 0.332781 0.250900 0.402561
v 0.332781 0.230976 0.396517
v 0.332781 0.212613 0.386703
v 0.332781 0.196519 0.373494
v 0.332781 0.183311 0.357400
v 0.332781 0.173496 0.339038
v 0.332781 0.167452 0.319114
v 0.328739 0.375788 0.318715
v 0.324852 0.369744 0.338257
v 0.321269 0.359929 0.356266
v 0.318130 0.346721 0.372051
v 0.315553 0.330626 0.385006
v 0.313638 0.312264 0.394632
v 0.312459 0.292340 0.400560
v 0.312061 0.271620 0.402561
v 0.312459 0.250900 0.400560
v 0.313638 0.230976 0.394632
v 0.315553 0.212613 0.385006
v 0.318130 0.196519 0.372051
v 0.321269 0.183311 0.356266
v 0.324852 0.173496 0.338257
v 0.328739 0.167452 0.318715
v 0.324852 0.375788 0.317536
v 0.317227 0.369744 0.335944
v 0.310200 0.359929 0.352908
v 0.304041 0.346721 0.367777
v 0.298987 0.330626 0.379980
v 0.295231 0.312264 0.389048
v 0.292918 0.292340 0.394632
v 0.292137 0.271620 0.396517
v 0.292918 0.250900 0.394632
v 0.295231 0.230976 0.389048
v 0.298987 0.212613 0.379980
v 0.304041 0.196519 0.367777
v 0.310200 0.183311 0.352908
v 0.317227 0.173496 0.335944
v 0.324852 0.167452 0.317536
v 0.321269 0.375788 0.315622
v 0.310200 0.369744 0.332188
v 0.299999 0.359929 0.347455
v 0.291057 0.346721 0.360837
v 0.283719 0.330626 0.371820
v 0.278266 0.312264 0.379980
v 0.274908 0.292340 0.385006
v 0.273775 0.271620 0.386703
v 0.274908 0.250900 0.385006
v 0.278266 0.230976 0.379980
v 0.283719 0.212613 0.371820
v 0.291057 0.196519 0.360837
v 0.299999 0.183311 0.347455
v 0.310200 0.173496 0.332188
v 0.321269 0.167452 0.315622
v 0.318130 0.375788 0.313045
v 0.304041 0.369744 0.327133
v 0.291057 0.359929 0.340117
v 0.279677 0.346721 0.351498
v 0.270337 0.330626 0.360837
v 0.263397 0.312264 0.367777
v 0.259123 0.292340 0.372051
v 0.257680 0.271620 0.373494
v 0.259123 0.250900 0.372051
v 0.263397 0.230976 0.367777
v 0.270337 0.212613 0.360837
v 0.279677 0.196519 0.351498
v 0.291057 0.183311 0.340117
v 0.304041 0.173496 0.327133
v 0.318130 0.167452 0.313045
v 0.332781 0.165411 0.298393
v 0.315553 0.375788 0.309905
v 0.298987 0.369744 0.320974
v 0.283719 0.359929 0.331175
v 0.270337 0.346721 0.340117
v 0.259355 0.330626 0.347455
v 0.251194 0.312264 0.352908
v 0.246169 0.292340 0.356266
v 0.244472 0.271620 0.357400
v 0.246169 0.250900 0.356266
v 0.251194 0.230976 0.352908
v 0.259355 0.212613 0.347455
v 0.270337 0.196519 0.340117
v 0.283719 0.183311 0.331175
v 0.298987 0.173496 0.320974
v 0.315553 0.167452 0.309905
v 0.313638 0.375788 0.306323
v 0.295231 0.369744 0.313947
v 0.278266 0.359929 0.320974
v 0.263397 0.346721 0.327133
v 0.251194 0.330626 0.332188
v 0.242126 0.312264 0.335944
v 0.236542 0.292340 0.338257
v 0.234657 0.271620 0.339038
v 0.236542 0.250900 0.338257
v 0.242126 0.230976 0.335944
v 0.251194 0.212613 0.332188
v 0.263397 0.196519 0.327133
v 0.278266 0.183311 0.320974
v 0.295231 0.173496 0.313947
v 0.313638 0.167452 0.306323
v 0.312459 0.375788 0.302436
v 0.292918 0.369744 0.306323
v 0.274908 0.359929 0.309905
v 0.259123 0.346721 0.313045
v 0.246169 0.330626 0.315622
v 0.236542 0.312264 0.317536
v 0.230615 0.292340 0.318715
v 0.228613 0.271620 0.319114
v 0.230615 0.250900 0.318715
v 0.236542 0.230976 0.317536
v 0.246169 0.212613 0.315622
v 0.259123 0.196519 0.313045
v 0.274908 0.183311 0.309905
v 0.292918 0.173496 0.306323
v 0.312459 0.167452 0.302436
v 0.312061 0.375788 0.298393
v 0.292137 0.369744 0.298393
v 0.273775 0.359929 0.298393
v 0.257680 0.346721 0.298393
v 0.244472 0.330626 0.298393
v 0.234657 0.312264 0.298393
v 0.228613 0.292340 0.298393
v 0.226572 0.271620 0.298393
v 0.228613 0.250900 0.298393
v 0.234657 0.230976 0.298393
v 0.244472 0.212613 0.298393
v 0.257680 0.196519 0.298393
v 0.273775 0.183311 0.298393
v 0.292137 0.173496 0.298393
v 0.312061 0.167452 0.298393
v 0.312459 0.375788 0.294351
v 0.292918 0.369744 0.290464
v 0.274908 0.359929 0.286882
v 0.259123 0.346721 0.283742
v 0.246169 0.330626 0.281165
v 0.236542 0.312264 0.279250
v 0.230615 0.292340 0.278071
v 0.228613 0.271620 0.277673
v 0.230615 0.250900 0.278071
v 0.236542 0.230976 0.279250
v 0.246169 0.212613 0.281165
v 0.259123 0.196519 0.283742
v 0.274908 0.183311 0.286882
v 0.292918 0.173496 0.290464
v 0.312459 0.167452 0.294351
v 0.313638 0.375788 0.290464
v 0.295231 0.369744 0.282839
v 0.278266 0.359929 0.275813
v 0.263397 0.346721 0.269653
v 0.251194 0.330626 0.264599
v 0.242126 0.312264 0.260843
v 0.236542 0.292340 0.258530
v 0.234657 0.271620 0.257749
v 0.236542 0.250900 0.258530
v 0.242126 0.230976 0.260843
v 0.251194 0.212613 0.264599
v 0.263397 0.196519 0.269653
v 0.278266 0.183311 0.275813
v 0.295231 0.173496 0.282839
v 0.313638 0.167452 0.290464
v 0.315553 0.375788 0.286882
v 0.298987 0.369744 0.275813
v 0.283719 0.359929 0.265611
v 0.270337 0.346721 0.256670
v 0.259355 0.330626 0.249331
v 0.251194 0.312264 0.243879
v 0.246169 0.292340 0.240521
v 0.244472 0.271620 0.239387
v 0.246169 0.250900 0.240521
v 0.251194 0.230976 0.243879
v 0.259355 0.212613 0.249331
v 0.270337 0.196519 0.256670
v 0.283719 0.183311 0.265611
v 0.298987 0.173496 0.275813
v 0.315553 0.167452 0.286882
v 0.318130 0.375788 0.283742
v 0.304041 0.369744 0.269653
v 0.291057 0.359929 0.256670
v 0.279677 0.346721 0.245289
v 0.270337 0.330626 0.235949
v 0.263397 0.312264 0.229009
v 0.259123 0.292340 0.224735
v 0.257680 0.271620 0.223292
v 0.259123 0.250900 0.224735
v 0.263397 0.230976 0.229009
v 0.270337 0.212613 0.235949
v 0.279677 0.196519 0.245289
v 0.291057 0.183311 0.256670
v 0.304041 0.173496 0.269653
v 0.318130 0.167452 0.283742
v 0.321269 0.375788 0.281165
v 0.310200 0.369744 0.264599
v 0.299999 0.359929 0.249331
v 0.291057 0.346721 0.235949
v 0.283719 0.330626 0.224967
v 0.278266 0.312264 0.216806
v 0.274909 0.292340 0.211781
v 0.273775 0.271620 0.210084
v 0.274909 0.250900 0.211781
v 0.278266 0.230976 0.216806
v 0.283719 0.212613 0.224967
v 0.291057 0.196519 0.235949
v 0.299999 0.183311 0.249331
v 0.310200 0.173496 0.264599
v 0.321269 0.167452 0.281165
v 0.324852 0.375788 0.279250
v 0.317227 0.369744 0.260843
v 0.310200 0.359929 0.243879
v 0.304041 0.346721 0.229009
v 0.298987 0.330626 0.216806
v 0.295231 0.312264 0.207739
v 0.292918 0.292340 0.202155
v 0.292137 0.271620 0.200269
v 0.292918 0.250900 0.202155
v 0.295231 0.230976 0.207739
v 0.298987 0.212613 0.216806
v 0.304041 0.196519 0.229009
v 0.310200 0.183311 0.243879
v 0.317227 0.173496 0.260843
v 0.324852 0.167452 0.279250
v 0.328739 0.375788 0.278071
v 0.324852 0.369744 0.258530
v 0.321270 0.359929 0.240521
v 0.318130 0.346721 0.224735
v 0.315553 0.330626 0.211781
v 0.313638 0.312264 0.202155
v 0.312459 0.292340 0.196227
v 0.312061 0.271620 0.194225
v 0.312459 0.250900 0.196227
v 0.313638 0.230976 0.202155
v 0.315553 0.212613 0.211781
v 0.318130 0.196519 0.224735
v 0.321270 0.183311 0.240521
v 0.324852 0.173496 0.258530
v 0.328739 0.167452 0.278071
v 0.332781 0.375788 0.277673
v 0.332781 0.369744 0.257749
v 0.332781 0.346721 0.223292
v 0.332781 0.312264 0.200269
v 0.332781 0.230976 0.200269
v 0.332781 0.196519 0.223292
v 0.332781 0.183311 0.239387
v 0.332781 0.173496 0.257749
v 0.332781 0.167452 0.277673
v 0.328739 0.375788 0.278071
v 0.324852 0.369744 0.258530
v 0.321269 0.359929 0.240521
v 0.318130 0.346721 0.224735
v 0.315553 0.330626 0.211781
v 0.313638 0.312264 0.202155
v 0.312459 0.292340 0.196227
v 0.312061 0.271620 0.194225
v 0.312459 0.250900 0.196227
v 0.313638 0.230976 0.202155
v 0.315553 0.212613 0.211781
v 0.318130 0.196519 0.224735
v 0.321269 0.183311 0.240521
v 0.324852 0.173496 0.258530
v 0.328739 0.167452 0.278071
v 0.324852 0.375788 0.279250
v 0.317227 0.369744 0.260843
v 0.310200 0.359929 0.243879
v 0.304041 0.346721 0.229009
v 0.298987 0.330626 0.216806
v 0.295231 0.312264 0.207739
v 0.292918 0.292340 0.202155
v 0.292137 0.271620 0.200269
v 0.292918 0.250900 0.202155
v 0.295231 0.230976 0.207739
v 0.298987 0.212613 0.216806
v 0.304041 0.196519 0.229009
v 0.310200 0.183311 0.243879
v 0.317227 0.173496 0.260843
v 0.324852 0.167452 0.279250
v 0.321269 0.375788 0.281165
v 0.310200 0.369744 0.264599
v 0.299999 0.359929 0.249331
v 0.291057 0.346721 0.235949
v 0.283719 0.330626 0.224967
v 0.278266 0.312264 0.216806
v 0.274908 0.292340 0.211781
v 0.273775 0.271620 0.210084
v 0.274908 0.250900 0.211781
v 0.278266 0.230976 0.216806
v 0.283719 0.212613 0.224967
v 0.291057 0.196519 0.235949
v 0.299999 0.183311 0.249331
v 0.310200 0.173496 0.264599
v 0.321269 0.167452 0.281165
v 0.318130 0.375788 0.283742
v 0.304041 0.369744 0.269653
v 0.291057 0.359929 0.256670
v 0.279677 0.346721 0.245289
v 0.270337 0.330626 0.235949
v 0.263397 0.312264 0.229009
v 0.259123 0.292340 0.224735
v 0.257680 0.271620 0.223292
v 0.259123 0.250900 0.224735
v 0.263397 0.230976 0.229009
v 0.270337 0.212613 0.235949
v 0.279677 0.196519 0.245289
v 0.291057 0.183311 0.256670
v 0.304041 0.173496 0.269653
v 0.318130 0.167452 0.283742
v 0.315553 0.375788 0.286882
v 0.298987 0.369744 0.275813
v 0.283719 0.359929 0.265611
v 0.270337 0.346721 0.256669
v 0.259355 0.330626 0.249331
v 0.251194 0.312264 0.243878
v 0.246169 0.292340 0.240521
v 0.244472 0.271620 0.239387
v 0.246169 0.250900 0.240521
v 0.251194 0.230976 0.243878
v 0.259355 0.212613 0.249331
v 0.270337 0.196519 0.256669
v 0.283719 0.183311 0.265611
v 0.298987 0.173496 0.275813
v 0.315553 0.167452 0.286882
v 0.313638 0.375788 0.290464
v 0.295231 0.369744 0.282839
v 0.278266 0.359929 0.275813
v 0.263397 0.346721 0.269653
v 0.251194 0.330626 0.264599
v 0.242126 0.312264 0.260843
v 0.236542 0.292340 0.258530
v 0.234657 0.271620 0.257749
v 0.236542 0.250900 0.258530
v 0.242126 0.230976 0.260843
v 0.251194 0.212613 0.264599
v 0.263397 0.196519 0.269653
v 0.278266 0.183311 0.275813
v 0.295231 0.173496 0.282839
v 0.313638 0.167452 0.290464
v 0.312459 0.375788 0.294351
v 0.292918 0.369744 0.290464
v 0.274908 0.359929 0.286882
v 0.259123 0.346721 0.283742
v 0.246169 0.330626 0.281165
v 0.236542 0.312264 0.279250
v 0.230615 0.292340 0.278071
v 0.228613 0.271620 0.277673
v 0.230615 0.250900 0.278071
v 0.236542 0.230976 0.279250
v 0.246169 0.212613 0.281165
v 0.259123 0.196519 0.283742
v 0.274908 0.183311 0.286882
v 0.292918 0.173496 0.290464
v 0.312459 0.167452 0.294351
v 0.312061 0.375788 0.298393
v 0.292137 0.369744 0.298393
v 0.273775 0.359929 0.298393
v 0.257680 0.346721 0.298393
v 0.244472 0.330626 0.298393
v 0.234657 0.312264 0.298393
v 0.228613 0.292340 0.298393
v 0.226572 0.271620 0.298393
v 0.228613 0.250900 0.298393
v 0.234657 0.230976 0.298393
v 0.244472 0.212613 0.298393
v 0.257680 0.196519 0.298393
v 0.273775 0.183311 0.298393
v 0.292137 0.173496 0.298393
v 0.312061 0.167452 0.298393
v 0.312459 0.375788 0.302436
v 0.292918 0.369744 0.306323
v 0.274908 0.359929 0.309905
v 0.259123 0.346721 0.313045
v 0.246169 0.330626 0.315622
v 0.236542 0.312264 0.317536
v 0.230615 0.292340 0.318715
v 0.228613 0.271620 0.319114
v 0.230615 0.250900 0.318715
v 0.236542 0.230976 0.317536
v 0.246169 0.212613 0.315622
v 0.259123 0.196519 0.313045
v 0.274908 0.183311 0.309905
v 0.292918 0.173496 0.306323
v 0.312459 0.167452 0.302436
v 0.313638 0.375788 0.306323
v 0.295231 0.369744 0.313947
v 0.278266 0.359929 0.320974
v 0.263397 0.346721 0.327133
v 0.251194 0.330626 0.332188
v 0.242126 0.312264 0.335944
v 0.236542 0.292340 0.338257
v 0.234657 0.271620 0.339038
v 0.236542 0.250900 0.338257
v 0.242126 0.230976 0.335944
v 0.251194 0.212613 0.332188
v 0.263397 0.196519 0.327133
v 0.278266 0.183311 0.320974
v 0.295231 0.173496 0.313947
v 0.313638 0.167452 0.306323
v 0.315553 0.375788 0.309905
v 0.298987 0.369744 0.320974
v 0.283719 0.359929 0.331176
v 0.270337 0.346721 0.340117
v 0.259355 0.330626 0.347455
v 0.251194 0.312264 0.352908
v 0.246169 0.292340 0.356266
v 0.244472 0.271620 0.357400
v 0.246169 0.250900 0.356266
v 0.251194 0.230976 0.352908
v 0.259355 0.212613 0.347455
v 0.270337 0.196519 0.340117
v 0.283719 0.183311 0.331176
v 0.298987 0.173496 0.320974
v 0.315553 0.167452 0.309905
v 0.318130 0.375788 0.313045
v 0.304041 0.369744 0.327133
v 0.291057 0.359929 0.340117
v 0.279677 0.346721 0.351498
v 0.270337 0.330626 0.360837
v 0.263397 0.312264 0.367777
v 0.259123 0.292340 0.372051
v 0.257680 0.271620 0.373494
v 0.259123 0.250900 0.372051
v 0.263397 0.230976 0.367777
v 0.270337 0.212613 0.360837
v 0.279677 0.196519 0.351498
v 0.291057 0.183311 0.340117
v 0.304041 0.173496 0.327133
v 0.318130 0.167452 0.313045
v 0.321269 0.375788 0.315622
v 0.310200 0.369744 0.332188
v 0.299999 0.359929 0.347455
v 0.291057 0.346721 0.360837
v 0.283719 0.330626 0.371820
v 0.278266 0.312264 0.379980
v 0.274908 0.292340 0.385006
v 0.273775 0.271620 0.386703
v 0.274908 0.250900 0.385006
v 0.278266 0.230976 0.379980
v 0.283719 0.212613 0.371820
v 0.291057 0.196519 0.360837
v 0.299999 0.183311 0.347455
v 0.310200 0.173496 0.332188
v 0.321269 0.167452 0.315622
v 0.324852 0.375788 0.317536
v 0.317227 0.369744 0.335944
v 0.310200 0.359929 0.352908
v 0.304041 0.346721 0.367777
v 0.298987 0.330626 0.379980
v 0.295231 0.312264 0.389048
v 0.292918 0.292340 0.394632
v 0.292137 0.271620 0.396517
v 0.292918 0.250900 0.394632
v 0.295231 0.230976 0.389048
v 0.298987 0.212613 0.379980
v 0.304041 0.196519 0.367777
v 0.310200 0.183311 0.352908
v 0.317227 0.173496 0.335944
v 0.324852 0.167452 0.317536
v 0.328739 0.375788 0.318715
v 0.324852 0.369744 0.338257
v 0.321269 0.359929 0.356266
v 0.318130 0.346721 0.372051
v 0.315553 0.330626 0.385006
v 0.313638 0.312264 0.394632
v 0.312459 0.292340 0.400560
v 0.312061 0.271620 0.402561
v 0.312459 0.250900 0.400560
v 0.313638 0.230976 0.394632
v 0.315553 0.212613 0.385006
v 0.318130 0.196519 0.372051
v 0.321269 0.183311 0.356266
v 0.324852 0.173496 0.338257
v 0.328739 0.167452 0.318715
v 0.336823 0.375788 0.318715
v 0.340710 0.369744 0.338257
v 0.344293 0.359929 0.356266
v 0.347432 0.346721 0.372051
v 0.350009 0.330626 0.385006
v 0.351924 0.312264 0.394632
v 0.353103 0.292340 0.400560
v 0.353501 0.271620 0.402561
v 0.353103 0.250900 0.400560
v 0.351924 0.230976 0.394632
v 0.350009 0.212613 0.385006
v 0.347432 0.196519 0.372051
v 0.344293 0.183311 0.356266
v 0.340710 0.173496 0.338257
v 0.336823 0.167452 0.318715
v 0.340710 0.375788 0.317536
v 0.348335 0.369744 0.335944
v 0.355362 0.359929 0.352908
v 0.361521 0.346721 0.367777
v 0.366576 0.330626 0.379980
v 0.370331 0.312264 0.389048
v 0.372644 0.292340 0.394632
v 0.373425 0.271620 0.396517
v 0.372644 0.250900 0.394632
v 0.370331 0.230976 0.389048
v 0.366576 0.212613 0.379980
v 0.361521 0.196519 0.367777
v 0.355362 0.183311 0.352908
v 0.348335 0.173496 0.335944
v 0.340710 0.167452 0.317536
v 0.344293 0.375788 0.315622
v 0.355362 0.369744 0.332188
v 0.365563 0.359929 0.347455
v 0.374505 0.346721 0.360837
v 0.381843 0.330626 0.371820
v 0.387296 0.312264 0.379980
v 0.390654 0.292340 0.385006
v 0.391787 0.271620 0.386703
v 0.390654 0.250900 0.385006
v 0.387296 0.230976 0.379980
v 0.381843 0.212613 0.371820
v 0.374505 0.196519 0.360837
v 0.365563 0.183311 0.347455
v 0.355362 0.173496 0.332188
v 0.344293 0.167452 0.315622
v 0.347432 0.375788 0.313045
v 0.361521 0.369744 0.327133
v 0.374505 0.359929 0.340117
v 0.385885 0.346721 0.351498
v 0.395225 0.330626 0.360837
v 0.402165 0.312264 0.367777
v 0.406439 0.292340 0.372051
v 0.407882 0.271620 0.373494
v 0.406439 0.250900 0.372051
v 0.402165 0.230976 0.367777
v 0.395225 0.212613 0.360837
v 0.385885 0.196519 0.351498
v 0.374505 0.183311 0.340117
v 0.361521 0.173496 0.327133
v 0.347432 0.167452 0.313045
v 0.350009 0.375788 0.309905
v 0.366576 0.369744 0.320974
v 0.381843 0.359929 0.331175
v 0.395225 0.346721 0.340117
v 0.406208 0.330626 0.347455
v 0.414368 0.312264 0.352908
v 0.419394 0.292340 0.356266
v 0.421090 0.271620 0.357400
v 0.419394 0.250900 0.356266
v 0.414368 0.230976 0.352908
v 0.406208 0.212613 0.347455
v 0.395225 0.196519 0.340117
v 0.381843 0.183311 0.331175
v 0.366576 0.173496 0.320974
v 0.350009 0.167452 0.309905
v 0.351924 0.375788 0.306323
v 0.370331 0.369744 0.313947
v 0.387296 0.359929 0.320974
v 0.402165 0.346721 0.327133
v 0.414368 0.330626 0.332188
v 0.423436 0.312264 0.335944
v 0.429020 0.292340 0.338257
v 0.430905 0.271620 0.339038
v 0.429020 0.250900 0.338257
v 0.423436 0.230976 0.335944
v 0.414368 0.212613 0.332188
v 0.402165 0.196519 0.327133
v 0.387296 0.183311 0.320974
v 0.370331 0.173496 0.313947
v 0.351924 0.167452 0.306323
v 0.353103 0.375788 0.302436
v 0.372644 0.369744 0.306323
v 0.390654 0.359929 0.309905
v 0.406439 0.346721 0.313045
v 0.419393 0.330626 0.315622
v 0.429020 0.312264 0.317536
v 0.434947 0.292340 0.318715
v 0.436949 0.271620 0.319114
v 0.434947 0.250900 0.318715
v 0.429020 0.230976 0.317536
v 0.419393 0.212613 0.315622
v 0.406439 0.196519 0.313045
v 0.390654 0.183311 0.309905
v 0.372644 0.173496 0.306323
v 0.353103 0.167452 0.302436
v 0.353501 0.375788 0.298393
v 0.373425 0.369744 0.298393
v 0.391787 0.359929 0.298393
v 0.407882 0.346721 0.298393
v 0.421090 0.330626 0.298393
v 0.430905 0.312264 0.298393
v 0.436949 0.292340 0.298393
v 0.438990 0.271620 0.298393
v 0.436949 0.250900 0.298393
v 0.430905 0.230976 0.298393
v 0.421090 0.212613 0.298393
v 0.407882 0.196519 0.298393
v 0.391787 0.183311 0.298393
v 0.373425 0.173496 0.298393
v 0.353501 0.167452 0.298393
v 0.353103 0.375788 0.294351
v 0.372644 0.369744 0.290464
v 0.390654 0.359929 0.286882
v 0.406439 0.346721 0.283742
v 0.419393 0.330626 0.281165
v 0.429020 0.312264 0.279250
v 0.434947 0.292340 0.278071
v 0.436949 0.271620 0.277673
v 0.434947 0.250900 0.278071
v 0.429020 0.230976 0.279250
v 0.419393 0.212613 0.281165
v 0.406439 0.196519 0.283742
v 0.390654 0.183311 0.286882
v 0.372644 0.173496 0.290464
v 0.353103 0.167452 0.294351
v 0.351924 0.375788 0.290464
v 0.370331 0.369744 0.282839
v 0.387296 0.359929 0.275813
v 0.402165 0.346721 0.269653
v 0.414368 0.330626 0.264599
v 0.423436 0.312264 0.260843
v 0.429020 0.292340 0.258530
v 0.430905 0.271620 0.257749
v 0.429020 0.250900 0.258530
v 0.423436 0.230976 0.260843
v 0.414368 0.212613 0.264599
v 0.402165 0.196519 0.269653
v 0.387296 0.183311 0.275813
v 0.370331 0.173496 0.282839
v 0.351924 0.167452 0.290464
v 0.350009 0.375788 0.286882
v 0.366576 0.369744 0.275813
v 0.381843 0.359929 0.265611
v 0.395225 0.346721 0.256670
v 0.406208 0.330626 0.249331
v 0.414368 0.312264 0.243879
v 0.419393 0.292340 0.240521
v 0.421090 0.271620 0.239387
v 0.419393 0.250900 0.240521
v 0.414368 0.230976 0.243879
v 0.406208 0.212613 0.249331
v 0.395225 0.196519 0.256670
v 0.381843 0.183311 0.265611
v 0.366576 0.173496 0.275813
v 0.350009 0.167452 0.286882
v 0.347432 0.375788 0.283742
v 0.361521 0.369744 0.269653
v 0.374505 0.359929 0.256670
v 0.385885 0.346721 0.245289
v 0.395225 0.330626 0.235949
v 0.402165 0.312264 0.229009
v 0.406439 0.292340 0.224735
v 0.407882 0.271620 0.223292
v 0.406439 0.250900 0.224735
v 0.402165 0.230976 0.229009
v 0.395225 0.212613 0.235949
v 0.385885 0.196519 0.245289
v 0.374505 0.183311 0.256670
v 0.361521 0.173496 0.269653
v 0.347432 0.167452 0.283742
v 0.344293 0.375788 0.281165
v 0.355362 0.369744 0.264599
v 0.365563 0.359929 0.249331
v 0.374505 0.346721 0.235949
v 0.381843 0.330626 0.224967
v 0.387296 0.312264 0.216806
v 0.390654 0.292340 0.211781
v 0.391787 0.271620 0.210084
v 0.390654 0.250900 0.211781
v 0.387296 0.230976 0.216806
v 0.381843 0.212613 0.224967
v 0.374505 0.196519 0.235949
v 0.365563 0.183311 0.249331
v 0.355362 0.173496 0.264599
v 0.344293 0.167452 0.281165
v 0.340710 0.375788 0.279250
v 0.348335 0.369744 0.260843
v 0.355362 0.359929 0.243879
v 0.361521 0.346721 0.229009
v 0.366576 0.330626 0.216806
v 0.370331 0.312264 0.207739
v 0.372644 0.292340 0.202155
v 0.373425 0.271620 0.200269
v 0.372644 0.250900 0.202155
v 0.370331 0.230976 0.207739
v 0.366576 0.212613 0.216806
v 0.361521 0.196519 0.229009
v 0.355362 0.183311 0.243879
v 0.348335 0.173496 0.260843
v 0.340710 0.167452 0.279250
v 0.336823 0.375788 0.278071
v 0.340710 0.369744 0.258530
v 0.344293 0.359929 0.240521
v 0.347432 0.346721 0.224735
v 0.350009 0.330626 0.211781
v 0.351924 0.312264 0.202155
v 0.353103 0.292340 0.196227
v 0.353501 0.271620 0.194225
v 0.353103 0.250900 0.196227
v 0.351924 0.230976 0.202155
v 0.350009 0.212613 0.211781
v 0.347432 0.196519 0.224735
v 0.344293 0.183311 0.240521
v 0.340710 0.173496 0.258530
v 0.336823 0.167452 0.278071
v -0.332781 0.359929 0.239387
v -0.344293 0.359929 0.240521
v -0.332781 0.369744 0.257749
v -0.332781 0.346721 0.223292
v -0.321269 0.359929 0.240521
v -0.321269 0.359929 0.240521
v -0.344293 0.359929 0.240521
v -0.340710 0.369744 0.258530
v -0.318130 0.346721 0.224735
v -0.324852 0.369744 0.258530
v -0.347432 0.346721 0.224735
v -0.350009 0.330626 0.211781
v -0.361521 0.346721 0.229009
v -0.355362 0.359929 0.243879
v -0.366575 0.330626 0.216806
v -0.370331 0.312264 0.207739
v -0.381843 0.330626 0.224967
v -0.351924 0.312264 0.202155
v -0.353103 0.292340 0.196227
v -0.332781 0.312264 0.200269
v -0.372644 0.292340 0.202155
v -0.332781 0.330626 0.210084
v -0.350009 0.330626 0.211781
v -0.315553 0.330626 0.211781
v -0.315553 0.330626 0.211781
v -0.347433 0.346721 0.224735
v -0.313638 0.312264 0.202155
v -0.318130 0.346721 0.224735
v -0.304041 0.346721 0.229009
v -0.298987 0.330626 0.216806
v -0.295231 0.312264 0.207739
v -0.283719 0.330626 0.224967
v -0.278266 0.312264 0.216806
v -0.291057 0.346721 0.235949
v -0.299999 0.359929 0.249331
v -0.279677 0.346721 0.245289
v -0.291057 0.359929 0.256670
v -0.304041 0.369744 0.269653
v -0.283719 0.359929 0.265611
v -0.298987 0.369744 0.275813
v -0.270337 0.346721 0.256669
v -0.259355 0.330626 0.249331
v -0.263397 0.346721 0.269653
v -0.270337 0.330626 0.235949
v -0.278266 0.359929 0.275813
v -0.295231 0.369744 0.282839
v -0.274908 0.359929 0.286882
v -0.292918 0.369744 0.290464
v -0.312459 0.375788 0.294351
v -0.292137 0.369744 0.298393
v -0.273775 0.359929 0.298393
v -0.257680 0.346721 0.298393
v -0.274908 0.359929 0.309905
v -0.292918 0.369744 0.306323
v -0.312459 0.375788 0.302436
v -0.295231 0.369744 0.313947
v -0.278266 0.359929 0.320974
v -0.263397 0.346721 0.327133
v -0.283719 0.359929 0.331176
v -0.298987 0.369744 0.320974
v -0.315553 0.375788 0.309905
v -0.304041 0.369744 0.327133
v -0.291057 0.359929 0.340117
v -0.279677 0.346721 0.351498
v -0.299999 0.359929 0.347455
v -0.270337 0.346721 0.340117
v -0.291057 0.346721 0.360837
v -0.283719 0.330626 0.371820
v -0.304041 0.346721 0.367777
v -0.270337 0.330626 0.360837
v -0.298987 0.330626 0.379980
v -0.295231 0.312264 0.389048
v -0.315553 0.330626 0.385006
v -0.278266 0.312264 0.379980
v -0.313638 0.312264 0.394632
v -0.312459 0.292340 0.400560
v -0.332781 0.312264 0.396517
v -0.292918 0.292340 0.394632
v -0.292137 0.271620 0.396517
v -0.274908 0.292340 0.385006
v -0.273775 0.271620 0.386703
v -0.274908 0.250900 0.385006
v -0.257680 0.271620 0.373494
v -0.292918 0.250900 0.394632
v -0.295231 0.230976 0.389048
v -0.312459 0.250900 0.400560
v -0.313638 0.230976 0.394632
v -0.315553 0.212613 0.385006
v -0.332781 0.230976 0.396517
v -0.298987 0.212613 0.379980
v -0.304041 0.196519 0.367777
v -0.283719 0.212613 0.371820
v -0.278266 0.230976 0.379980
v -0.291057 0.196519 0.360837
v -0.299999 0.183311 0.347455
v -0.279677 0.196519 0.351498
v -0.270337 0.212613 0.360837
v -0.291057 0.183311 0.340117
v -0.304041 0.173496 0.327133
v -0.283719 0.183311 0.331176
v -0.270337 0.196519 0.340117
v -0.298987 0.173496 0.320974
v -0.315553 0.167452 0.309905
v -0.295231 0.173496 0.313947
v -0.278266 0.183311 0.320974
v -0.263397 0.196519 0.327133
v -0.274908 0.183311 0.309905
v -0.292918 0.173496 0.306323
v -0.312459 0.167452 0.302436
v -0.292137 0.173496 0.298393
v -0.273775 0.183311 0.298393
v -0.257680 0.196519 0.298393
v -0.274908 0.183311 0.286882
v -0.292918 0.173496 0.290464
v -0.312459 0.167452 0.294351
v -0.295231 0.173496 0.282839
v -0.278266 0.183311 0.275813
v -0.263397 0.196519 0.269653
v -0.283719 0.183311 0.265611
v -0.270337 0.196519 0.256669
v -0.298987 0.173496 0.275813
v -0.315553 0.167452 0.286882
v -0.304041 0.173496 0.269653
v -0.291057 0.183311 0.256670
v -0.279677 0.196519 0.245289
v -0.299999 0.183311 0.249331
v -0.291057 0.196519 0.235949
v -0.283719 0.212613 0.224967
v -0.304041 0.196519 0.229009
v -0.298987 0.212613 0.216806
v -0.295231 0.230976 0.207739
v -0.315553 0.212613 0.211781
v -0.318130 0.196519 0.224735
v -0.278266 0.230976 0.216806
v -0.274908 0.250900 0.211781
v -0.263397 0.230976 0.229009
v -0.292918 0.250900 0.202155
v -0.292137 0.271620 0.200269
v -0.312459 0.250900 0.196227
v -0.273775 0.271620 0.210084
v -0.274908 0.292340 0.211781
v -0.257680 0.271620 0.223292
v -0.292918 0.292340 0.202155
v -0.312459 0.292340 0.196227
v -0.313638 0.312264 0.202155
v -0.312061 0.271620 0.194225
v -0.332781 0.292340 0.194225
v -0.332781 0.271620 0.192185
v -0.353103 0.292340 0.196227
v -0.312459 0.292340 0.196227
v -0.351924 0.312264 0.202155
v -0.353501 0.271620 0.194225
v -0.312061 0.271620 0.194225
v -0.353501 0.271620 0.194225
v -0.353103 0.250900 0.196227
v -0.373425 0.271620 0.200269
v -0.332781 0.250900 0.194225
v -0.353103 0.250900 0.196227
v -0.332781 0.230976 0.200269
v -0.312459 0.250900 0.196227
v -0.351924 0.230976 0.202155
v -0.313638 0.230976 0.202155
v -0.350009 0.212613 0.211781
v -0.370331 0.230976 0.207739
v -0.372644 0.250900 0.202155
v -0.366576 0.212613 0.216806
v -0.387296 0.230976 0.216806
v -0.390654 0.250900 0.211781
v -0.381843 0.212613 0.224967
v -0.402165 0.230976 0.229009
v -0.406439 0.250900 0.224735
v -0.395225 0.212613 0.235949
v -0.414368 0.230976 0.243878
v -0.419394 0.250900 0.240521
v -0.406208 0.212613 0.249331
v -0.423436 0.230976 0.260843
v -0.429020 0.250900 0.258530
v -0.414368 0.212613 0.264599
v -0.429020 0.230976 0.279250
v -0.434947 0.250900 0.278071
v -0.419394 0.212613 0.281165
v -0.430905 0.230976 0.298393
v -0.436949 0.250900 0.298393
v -0.421090 0.212613 0.298393
v -0.429020 0.230976 0.317536
v -0.434947 0.250900 0.318715
v -0.419394 0.212613 0.315622
v -0.423436 0.230976 0.335944
v -0.429020 0.250900 0.338257
v -0.414368 0.212613 0.332188
v -0.414368 0.230976 0.352908
v -0.419394 0.250900 0.356266
v -0.406207 0.212613 0.347455
v -0.402165 0.230976 0.367777
v -0.406439 0.250900 0.372051
v -0.395225 0.212613 0.360837
v -0.387296 0.230976 0.379980
v -0.381843 0.212613 0.371820
v -0.374505 0.196519 0.360837
v -0.366576 0.212613 0.379980
v -0.370331 0.230976 0.389048
v -0.361521 0.196519 0.367777
v -0.350009 0.212613 0.385006
v -0.351924 0.230976 0.394632
v -0.353103 0.250900 0.400560
v -0.372644 0.250900 0.394632
v -0.373425 0.271620 0.396517
v -0.390654 0.250900 0.385006
v -0.391787 0.271620 0.386703
v -0.390654 0.292340 0.385006
v -0.407882 0.271620 0.373494
v -0.372644 0.292340 0.394632
v -0.370331 0.312264 0.389048
v -0.353103 0.292340 0.400560
v -0.387296 0.312264 0.379980
v -0.351924 0.312264 0.394632
v -0.350009 0.330626 0.385006
v -0.366576 0.330626 0.379980
v -0.361521 0.346721 0.367777
v -0.381843 0.330626 0.371820
v -0.374505 0.346721 0.360837
v -0.365563 0.359929 0.347455
v -0.385885 0.346721 0.351498
v -0.374505 0.359929 0.340117
v -0.395225 0.330626 0.360837
v -0.402165 0.312264 0.367777
v -0.406207 0.330626 0.347455
v -0.395225 0.346721 0.340117
v -0.414368 0.312264 0.352908
v -0.414368 0.330626 0.332188
v -0.402165 0.346721 0.327133
v -0.423436 0.312264 0.335944
v -0.419394 0.330626 0.315622
v -0.406439 0.346721 0.313045
v -0.390654 0.359929 0.309905
v -0.407882 0.346721 0.298393
v -0.421090 0.330626 0.298393
v -0.430905 0.312264 0.298393
v -0.419394 0.330626 0.281165
v -0.406439 0.346721 0.283742
v -0.429020 0.312264 0.317536
v -0.434947 0.292340 0.318715
v -0.436949 0.292340 0.298393
v -0.438990 0.271620 0.298393
v -0.434947 0.292340 0.278071
v -0.436949 0.271620 0.277673
v -0.430905 0.271620 0.257749
v -0.429020 0.292340 0.258530
v -0.421090 0.271620 0.239387
v -0.419394 0.292340 0.240521
v -0.407882 0.271620 0.223292
v -0.406439 0.292340 0.224735
v -0.402165 0.312264 0.229009
v -0.390654 0.292340 0.211781
v -0.414368 0.312264 0.243878
v -0.406208 0.330626 0.249331
v -0.423436 0.312264 0.260843
v -0.395225 0.330626 0.235949
v -0.385885 0.346721 0.245289
v -0.381843 0.330626 0.224967
v -0.395225 0.346721 0.256669
v -0.381843 0.359929 0.265611
v -0.402165 0.346721 0.269653
v -0.374505 0.359929 0.256670
v -0.387296 0.359929 0.275813
v -0.370331 0.369744 0.282839
v -0.390654 0.359929 0.286882
v -0.366576 0.369744 0.275813
v -0.372644 0.369744 0.290464
v -0.353103 0.375788 0.294351
v -0.373425 0.369744 0.298393
v -0.391787 0.359929 0.298393
v -0.372644 0.369744 0.306323
v -0.353103 0.375788 0.302436
v -0.370331 0.369744 0.313947
v -0.387296 0.359929 0.320974
v -0.381843 0.359929 0.331176
v -0.366576 0.369744 0.320974
v -0.350009 0.375788 0.309905
v -0.361521 0.369744 0.327133
v -0.347432 0.375788 0.313045
v -0.355362 0.369744 0.332188
v -0.344293 0.375788 0.315622
v -0.340710 0.375788 0.317536
v -0.332781 0.377829 0.298393
v -0.351924 0.375788 0.290464
v -0.332781 0.375788 0.277673
v -0.336823 0.375788 0.278071
v -0.340710 0.375788 0.279250
v -0.344293 0.375788 0.281165
v -0.347432 0.375788 0.283742
v -0.350009 0.375788 0.286882
v -0.353501 0.375788 0.298393
v -0.351924 0.375788 0.306323
v -0.336823 0.375788 0.318715
v -0.332781 0.375788 0.319114
v -0.328739 0.375788 0.318715
v -0.324852 0.375788 0.317536
v -0.321269 0.375788 0.315622
v -0.318130 0.375788 0.313045
v -0.315553 0.375788 0.309905
v -0.313638 0.375788 0.306323
v -0.312459 0.375788 0.302436
v -0.312061 0.375788 0.298393
v -0.312459 0.375788 0.294351
v -0.313638 0.375788 0.290464
v -0.315553 0.375788 0.286882
v -0.318130 0.375788 0.283742
v -0.321269 0.375788 0.281165
v -0.324852 0.375788 0.279250
v -0.328739 0.375788 0.278071
v -0.313638 0.375788 0.290464
v -0.328739 0.375788 0.278071
v -0.324852 0.375788 0.279250
v -0.321269 0.375788 0.281165
v -0.318130 0.375788 0.283742
v -0.315553 0.375788 0.286882
v -0.312061 0.375788 0.298393
v -0.313638 0.375788 0.306323
v -0.318130 0.375788 0.313045
v -0.321269 0.375788 0.315622
v -0.324852 0.375788 0.317536
v -0.328739 0.375788 0.318715
v -0.336823 0.375788 0.318715
v -0.340710 0.375788 0.317536
v -0.344293 0.375788 0.315622
v -0.347432 0.375788 0.313045
v -0.350009 0.375788 0.309905
v -0.351924 0.375788 0.306323
v -0.353103 0.375788 0.302436
v -0.353501 0.375788 0.298393
v -0.353103 0.375788 0.294351
v -0.351924 0.375788 0.290464
v -0.350009 0.375788 0.286882
v -0.347432 0.375788 0.283742
v -0.344293 0.375788 0.281165
v -0.340710 0.375788 0.279250
v -0.336823 0.375788 0.278071
v -0.340710 0.369744 0.258530
v -0.348335 0.369744 0.260843
v -0.355362 0.369744 0.264599
v -0.365563 0.359929 0.249331
v -0.374505 0.346721 0.235949
v -0.374505 0.359929 0.256670
v -0.361521 0.369744 0.269653
v -0.366576 0.369744 0.275813
v -0.381843 0.359929 0.265611
v -0.395225 0.346721 0.256670
v -0.387296 0.359929 0.275813
v -0.402165 0.346721 0.269653
v -0.385885 0.346721 0.245289
v -0.395225 0.330626 0.235949
v -0.406207 0.330626 0.249331
v -0.414368 0.312264 0.243879
v -0.414368 0.330626 0.264599
v -0.402165 0.312264 0.229009
v -0.406439 0.292340 0.224735
v -0.387296 0.312264 0.216806
v -0.419393 0.292340 0.240521
v -0.421090 0.271620 0.239387
v -0.429020 0.292340 0.258530
v -0.430905 0.271620 0.257749
v -0.429020 0.250900 0.258530
v -0.436949 0.271620 0.277673
v -0.419393 0.250900 0.240521
v -0.414368 0.230976 0.243879
v -0.406439 0.250900 0.224735
v -0.402165 0.230976 0.229009
v -0.395225 0.212613 0.235949
v -0.387296 0.230976 0.216806
v -0.406207 0.212613 0.249331
v -0.395225 0.196519 0.256670
v -0.414368 0.212613 0.264599
v -0.385885 0.196519 0.245289
v -0.374505 0.183311 0.256670
v -0.374505 0.196519 0.235949
v -0.381843 0.183311 0.265611
v -0.366576 0.173496 0.275813
v -0.387296 0.183311 0.275813
v -0.402165 0.196519 0.269653
v -0.361521 0.173496 0.269653
v -0.347432 0.167452 0.283742
v -0.355362 0.173496 0.264599
v -0.350009 0.167452 0.286882
v -0.365563 0.183311 0.249331
v -0.355362 0.183311 0.243879
v -0.361521 0.196519 0.229009
v -0.348335 0.173496 0.260843
v -0.340710 0.167452 0.279250
v -0.340710 0.173496 0.258530
v -0.344293 0.183311 0.240521
v -0.336823 0.167452 0.278071
v -0.332781 0.173496 0.257749
v -0.332781 0.183311 0.239387
v -0.332781 0.167452 0.277673
v -0.324852 0.173496 0.258530
v -0.340710 0.173496 0.258530
v -0.324852 0.173496 0.258530
v -0.336823 0.167452 0.278071
v -0.321269 0.183311 0.240521
v -0.328739 0.167452 0.278071
v -0.328739 0.167452 0.278071
v -0.324852 0.167452 0.279250
v -0.332781 0.165411 0.298393
v -0.318130 0.167452 0.313045
v -0.340710 0.167452 0.279250
v -0.344293 0.167452 0.281165
v -0.347432 0.167452 0.283742
v -0.350009 0.167452 0.286882
v -0.351924 0.167452 0.290464
v -0.353103 0.167452 0.294351
v -0.353501 0.167452 0.298393
v -0.353103 0.167452 0.302436
v -0.351924 0.167452 0.306323
v -0.350009 0.167452 0.309905
v -0.347432 0.167452 0.313045
v -0.344293 0.167452 0.315622
v -0.340710 0.167452 0.317536
v -0.336823 0.167452 0.318715
v -0.332781 0.167452 0.319114
v -0.328739 0.167452 0.318715
v -0.324852 0.167452 0.317536
v -0.321269 0.167452 0.315622
v -0.315553 0.167452 0.309905
v -0.313638 0.167452 0.306323
v -0.312459 0.167452 0.302436
v -0.312061 0.167452 0.298393
v -0.312459 0.167452 0.294351
v -0.313638 0.167452 0.290464
v -0.315553 0.167452 0.286882
v -0.318130 0.167452 0.283742
v -0.321269 0.167452 0.281165
v -0.324852 0.167452 0.279250
v -0.347432 0.167452 0.313045
v -0.321269 0.167452 0.281165
v -0.318130 0.167452 0.283742
v -0.313638 0.167452 0.290464
v -0.312061 0.167452 0.298393
v -0.313638 0.167452 0.306323
v -0.318130 0.167452 0.313045
v -0.321269 0.167452 0.315622
v -0.324852 0.167452 0.317536
v -0.328739 0.167452 0.318715
v -0.336823 0.167452 0.318715
v -0.340710 0.167452 0.317536
v -0.344293 0.167452 0.315622
v -0.350009 0.167452 0.309905
v -0.351924 0.167452 0.306323
v -0.353103 0.167452 0.302436
v -0.353501 0.167452 0.298393
v -0.353103 0.167452 0.294351
v -0.351924 0.167452 0.290464
v -0.344293 0.167452 0.281165
v -0.370331 0.173496 0.282839
v -0.372644 0.173496 0.290464
v -0.390654 0.183311 0.286882
v -0.373425 0.173496 0.298393
v -0.391787 0.183311 0.298393
v -0.407882 0.196519 0.298393
v -0.390654 0.183311 0.309905
v -0.406439 0.196519 0.283742
v -0.419393 0.212613 0.281165
v -0.429020 0.230976 0.279250
v -0.421090 0.212613 0.298393
v -0.423436 0.230976 0.260843
v -0.434947 0.250900 0.278071
v -0.436949 0.250900 0.298393
v -0.438990 0.271620 0.298393
v -0.436949 0.292340 0.298393
v -0.436949 0.271620 0.319114
v -0.434947 0.292340 0.278071
v -0.429020 0.312264 0.279250
v -0.423436 0.312264 0.260843
v -0.419393 0.330626 0.281165
v -0.406439 0.346721 0.283742
v -0.421090 0.330626 0.298393
v -0.407882 0.346721 0.298393
v -0.391787 0.359929 0.298393
v -0.406439 0.346721 0.313045
v -0.390654 0.359929 0.309905
v -0.419393 0.330626 0.315622
v -0.429020 0.312264 0.317536
v -0.414368 0.330626 0.332188
v -0.430905 0.312264 0.298393
v -0.434947 0.292340 0.318715
v -0.429020 0.292340 0.338257
v -0.430905 0.271620 0.339038
v -0.429020 0.250900 0.338257
v -0.421090 0.271620 0.357400
v -0.434947 0.250900 0.318715
v -0.429020 0.230976 0.317536
v -0.430905 0.230976 0.298393
v -0.419393 0.212613 0.315622
v -0.406439 0.196519 0.313045
v -0.414368 0.212613 0.332188
v -0.423436 0.230976 0.335944
v -0.402165 0.196519 0.327133
v -0.406207 0.212613 0.347455
v -0.414368 0.230976 0.352908
v -0.395225 0.196519 0.340117
v -0.395225 0.212613 0.360837
v -0.402165 0.230976 0.367777
v -0.385885 0.196519 0.351498
v -0.381843 0.212613 0.371820
v -0.387296 0.230976 0.379980
v -0.374505 0.196519 0.360837
v -0.366576 0.212613 0.379980
v -0.370331 0.230976 0.389048
v -0.361521 0.196519 0.367777
v -0.350009 0.212613 0.385006
v -0.351924 0.230976 0.394632
v -0.347432 0.196519 0.372051
v -0.332781 0.212613 0.386703
v -0.332781 0.196519 0.373494
v -0.315553 0.212613 0.385006
v -0.347432 0.196519 0.372051
v -0.313638 0.230976 0.394632
v -0.318130 0.196519 0.372051
v -0.318130 0.196519 0.372051
v -0.321269 0.183311 0.356266
v -0.310200 0.183311 0.352908
v -0.317227 0.173496 0.335944
v -0.324852 0.173496 0.338257
v -0.332781 0.173496 0.339038
v -0.332781 0.183311 0.357400
v -0.340710 0.173496 0.338257
v -0.324852 0.173496 0.338257
v -0.340710 0.173496 0.338257
v -0.344293 0.183311 0.356266
v -0.355362 0.183311 0.352908
v -0.348335 0.173496 0.335944
v -0.365563 0.183311 0.347455
v -0.355362 0.173496 0.332188
v -0.374505 0.183311 0.340117
v -0.361521 0.173496 0.327133
v -0.366576 0.173496 0.320974
v -0.381843 0.183311 0.331176
v -0.370331 0.173496 0.313947
v -0.387296 0.183311 0.320974
v -0.402165 0.196519 0.327133
v -0.390654 0.183311 0.309905
v -0.372644 0.173496 0.306323
v -0.373425 0.173496 0.298393
v -0.391787 0.183311 0.298393
v -0.407882 0.196519 0.298393
v -0.390654 0.183311 0.286882
v -0.372644 0.173496 0.290464
v -0.370331 0.173496 0.282839
v -0.387296 0.183311 0.275813
v -0.402165 0.196519 0.269653
v -0.381843 0.183311 0.265611
v -0.395225 0.196519 0.256669
v -0.366576 0.173496 0.275813
v -0.361521 0.173496 0.269653
v -0.374505 0.183311 0.256670
v -0.385885 0.196519 0.245289
v -0.365563 0.183311 0.249331
v -0.374505 0.196519 0.235949
v -0.361521 0.196519 0.229009
v -0.355362 0.183311 0.243879
v -0.347433 0.196519 0.224735
v -0.344293 0.183311 0.240521
v -0.332781 0.196519 0.223292
v -0.318130 0.196519 0.224735
v -0.332781 0.212613 0.210084
v -0.347432 0.196519 0.224735
v -0.315553 0.212613 0.211781
v -0.321269 0.183311 0.240521
v -0.350009 0.212613 0.211781
v -0.351924 0.230976 0.202155
v -0.366575 0.212613 0.216806
v -0.370331 0.230976 0.207739
v -0.381843 0.212613 0.224967
v -0.372644 0.250900 0.202155
v -0.390654 0.250900 0.211781
v -0.391787 0.271620 0.210084
v -0.407882 0.271620 0.223292
v -0.390654 0.292340 0.211781
v -0.310200 0.183311 0.243879
v -0.317227 0.173496 0.260843
v -0.310200 0.173496 0.264599
v -0.313638 0.230976 0.202155
v -0.298987 0.212613 0.216806
v -0.295231 0.230976 0.207739
v -0.304041 0.196519 0.229009
v -0.283719 0.212613 0.224967
v -0.278266 0.230976 0.216806
v -0.291057 0.196519 0.235949
v -0.270337 0.212613 0.235949
v -0.263397 0.230976 0.229009
v -0.279677 0.196519 0.245289
v -0.259355 0.212613 0.249331
v -0.251194 0.230976 0.243879
v -0.270337 0.196519 0.256670
v -0.251194 0.212613 0.264599
v -0.242126 0.230976 0.260843
v -0.263397 0.196519 0.269653
v -0.246169 0.212613 0.281165
v -0.236542 0.230976 0.279250
v -0.259123 0.196519 0.283742
v -0.244472 0.212613 0.298393
v -0.257680 0.196519 0.298393
v -0.273775 0.183311 0.298393
v -0.259123 0.196519 0.313045
v -0.246169 0.212613 0.315622
v -0.274908 0.183311 0.309905
v -0.292918 0.173496 0.306323
v -0.278266 0.183311 0.320974
v -0.295231 0.173496 0.313947
v -0.292137 0.173496 0.298393
v -0.292918 0.173496 0.290464
v -0.274908 0.183311 0.286882
v -0.295231 0.173496 0.282839
v -0.278266 0.183311 0.275813
v -0.298987 0.173496 0.275813
v -0.283719 0.183311 0.265611
v -0.304041 0.173496 0.269653
v -0.291057 0.183311 0.256670
v -0.310200 0.173496 0.264599
v -0.299999 0.183311 0.249331
v -0.310200 0.183311 0.243879
v -0.317227 0.173496 0.260843
v -0.298987 0.173496 0.320974
v -0.283719 0.183311 0.331175
v -0.270337 0.196519 0.340117
v -0.291057 0.183311 0.340117
v -0.263397 0.196519 0.327133
v -0.251194 0.212613 0.332188
v -0.259355 0.212613 0.347455
v -0.251194 0.230976 0.352908
v -0.270337 0.212613 0.360837
v -0.242126 0.230976 0.335944
v -0.236542 0.250900 0.338257
v -0.236542 0.230976 0.317536
v -0.246169 0.250900 0.356266
v -0.244472 0.271620 0.357400
v -0.259123 0.250900 0.372051
v -0.257680 0.271620 0.373494
v -0.259123 0.292340 0.372051
v -0.273775 0.271620 0.386703
v -0.246169 0.292340 0.356266
v -0.251194 0.312264 0.352908
v -0.236542 0.292340 0.338257
v -0.242126 0.312264 0.335944
v -0.251194 0.330626 0.332188
v -0.236542 0.312264 0.317536
v -0.259355 0.330626 0.347455
v -0.270337 0.346721 0.340117
v -0.270337 0.330626 0.360837
v -0.279677 0.346721 0.351498
v -0.263397 0.346721 0.327133
v -0.278266 0.359929 0.320974
v -0.259123 0.346721 0.313045
v -0.283719 0.359929 0.331175
v -0.298987 0.369744 0.320974
v -0.291057 0.359929 0.340117
v -0.295231 0.369744 0.313947
v -0.292918 0.369744 0.306323
v -0.274908 0.359929 0.309905
v -0.273775 0.359929 0.298393
v -0.292137 0.369744 0.298393
v -0.257680 0.346721 0.298393
v -0.244472 0.330626 0.298393
v -0.259123 0.346721 0.283742
v -0.246169 0.330626 0.315622
v -0.246169 0.330626 0.281165
v -0.236542 0.312264 0.279250
v -0.251194 0.330626 0.264599
v -0.263397 0.346721 0.269653
v -0.242126 0.312264 0.260843
v -0.236542 0.292340 0.258530
v -0.251194 0.312264 0.243879
v -0.230615 0.292340 0.278071
v -0.228613 0.271620 0.277673
v -0.228613 0.292340 0.298393
v -0.226572 0.271620 0.298393
v -0.228613 0.250900 0.298393
v -0.228613 0.271620 0.319114
v -0.230615 0.250900 0.278071
v -0.236542 0.250900 0.258530
v -0.234657 0.271620 0.257749
v -0.246169 0.250900 0.240521
v -0.244472 0.271620 0.239387
v -0.259123 0.250900 0.224735
v -0.257680 0.271620 0.223292
v -0.274908 0.250900 0.211781
v -0.273775 0.271620 0.210084
v -0.292918 0.250900 0.202155
v -0.292137 0.271620 0.200269
v -0.292918 0.292340 0.202155
v -0.295231 0.312264 0.207739
v -0.274908 0.292340 0.211781
v -0.278266 0.312264 0.216806
v -0.259123 0.292340 0.224735
v -0.263397 0.312264 0.229009
v -0.246169 0.292340 0.240521
v -0.270337 0.330626 0.235949
v -0.259355 0.330626 0.249331
v -0.270337 0.346721 0.256670
v -0.279677 0.346721 0.245289
v -0.291057 0.359929 0.256670
v -0.291057 0.346721 0.235949
v -0.283719 0.359929 0.265611
v -0.298987 0.369744 0.275813
v -0.278266 0.359929 0.275813
v -0.304041 0.369744 0.269653
v -0.310200 0.369744 0.264599
v -0.299999 0.359929 0.249331
v -0.310200 0.359929 0.243879
v -0.317227 0.369744 0.260843
v -0.304041 0.346721 0.229009
v -0.298987 0.330626 0.216806
v -0.283719 0.330626 0.224967
v -0.324852 0.369744 0.258530
v -0.295231 0.369744 0.282839
v -0.274908 0.359929 0.286882
v -0.292918 0.369744 0.290464
v -0.230615 0.292340 0.318715
v -0.230615 0.250900 0.318715
v -0.234657 0.271620 0.339038
v -0.234657 0.230976 0.298393
v -0.234657 0.312264 0.298393
v -0.304041 0.369744 0.327133
v -0.299999 0.359929 0.347455
v -0.310200 0.369744 0.332188
v -0.291057 0.346721 0.360837
v -0.310200 0.359929 0.352908
v -0.317227 0.369744 0.335944
v -0.304041 0.346721 0.367777
v -0.298987 0.330626 0.379980
v -0.318130 0.346721 0.372051
v -0.321269 0.359929 0.356266
v -0.315553 0.330626 0.385006
v -0.313638 0.312264 0.394632
v -0.332781 0.330626 0.386703
v -0.295231 0.312264 0.389048
v -0.292918 0.292340 0.394632
v -0.278266 0.312264 0.379980
v -0.312459 0.292340 0.400560
v -0.312061 0.271620 0.402561
v -0.332781 0.292340 0.402561
v -0.332781 0.271620 0.404602
v -0.332781 0.250900 0.402561
v -0.353501 0.271620 0.402561
v -0.312061 0.271620 0.402561
v -0.353501 0.271620 0.402561
v -0.312459 0.250900 0.400560
v -0.353103 0.292340 0.400560
v -0.353103 0.250900 0.400560
v -0.372644 0.250900 0.394632
v -0.373425 0.271620 0.396517
v -0.390654 0.250900 0.385006
v -0.391787 0.271620 0.386703
v -0.406439 0.250900 0.372051
v -0.407882 0.271620 0.373494
v -0.419394 0.250900 0.356266
v -0.406439 0.292340 0.372051
v -0.419394 0.292340 0.356266
v -0.414368 0.312264 0.352908
v -0.423436 0.312264 0.335944
v -0.406207 0.330626 0.347455
v -0.395225 0.346721 0.340117
v -0.395225 0.330626 0.360837
v -0.385885 0.346721 0.351498
v -0.402165 0.346721 0.327133
v -0.387296 0.359929 0.320974
v -0.381843 0.359929 0.331175
v -0.366576 0.369744 0.320974
v -0.374505 0.359929 0.340117
v -0.370331 0.369744 0.313947
v -0.372644 0.369744 0.306323
v -0.373425 0.369744 0.298393
v -0.372644 0.369744 0.290464
v -0.390654 0.359929 0.286882
v -0.370331 0.369744 0.282839
v -0.361521 0.369744 0.327133
v -0.365563 0.359929 0.347455
v -0.355362 0.369744 0.332188
v -0.374505 0.346721 0.360837
v -0.355362 0.359929 0.352908
v -0.348335 0.369744 0.335944
v -0.361521 0.346721 0.367777
v -0.366576 0.330626 0.379980
v -0.347432 0.346721 0.372051
v -0.344293 0.359929 0.356266
v -0.350009 0.330626 0.385006
v -0.351924 0.312264 0.394632
v -0.370331 0.312264 0.389048
v -0.372644 0.292340 0.394632
v -0.387296 0.312264 0.379980
v -0.381843 0.330626 0.371820
v -0.390654 0.292340 0.385006
v -0.402165 0.312264 0.367777
v -0.340710 0.369744 0.338257
v -0.332781 0.359929 0.357400
v -0.332781 0.369744 0.339038
v -0.332781 0.346721 0.373494
v -0.344293 0.359929 0.356266
v -0.321269 0.359929 0.356266
v -0.324852 0.369744 0.338257
v -0.324852 0.369744 0.338257
v -0.318130 0.346721 0.372051
v -0.310200 0.359929 0.352908
v -0.317227 0.369744 0.335944
v -0.310200 0.369744 0.332188
v -0.340710 0.369744 0.338257
v -0.347432 0.346721 0.372051
v -0.355362 0.359929 0.352908
v -0.348335 0.369744 0.335944
v -0.292918 0.250900 0.394632
v -0.295231 0.230976 0.389048
v -0.298987 0.212613 0.379980
v -0.278266 0.230976 0.379980
v -0.274908 0.250900 0.385006
v -0.283719 0.212613 0.371820
v -0.263397 0.230976 0.367777
v -0.291057 0.196519 0.360837
v -0.279677 0.196519 0.351498
v -0.299999 0.183311 0.347455
v -0.304041 0.196519 0.367777
v -0.310200 0.183311 0.352908
v -0.321269 0.183311 0.356266
v -0.317227 0.173496 0.335944
v -0.310200 0.173496 0.332188
v -0.304041 0.173496 0.327133
v -0.292137 0.271620 0.396517
v -0.274908 0.292340 0.385006
v -0.263397 0.312264 0.367777
v -0.283719 0.330626 0.371820
v -0.348335 0.173496 0.260843
v -0.355362 0.173496 0.264599
v -0.406439 0.196519 0.283742
v -0.406439 0.196519 0.313045
v -0.395225 0.196519 0.340117
v -0.385885 0.196519 0.351498
v -0.344293 0.183311 0.356266
v -0.348335 0.173496 0.335944
v -0.355362 0.183311 0.352908
v -0.365563 0.183311 0.347455
v -0.355362 0.173496 0.332188
v -0.374505 0.183311 0.340117
v -0.361521 0.173496 0.327133
v -0.366576 0.173496 0.320974
v -0.381843 0.183311 0.331175
v -0.370331 0.173496 0.313947
v -0.387296 0.183311 0.320974
v -0.372644 0.173496 0.306323
v -0.310200 0.173496 0.332188
v -0.310200 0.369744 0.264599
v -0.317227 0.369744 0.260843
v -0.310200 0.359929 0.243879
v -0.361521 0.369744 0.269653
v -0.355362 0.369744 0.264599
v -0.365563 0.359929 0.249331
v -0.374505 0.346721 0.235949
v -0.355362 0.359929 0.243879
v -0.348335 0.369744 0.260843
v -0.361521 0.346721 0.229009
v -0.366576 0.330626 0.216806
v -0.370331 0.312264 0.207739
v -0.387296 0.312264 0.216806
v -0.372644 0.292340 0.202155
v -0.373425 0.271620 0.200269
v -0.391787 0.271620 0.210084
v -0.414368 0.330626 0.264599
v -0.429020 0.312264 0.279250
v -0.436949 0.271620 0.319114
v -0.430905 0.271620 0.339038
v -0.429020 0.292340 0.338257
v -0.419394 0.292340 0.356266
v -0.421090 0.271620 0.357400
v -0.406439 0.292340 0.372051
v -0.259123 0.292340 0.224735
v -0.259123 0.250900 0.224735
v -0.244472 0.271620 0.239387
v -0.246169 0.292340 0.240521
v -0.246169 0.250900 0.240521
v -0.234657 0.271620 0.257749
v -0.236542 0.292340 0.258530
v -0.236542 0.250900 0.258530
v -0.242126 0.230976 0.260843
v -0.230615 0.250900 0.278071
v -0.236542 0.230976 0.279250
v -0.246169 0.212613 0.281165
v -0.234657 0.230976 0.298393
v -0.251194 0.212613 0.264599
v -0.259355 0.212613 0.249331
v -0.251194 0.230976 0.243878
v -0.270337 0.212613 0.235949
v -0.228613 0.250900 0.298393
v -0.244472 0.212613 0.298393
v -0.236542 0.230976 0.317536
v -0.230615 0.250900 0.318715
v -0.246169 0.212613 0.315622
v -0.242126 0.230976 0.335944
v -0.236542 0.250900 0.338257
v -0.251194 0.212613 0.332188
v -0.251194 0.230976 0.352908
v -0.246169 0.250900 0.356266
v -0.259355 0.212613 0.347455
v -0.263397 0.230976 0.367777
v -0.259123 0.250900 0.372051
v -0.244472 0.271620 0.357400
v -0.246169 0.292340 0.356266
v -0.234657 0.271620 0.339038
v -0.259123 0.292340 0.372051
v -0.263397 0.312264 0.367777
v -0.251194 0.312264 0.352908
v -0.259355 0.330626 0.347455
v -0.251194 0.330626 0.332188
v -0.242126 0.312264 0.335944
v -0.246169 0.330626 0.315622
v -0.259123 0.346721 0.313045
v -0.244472 0.330626 0.298393
v -0.234657 0.312264 0.298393
v -0.246169 0.330626 0.281165
v -0.259123 0.346721 0.283742
v -0.236542 0.312264 0.317536
v -0.230615 0.292340 0.318715
v -0.228613 0.292340 0.298393
v -0.226572 0.271620 0.298393
v -0.230615 0.292340 0.278071
v -0.228613 0.271620 0.277673
v -0.236542 0.312264 0.279250
v -0.242126 0.312264 0.260843
v -0.251194 0.330626 0.264599
v -0.251194 0.312264 0.243878
v -0.263397 0.312264 0.229009
v -0.228613 0.271620 0.319114
v -0.236542 0.292340 0.338257
v -0.259123 0.196519 0.313045
v -0.259123 0.196519 0.283742
v 0.000000 0.832790 -0.744809
v 0.099417 0.832790 -0.736705
v 0.000000 0.915341 -0.613555
v 0.000000 0.721695 -0.859854
v -0.099416 0.832790 -0.736704
v -0.068479 0.915341 -0.607973
v -0.126533 0.721695 -0.849539
v -0.195013 0.832790 -0.712702
v -0.134327 0.915341 -0.591440
v -0.248204 0.721695 -0.818990
v -0.283115 0.832790 -0.673726
v -0.195013 0.915341 -0.564592
v -0.360337 0.721695 -0.769382
v -0.360336 0.832790 -0.621272
v -0.248204 0.915341 -0.528461
v -0.458622 0.721695 -0.702621
v -0.423711 0.832790 -0.557356
v -0.291857 0.915341 -0.484435
v -0.539282 0.721695 -0.621272
v -0.470802 0.832790 -0.484435
v -0.324294 0.915341 -0.434207
v -0.599218 0.721695 -0.528461
v -0.499801 0.832790 -0.405312
v -0.344269 0.915341 -0.379705
v -0.636127 0.721695 -0.427756
v -0.509593 0.832790 -0.323026
v -0.351014 0.915341 -0.323026
v -0.648589 0.721695 -0.323026
v -0.499801 0.832790 -0.240740
v -0.344269 0.915341 -0.266347
v -0.636127 0.721695 -0.218296
v -0.470803 0.832790 -0.161617
v -0.324295 0.915341 -0.211845
v -0.599218 0.721695 -0.117591
v -0.423711 0.832790 -0.088696
v -0.291857 0.915341 -0.161617
v -0.539282 0.721695 -0.024780
v -0.360337 0.832790 -0.024781
v -0.248204 0.915341 -0.117591
v -0.458622 0.721695 0.056569
v -0.283115 0.832790 0.027674
v -0.195013 0.915341 -0.081460
v -0.360337 0.721695 0.123330
v -0.195013 0.832790 0.066651
v -0.134327 0.915341 -0.054612
v -0.248204 0.721695 0.172938
v -0.099417 0.832790 0.090652
v -0.068479 0.915341 -0.038079
v -0.126533 0.721695 0.203487
v -0.000000 0.832790 0.098757
v 0.000000 0.915341 -0.032497
v 0.000000 0.721695 0.213802
v 0.099417 0.832790 0.090653
v 0.068479 0.915341 -0.038079
v 0.126534 0.721695 0.203487
v 0.195013 0.832790 0.066651
v 0.134327 0.915341 -0.054612
v 0.248204 0.721695 0.172938
v 0.283115 0.832790 0.027674
v 0.195013 0.915341 -0.081460
v 0.360337 0.721695 0.123330
v 0.360337 0.832790 -0.024780
v 0.248204 0.915341 -0.117591
v 0.458622 0.721695 0.056569
v 0.423711 0.832790 -0.088696
v 0.291858 0.915341 -0.161617
v 0.539282 0.721695 -0.024780
v 0.470803 0.832790 -0.161617
v 0.324295 0.915341 -0.211845
v 0.599218 0.721695 -0.117591
v 0.499802 0.832790 -0.240740
v 0.344269 0.915341 -0.266347
v 0.636127 0.721695 -0.218296
v 0.509593 0.832790 -0.323026
v 0.351014 0.915341 -0.323026
v 0.648589 0.721695 -0.323026
v 0.499802 0.832790 -0.405312
v 0.344269 0.915341 -0.379705
v 0.636127 0.721695 -0.427756
v 0.470803 0.832790 -0.484435
v 0.324295 0.915341 -0.434207
v 0.599219 0.721695 -0.528461
v 0.423712 0.832790 -0.557356
v 0.291858 0.915341 -0.484435
v 0.539282 0.721695 -0.621272
v 0.360337 0.832790 -0.621272
v 0.248205 0.915341 -0.528461
v 0.458622 0.721695 -0.702621
v 0.283115 0.832790 -0.673726
v 0.195013 0.915341 -0.564592
v 0.360337 0.721695 -0.769382
v 0.195013 0.832790 -0.712703
v 0.134327 0.915341 -0.591440
v 0.248205 0.721695 -0.818991
v 0.291858 0.586326 -0.906218
v 0.126534 0.721695 -0.849539
v 0.148788 0.586326 -0.942140
v 0.165324 0.431885 -1.010948
v 0.000000 0.586326 -0.954269
v 0.000000 0.431885 -1.024425
v -0.148787 0.586326 -0.942139
v -0.165324 0.431885 -1.010948
v -0.291857 0.586326 -0.906218
v -0.324294 0.431885 -0.971035
v -0.423711 0.586326 -0.847885
v -0.470803 0.431885 -0.906218
v -0.539282 0.586326 -0.769382
v -0.599218 0.431885 -0.818990
v -0.634129 0.586326 -0.673726
v -0.704606 0.431885 -0.712703
v -0.704606 0.586326 -0.564592
v -0.782916 0.431885 -0.591440
v -0.748006 0.586326 -0.446176
v -0.831140 0.431885 -0.459862
v -0.762660 0.586326 -0.323026
v -0.847423 0.431885 -0.323026
v -0.748006 0.586326 -0.199877
v -0.831140 0.431885 -0.186190
v -0.704606 0.586326 -0.081460
v -0.782916 0.431885 -0.054612
v -0.634129 0.586326 0.027674
v -0.704606 0.431885 0.066651
v -0.539282 0.586326 0.123330
v -0.599218 0.431885 0.172938
v -0.423711 0.586326 0.201833
v -0.470803 0.431885 0.260166
v -0.291857 0.586326 0.260166
v -0.324295 0.431885 0.324983
v -0.148788 0.586326 0.296088
v -0.165324 0.431885 0.364896
v -0.000000 0.586326 0.308217
v 0.000000 0.431885 0.378374
v 0.148788 0.586326 0.296088
v 0.165324 0.431885 0.364896
v 0.291857 0.586326 0.260166
v 0.324295 0.431885 0.324983
v 0.423711 0.586326 0.201833
v 0.470803 0.431885 0.260166
v 0.539282 0.586326 0.123330
v 0.599218 0.431885 0.172938
v 0.634129 0.586326 0.027674
v 0.704606 0.431885 0.066651
v 0.704606 0.586326 -0.081460
v 0.782917 0.431885 -0.054612
v 0.748006 0.586326 -0.199877
v 0.831140 0.431885 -0.186190
v 0.762660 0.586326 -0.323026
v 0.847423 0.431885 -0.323026
v 0.748006 0.586326 -0.446175
v 0.831140 0.431885 -0.459862
v 0.704606 0.586326 -0.564592
v 0.782917 0.431885 -0.591440
v 0.634129 0.586326 -0.673726
v 0.704606 0.431885 -0.712703
v 0.539282 0.586326 -0.769382
v 0.599218 0.431885 -0.818991
v 0.423712 0.586326 -0.847885
v 0.470803 0.431885 -0.906218
v 0.499802 0.264306 -0.942140
v 0.324295 0.431885 -0.971035
v 0.344270 0.264306 -1.010948
v 0.351014 0.090030 -1.024426
v 0.175507 0.264306 -1.053321
v 0.178946 0.090030 -1.067628
v 0.000000 0.264306 -1.067628
v 0.000000 0.090030 -1.082216
v -0.175507 0.264306 -1.053320
v -0.178945 0.090030 -1.067627
v -0.344269 0.264306 -1.010948
v -0.351013 0.090030 -1.024425
v -0.499801 0.264306 -0.942140
v -0.509593 0.090030 -0.954269
v -0.636126 0.264306 -0.849539
v -0.648588 0.090030 -0.859854
v -0.748006 0.264306 -0.736705
v -0.762659 0.090030 -0.744809
v -0.831140 0.264306 -0.607973
v -0.847422 0.090030 -0.613555
v -0.882333 0.264306 -0.468291
v -0.899619 0.090030 -0.471137
v -0.899619 0.264306 -0.323026
v -0.917243 0.090030 -0.323026
v -0.882333 0.264306 -0.177762
v -0.899619 0.090030 -0.174916
v -0.831140 0.264306 -0.038079
v -0.847422 0.090030 -0.032497
v -0.748006 0.264306 0.090652
v -0.762660 0.090030 0.098757
v -0.636127 0.264306 0.203487
v -0.648589 0.090030 0.213802
v -0.499802 0.264306 0.296088
v -0.509593 0.090030 0.308216
v -0.344269 0.264306 0.364896
v -0.351014 0.090030 0.378373
v -0.175507 0.264306 0.407268
v -0.178946 0.090030 0.421575
v -0.000000 0.264306 0.421576
v -0.000000 0.090030 0.436163
v 0.175507 0.264306 0.407268
v 0.178945 0.090030 0.421576
v 0.344269 0.264306 0.364896
v 0.351014 0.090030 0.378373
v 0.499802 0.264306 0.296088
v 0.509593 0.090030 0.308217
v 0.636127 0.264306 0.203487
v 0.648589 0.090030 0.213802
v 0.748006 0.264306 0.090653
v 0.762660 0.090030 0.098757
v 0.831140 0.264306 -0.038079
v 0.847423 0.090030 -0.032497
v 0.882333 0.264306 -0.177761
v 0.899619 0.090030 -0.174915
v 0.899619 0.264306 -0.323026
v 0.917244 0.090030 -0.323026
v 0.882334 0.264306 -0.468291
v 0.899619 0.090030 -0.471136
v 0.831140 0.264306 -0.607973
v 0.847423 0.090030 -0.613555
v 0.748006 0.264306 -0.736705
v 0.762661 0.090030 -0.744809
v 0.636127 0.264306 -0.849539
v 0.648590 0.090030 -0.859854
v 0.636127 -0.084246 -0.849539
v 0.509594 0.090030 -0.954269
v 0.499802 -0.084246 -0.942140
v 0.470803 -0.251825 -0.906218
v 0.344270 -0.084246 -1.010948
v 0.324295 -0.251825 -0.971035
v 0.175507 -0.084246 -1.053321
v 0.165324 -0.251825 -1.010948
v 0.000000 -0.084246 -1.067628
v 0.000000 -0.251825 -1.024425
v -0.175507 -0.084246 -1.053320
v -0.165324 -0.251825 -1.010948
v -0.344269 -0.084246 -1.010948
v -0.324294 -0.251825 -0.971035
v -0.499801 -0.084246 -0.942140
v -0.470803 -0.251825 -0.906218
v -0.636126 -0.084246 -0.849539
v -0.599218 -0.251825 -0.818990
v -0.748006 -0.084246 -0.736705
v -0.704606 -0.251825 -0.712703
v -0.831140 -0.084246 -0.607973
v -0.782916 -0.251825 -0.591440
v -0.882333 -0.084246 -0.468291
v -0.831140 -0.251825 -0.459862
v -0.899619 -0.084246 -0.323026
v -0.847423 -0.251825 -0.323026
v -0.882333 -0.084246 -0.177762
v -0.831140 -0.251825 -0.186190
v -0.831140 -0.084246 -0.038079
v -0.782916 -0.251825 -0.054612
v -0.748006 -0.084246 0.090652
v -0.704606 -0.251825 0.066651
v -0.636127 -0.084246 0.203487
v -0.599218 -0.251825 0.172938
v -0.499802 -0.084246 0.296088
v -0.470803 -0.251825 0.260166
v -0.344269 -0.084246 0.364896
v -0.324295 -0.251825 0.324983
v -0.175507 -0.084246 0.407268
v -0.165324 -0.251825 0.364896
v -0.000000 -0.084246 0.421576
v 0.000000 -0.251825 0.378374
v 0.175507 -0.084246 0.407268
v 0.165324 -0.251825 0.364896
v 0.344269 -0.084246 0.364896
v 0.324295 -0.251825 0.324983
v 0.499802 -0.084246 0.296088
v 0.470803 -0.251825 0.260166
v 0.636127 -0.084246 0.203487
v 0.599218 -0.251825 0.172938
v 0.748006 -0.084246 0.090653
v 0.704606 -0.251825 0.066651
v 0.831140 -0.084246 -0.038079
v 0.782917 -0.251825 -0.054612
v 0.882333 -0.084246 -0.177761
v 0.831140 -0.251825 -0.186190
v 0.899619 -0.084246 -0.323026
v 0.847423 -0.251825 -0.323026
v 0.882334 -0.084246 -0.468291
v 0.831140 -0.251825 -0.459862
v 0.831140 -0.084246 -0.607973
v 0.782917 -0.251825 -0.591440
v 0.748006 -0.084246 -0.736705
v 0.704606 -0.251825 -0.712703
v 0.634129 -0.406267 -0.673726
v 0.599218 -0.251825 -0.818991
v 0.539282 -0.406267 -0.769382
v 0.458622 -0.541636 -0.702621
v 0.423712 -0.406267 -0.847885
v 0.360337 -0.541636 -0.769382
v 0.291858 -0.406267 -0.906218
v 0.248205 -0.541636 -0.818991
v 0.148788 -0.406267 -0.942140
v 0.126534 -0.541636 -0.849539
v 0.000000 -0.406267 -0.954269
v 0.000000 -0.541636 -0.859854
v -0.148787 -0.406267 -0.942139
v -0.126533 -0.541636 -0.849539
v -0.291857 -0.406267 -0.906218
v -0.248204 -0.541636 -0.818990
v -0.423711 -0.406267 -0.847885
v -0.360337 -0.541636 -0.769382
v -0.539282 -0.406267 -0.769382
v -0.458622 -0.541636 -0.702621
v -0.634129 -0.406267 -0.673726
v -0.539282 -0.541636 -0.621272
v -0.704606 -0.406267 -0.564592
v -0.599218 -0.541636 -0.528461
v -0.748006 -0.406267 -0.446176
v -0.636127 -0.541636 -0.427756
v -0.762660 -0.406267 -0.323026
v -0.648589 -0.541636 -0.323026
v -0.748006 -0.406267 -0.199877
v -0.636127 -0.541636 -0.218296
v -0.704606 -0.406267 -0.081460
v -0.599218 -0.541636 -0.117591
v -0.634129 -0.406267 0.027674
v -0.539282 -0.541636 -0.024780
v -0.539282 -0.406267 0.123330
v -0.458622 -0.541636 0.056569
v -0.423711 -0.406267 0.201833
v -0.360337 -0.541636 0.123330
v -0.291857 -0.406267 0.260166
v -0.248204 -0.541636 0.172938
v -0.148788 -0.406267 0.296088
v -0.126533 -0.541636 0.203487
v -0.000000 -0.406267 0.308217
v 0.000000 -0.541636 0.213802
v 0.148788 -0.406267 0.296088
v 0.126534 -0.541636 0.203487
v 0.291857 -0.406267 0.260166
v 0.248204 -0.541636 0.172938
v 0.423711 -0.406267 0.201833
v 0.360337 -0.541636 0.123330
v 0.539282 -0.406267 0.123330
v 0.458622 -0.541636 0.056569
v 0.634129 -0.406267 0.027674
v 0.539282 -0.541636 -0.024780
v 0.704606 -0.406267 -0.081460
v 0.599218 -0.541636 -0.117591
v 0.748006 -0.406267 -0.199877
v 0.636127 -0.541636 -0.218296
v 0.762660 -0.406267 -0.323026
v 0.648589 -0.541636 -0.323026
v 0.748006 -0.406267 -0.446175
v 0.636127 -0.541636 -0.427756
v 0.704606 -0.406267 -0.564592
v 0.599219 -0.541636 -0.528461
v 0.470803 -0.652731 -0.484435
v 0.539282 -0.541636 -0.621272
v 0.423712 -0.652731 -0.557356
v 0.291858 -0.735281 -0.484435
v 0.360337 -0.652731 -0.621272
v 0.248205 -0.735281 -0.528461
v 0.283115 -0.652731 -0.673726
v 0.195013 -0.735281 -0.564592
v 0.195013 -0.652731 -0.712703
v 0.134327 -0.735281 -0.591440
v 0.099417 -0.652731 -0.736705
v 0.068480 -0.735281 -0.607973
v 0.000000 -0.652731 -0.744809
v 0.000000 -0.735281 -0.613555
v -0.099416 -0.652731 -0.736704
v -0.068479 -0.735281 -0.607973
v -0.195013 -0.652731 -0.712702
v -0.134327 -0.735281 -0.591440
v -0.283115 -0.652731 -0.673726
v -0.195013 -0.735281 -0.564592
v -0.360336 -0.652731 -0.621272
v -0.248204 -0.735281 -0.528461
v -0.423711 -0.652731 -0.557356
v -0.291857 -0.735281 -0.484435
v -0.470802 -0.652731 -0.484435
v -0.324294 -0.735281 -0.434207
v -0.499801 -0.652731 -0.405312
v -0.344269 -0.735281 -0.379705
v -0.509593 -0.652731 -0.323026
v -0.351014 -0.735281 -0.323026
v -0.499801 -0.652731 -0.240740
v -0.344269 -0.735281 -0.266347
v -0.470803 -0.652731 -0.161617
v -0.324295 -0.735281 -0.211845
v -0.423711 -0.652731 -0.088696
v -0.291857 -0.735281 -0.161617
v -0.360337 -0.652731 -0.024781
v -0.248204 -0.735281 -0.117591
v -0.283115 -0.652731 0.027674
v -0.195013 -0.735281 -0.081460
v -0.195013 -0.652731 0.066651
v -0.134327 -0.735281 -0.054612
v -0.099417 -0.652731 0.090652
v -0.068479 -0.735281 -0.038079
v -0.000000 -0.652731 0.098757
v 0.000000 -0.735281 -0.032497
v 0.099417 -0.652731 0.090653
v 0.068479 -0.735281 -0.038079
v 0.195013 -0.652731 0.066651
v 0.134327 -0.735281 -0.054612
v 0.283115 -0.652731 0.027674
v 0.195013 -0.735281 -0.081460
v 0.360337 -0.652731 -0.024780
v 0.248204 -0.735281 -0.117591
v 0.423711 -0.652731 -0.088696
v 0.291858 -0.735281 -0.161617
v 0.470803 -0.652731 -0.161617
v 0.324295 -0.735281 -0.211845
v 0.499802 -0.652731 -0.240740
v 0.344269 -0.735281 -0.266347
v 0.509593 -0.652731 -0.323026
v 0.351014 -0.735281 -0.323026
v 0.499802 -0.652731 -0.405312
v 0.344269 -0.735281 -0.379705
v 0.175507 -0.786116 -0.351921
v 0.324295 -0.735281 -0.434207
v 0.165324 -0.786116 -0.379705
v 0.148788 -0.786116 -0.405312
v 0.000000 -0.803281 -0.323026
v -0.126533 -0.786116 -0.218296
v 0.000000 -0.786116 -0.471136
v 0.034911 -0.786116 -0.468291
v 0.068480 -0.786116 -0.459862
v 0.099417 -0.786116 -0.446175
v 0.126534 -0.786116 -0.427756
v 0.178945 -0.786116 -0.323026
v 0.175507 -0.786116 -0.294131
v 0.165324 -0.786116 -0.266347
v 0.148788 -0.786116 -0.240740
v 0.126534 -0.786116 -0.218296
v 0.099417 -0.786116 -0.199877
v 0.068479 -0.786116 -0.186190
v 0.034911 -0.786116 -0.177761
v 0.000000 -0.786116 -0.174916
v -0.034910 -0.786116 -0.177761
v -0.068479 -0.786116 -0.186190
v -0.099417 -0.786116 -0.199877
v -0.148787 -0.786116 -0.240740
v -0.165324 -0.786116 -0.266347
v -0.175507 -0.786116 -0.294131
v -0.178945 -0.786116 -0.323026
v -0.175507 -0.786116 -0.351921
v -0.165324 -0.786116 -0.379705
v -0.148787 -0.786116 -0.405312
v -0.126533 -0.786116 -0.427756
v -0.099417 -0.786116 -0.446175
v -0.068479 -0.786116 -0.459862
v -0.034910 -0.786116 -0.468291
v 0.068480 0.966175 -0.459862
v 0.068480 0.915341 -0.607973
v 0.034911 0.966175 -0.468291
v 0.000000 0.983340 -0.323026
v 0.000000 0.966175 -0.471136
v -0.034910 0.966175 -0.468291
v -0.068479 0.966175 -0.459862
v -0.099417 0.966175 -0.446175
v -0.126533 0.966175 -0.427756
v -0.148787 0.966175 -0.405312
v -0.165324 0.966175 -0.379705
v -0.175507 0.966175 -0.351921
v -0.178945 0.966175 -0.323026
v -0.175507 0.966175 -0.294131
v -0.165324 0.966175 -0.266347
v -0.148787 0.966175 -0.240740
v -0.126533 0.966175 -0.218296
v -0.099417 0.966175 -0.199877
v -0.068479 0.966175 -0.186190
v -0.034910 0.966175 -0.177761
v 0.000000 0.966175 -0.174916
v 0.034911 0.966175 -0.177761
v 0.068479 0.966175 -0.186190
v 0.099417 0.966175 -0.199877
v 0.126534 0.966175 -0.218296
v 0.148788 0.966175 -0.240740
v 0.165324 0.966175 -0.266347
v 0.175507 0.966175 -0.294131
v 0.178945 0.966175 -0.323026
v 0.175507 0.966175 -0.351921
v 0.165324 0.966175 -0.379705
v 0.148788 0.966175 -0.405312
v 0.126534 0.966175 -0.427756
v 0.099417 0.966175 -0.446175
v 0.999619 -0.422374 -0.432741
v 1.021396 -0.412939 -0.430819
v 0.667899 0.343339 -0.432741
v 0.977843 -0.431808 -0.430819
v 0.956903 -0.440879 -0.425129
v 0.646122 0.333905 -0.430819
v 0.625182 0.324834 -0.425129
v 0.605884 0.316473 -0.415888
v 0.588969 0.309146 -0.403452
v 0.937605 -0.449239 -0.415888
v 0.920690 -0.456567 -0.403452
v 0.906808 -0.462581 -0.388298
v 0.896493 -0.467050 -0.371009
v 0.575087 0.303132 -0.388298
v 0.564772 0.298663 -0.371009
v 0.558420 0.295911 -0.352250
v 0.556275 0.294982 -0.332741
v 0.890141 -0.469802 -0.352250
v 0.887996 -0.470731 -0.332741
v 0.890141 -0.469802 -0.313232
v 0.896493 -0.467050 -0.294473
v 0.558420 0.295911 -0.313232
v 0.564772 0.298663 -0.294473
v 0.575087 0.303132 -0.277184
v 0.588969 0.309146 -0.262030
v 0.906808 -0.462581 -0.277184
v 0.920690 -0.456567 -0.262030
v 0.937605 -0.449239 -0.249594
v 0.956903 -0.440879 -0.240353
v 0.605884 0.316473 -0.249594
v 0.625182 0.324834 -0.240353
v 0.646122 0.333905 -0.234662
v 0.667899 0.343339 -0.232741
v 0.977843 -0.431808 -0.234662
v 0.999619 -0.422374 -0.232741
v 1.021396 -0.412939 -0.234662
v 1.042336 -0.403868 -0.240353
v 0.689675 0.352773 -0.234662
v 0.710615 0.361845 -0.240353
v 0.729913 0.370205 -0.249594
v 0.746828 0.377533 -0.262030
v 1.061634 -0.395508 -0.249594
v 1.078549 -0.388180 -0.262030
v 1.092431 -0.382166 -0.277184
v 1.102746 -0.377697 -0.294473
v 0.760710 0.383547 -0.277184
v 0.771025 0.388016 -0.294473
v 0.777377 0.390768 -0.313232
v 0.779522 0.391697 -0.332741
v 1.109098 -0.374945 -0.313232
v 1.111243 -0.374016 -0.332741
v 1.109098 -0.374945 -0.352250
v 1.102746 -0.377697 -0.371009
v 0.777377 0.390768 -0.352250
v 0.771025 0.388016 -0.371009
v 0.760710 0.383547 -0.388298
v 0.746828 0.377533 -0.403452
v 1.092431 -0.382166 -0.388298
v 1.078549 -0.388180 -0.403452
v 1.061634 -0.395508 -0.415888
v 1.042336 -0.403868 -0.425129
v 0.729913 0.370205 -0.415888
v 0.710615 0.361845 -0.425129
v 0.689675 0.352773 -0.430819
v -0.999619 -0.422373 -0.432741
v -1.021396 -0.412939 -0.430819
v -0.667899 0.343339 -0.432741
v -0.977843 -0.431808 -0.430819
v -0.956903 -0.440879 -0.425129
v -0.646122 0.333905 -0.430819
v -0.625182 0.324834 -0.425129
v -0.605884 0.316474 -0.415888
v -0.588969 0.309146 -0.403452
v -0.937604 -0.449239 -0.415888
v -0.920689 -0.456567 -0.403452
v -0.906808 -0.462581 -0.388298
v -0.896492 -0.467050 -0.371009
v -0.575087 0.303132 -0.388298
v -0.564772 0.298663 -0.371009
v -0.558420 0.295911 -0.352250
v -0.556275 0.294982 -0.332741
v -0.890140 -0.469802 -0.352250
v -0.887996 -0.470731 -0.332741
v -0.890140 -0.469802 -0.313232
v -0.896492 -0.467050 -0.294473
v -0.558420 0.295911 -0.313232
v -0.564772 0.298663 -0.294473
v -0.575087 0.303132 -0.277184
v -0.588969 0.309146 -0.262030
v -0.906808 -0.462581 -0.277184
v -0.920689 -0.456567 -0.262030
v -0.937604 -0.449239 -0.249594
v -0.956903 -0.440879 -0.240353
v -0.605884 0.316474 -0.249594
v -0.625182 0.324834 -0.240353
v -0.646122 0.333905 -0.234662
v -0.667899 0.343339 -0.232741
v -0.977843 -0.431808 -0.234662
v -0.999619 -0.422373 -0.232741
v -1.021396 -0.412939 -0.234662
v -1.042336 -0.403868 -0.240353
v -0.689675 0.352774 -0.234662
v -0.710615 0.361845 -0.240353
v -0.729914 0.370205 -0.249594
v -0.746828 0.377533 -0.262030
v -1.061634 -0.395508 -0.249594
v -1.078549 -0.388180 -0.262030
v -1.092431 -0.382166 -0.277184
v -1.102746 -0.377697 -0.294473
v -0.760710 0.383547 -0.277184
v -0.771026 0.388016 -0.294473
v -0.777378 0.390768 -0.313232
v -0.779522 0.391697 -0.332741
v -1.109098 -0.374945 -0.313232
v -1.111243 -0.374016 -0.332741
v -1.109098 -0.374945 -0.352250
v -1.102746 -0.377697 -0.371009
v -0.777378 0.390768 -0.352250
v -0.771026 0.388016 -0.371009
v -0.760710 0.383547 -0.388298
v -0.746828 0.377533 -0.403452
v -1.092431 -0.382166 -0.388298
v -1.078549 -0.388180 -0.403452
v -1.061634 -0.395508 -0.415888
v -1.042336 -0.403868 -0.425129
v -0.729914 0.370205 -0.415888
v -0.710615 0.361845 -0.425129
v -0.689675 0.352774 -0.430819
v 1.005847 -0.277040 -0.431120
v 1.026935 -0.277040 -0.429043
v 1.005847 -0.259061 -0.397482
v 1.005847 -0.301237 -0.460604
v 0.984759 -0.277040 -0.429043
v 0.991322 -0.259061 -0.396052
v 0.979007 -0.301237 -0.457960
v 0.964482 -0.277040 -0.422892
v 0.977354 -0.259061 -0.391815
v 0.953199 -0.301237 -0.450131
v 0.945794 -0.277040 -0.412903
v 0.964482 -0.259061 -0.384934
v 0.929413 -0.301237 -0.437418
v 0.929413 -0.277040 -0.399460
v 0.953199 -0.259061 -0.375675
v 0.908565 -0.301237 -0.420308
v 0.915971 -0.277040 -0.383080
v 0.943939 -0.259061 -0.364392
v 0.891456 -0.301237 -0.399460
v 0.905982 -0.277040 -0.364392
v 0.937059 -0.259061 -0.351519
v 0.878742 -0.301237 -0.375675
v 0.899830 -0.277040 -0.344114
v 0.932822 -0.259061 -0.337552
v 0.870913 -0.301237 -0.349866
v 0.897753 -0.277040 -0.323026
v 0.931391 -0.259061 -0.323026
v 0.868270 -0.301237 -0.323026
v 0.899830 -0.277040 -0.301938
v 0.932822 -0.259061 -0.308500
v 0.870913 -0.301237 -0.296186
v 0.905981 -0.277040 -0.281660
v 0.937059 -0.259061 -0.294533
v 0.878742 -0.301237 -0.270377
v 0.915970 -0.277040 -0.262972
v 0.943939 -0.259061 -0.281660
v 0.891456 -0.301237 -0.246592
v 0.929413 -0.277040 -0.246592
v 0.953199 -0.259061 -0.270377
v 0.908565 -0.301237 -0.225744
v 0.945794 -0.277040 -0.233149
v 0.964482 -0.259061 -0.261118
v 0.929413 -0.301237 -0.208634
v 0.964482 -0.277040 -0.223160
v 0.977354 -0.259061 -0.254237
v 0.953199 -0.301237 -0.195921
v 0.984759 -0.277040 -0.217009
v 0.991322 -0.259061 -0.250000
v 0.979007 -0.301237 -0.188092
v 1.005847 -0.277040 -0.214932
v 1.005847 -0.259061 -0.248570
v 1.005847 -0.301237 -0.185448
v 1.026935 -0.277040 -0.217009
v 1.020373 -0.259061 -0.250000
v 1.032687 -0.301237 -0.188092
v 1.047213 -0.277040 -0.223160
v 1.034341 -0.259061 -0.254237
v 1.058496 -0.301237 -0.195921
v 1.065901 -0.277040 -0.233149
v 1.047213 -0.259061 -0.261118
v 1.082281 -0.301237 -0.208634
v 1.082281 -0.277040 -0.246592
v 1.058496 -0.259061 -0.270377
v 1.103129 -0.301237 -0.225744
v 1.095724 -0.277040 -0.262972
v 1.067756 -0.259061 -0.281660
v 1.120239 -0.301237 -0.246592
v 1.105713 -0.277040 -0.281660
v 1.074636 -0.259061 -0.294533
v 1.132952 -0.301237 -0.270377
v 1.111864 -0.277040 -0.301938
v 1.078873 -0.259061 -0.308500
v 1.140781 -0.301237 -0.296186
v 1.113941 -0.277040 -0.323026
v 1.080304 -0.259061 -0.323026
v 1.143425 -0.301237 -0.323026
v 1.111864 -0.277040 -0.344114
v 1.078873 -0.259061 -0.337552
v 1.140782 -0.301237 -0.349866
v 1.105713 -0.277040 -0.364392
v 1.074636 -0.259061 -0.351519
v 1.132953 -0.301237 -0.375675
v 1.095724 -0.277040 -0.383080
v 1.067756 -0.259061 -0.364392
v 1.120239 -0.301237 -0.399460
v 1.082281 -0.277040 -0.399460
v 1.058496 -0.259061 -0.375675
v 1.103129 -0.301237 -0.420308
v 1.065901 -0.277040 -0.412903
v 1.047213 -0.259061 -0.384934
v 1.082281 -0.301237 -0.437418
v 1.047213 -0.277040 -0.422892
v 1.034341 -0.259061 -0.391815
v 1.058496 -0.301237 -0.450131
v 1.067756 -0.330721 -0.472486
v 1.032687 -0.301237 -0.457960
v 1.037408 -0.330721 -0.481692
v 1.040916 -0.364358 -0.499326
v 1.005847 -0.330721 -0.484800
v 1.005847 -0.364358 -0.502780
v 0.974287 -0.330721 -0.481692
v 0.970779 -0.364358 -0.499326
v 0.943939 -0.330721 -0.472486
v 0.937059 -0.364358 -0.489097
v 0.915971 -0.330721 -0.457536
v 0.905981 -0.364358 -0.472486
v 0.891456 -0.330721 -0.437418
v 0.878742 -0.364358 -0.450131
v 0.871337 -0.330721 -0.412903
v 0.856387 -0.364358 -0.422892
v 0.856388 -0.330721 -0.384934
v 0.839776 -0.364358 -0.391815
v 0.847182 -0.330721 -0.354587
v 0.829547 -0.364358 -0.358094
v 0.844073 -0.330721 -0.323026
v 0.826093 -0.364358 -0.323026
v 0.847182 -0.330721 -0.291465
v 0.829547 -0.364358 -0.287958
v 0.856387 -0.330721 -0.261118
v 0.839776 -0.364358 -0.254237
v 0.871337 -0.330721 -0.233149
v 0.856387 -0.364358 -0.223160
v 0.891456 -0.330721 -0.208634
v 0.878742 -0.364358 -0.195921
v 0.915970 -0.330721 -0.188516
v 0.905981 -0.364358 -0.173566
v 0.943939 -0.330721 -0.173566
v 0.937059 -0.364358 -0.156955
v 0.974287 -0.330721 -0.164360
v 0.970779 -0.364358 -0.146726
v 1.005847 -0.330721 -0.161252
v 1.005847 -0.364358 -0.143272
v 1.037408 -0.330721 -0.164360
v 1.040916 -0.364358 -0.146726
v 1.067756 -0.330721 -0.173566
v 1.074636 -0.364358 -0.156955
v 1.095724 -0.330721 -0.188516
v 1.105713 -0.364358 -0.173566
v 1.120239 -0.330721 -0.208634
v 1.132952 -0.364358 -0.195921
v 1.140358 -0.330721 -0.233149
v 1.155307 -0.364358 -0.223160
v 1.155307 -0.330721 -0.261118
v 1.171918 -0.364358 -0.254237
v 1.164513 -0.330721 -0.291465
v 1.182147 -0.364358 -0.287958
v 1.167622 -0.330721 -0.323026
v 1.185601 -0.364358 -0.323026
v 1.164513 -0.330721 -0.354587
v 1.182147 -0.364358 -0.358094
v 1.155307 -0.330721 -0.384934
v 1.171918 -0.364358 -0.391815
v 1.140358 -0.330721 -0.412903
v 1.155307 -0.364358 -0.422892
v 1.120239 -0.330721 -0.437418
v 1.132952 -0.364358 -0.450131
v 1.095724 -0.330721 -0.457536
v 1.105713 -0.364358 -0.472486
v 1.111864 -0.400857 -0.481692
v 1.074636 -0.364358 -0.489097
v 1.078873 -0.400857 -0.499326
v 1.080304 -0.438815 -0.502780
v 1.043076 -0.400857 -0.510185
v 1.043805 -0.438815 -0.513852
v 1.005847 -0.400857 -0.513852
v 1.005847 -0.438815 -0.517590
v 0.968619 -0.400857 -0.510185
v 0.967890 -0.438815 -0.513852
v 0.932822 -0.400857 -0.499326
v 0.931391 -0.438815 -0.502780
v 0.899830 -0.400857 -0.481692
v 0.897753 -0.438815 -0.484800
v 0.870913 -0.400857 -0.457960
v 0.868270 -0.438815 -0.460604
v 0.847182 -0.400857 -0.429043
v 0.844073 -0.438815 -0.431120
v 0.829548 -0.400857 -0.396052
v 0.826094 -0.438815 -0.397483
v 0.818688 -0.400857 -0.360254
v 0.815022 -0.438815 -0.360984
v 0.815022 -0.400857 -0.323026
v 0.811283 -0.438815 -0.323026
v 0.818688 -0.400857 -0.285798
v 0.815022 -0.438815 -0.285069
v 0.829547 -0.400857 -0.250000
v 0.826094 -0.438815 -0.248570
v 0.847182 -0.400857 -0.217009
v 0.844073 -0.438815 -0.214932
v 0.870913 -0.400857 -0.188092
v 0.868270 -0.438815 -0.185448
v 0.899830 -0.400857 -0.164360
v 0.897753 -0.438815 -0.161252
v 0.932822 -0.400857 -0.146726
v 0.931391 -0.438815 -0.143272
v 0.968619 -0.400857 -0.135867
v 0.967890 -0.438815 -0.132200
v 1.005847 -0.400857 -0.132200
v 1.005847 -0.438815 -0.128462
v 1.043076 -0.400857 -0.135867
v 1.043805 -0.438815 -0.132200
v 1.078873 -0.400857 -0.146726
v 1.080304 -0.438815 -0.143272
v 1.111864 -0.400857 -0.164360
v 1.113941 -0.438815 -0.161252
v 1.140781 -0.400857 -0.188092
v 1.143425 -0.438815 -0.185448
v 1.164513 -0.400857 -0.217009
v 1.167621 -0.438815 -0.214932
v 1.182147 -0.400857 -0.250000
v 1.185601 -0.438815 -0.248569
v 1.193006 -0.400857 -0.285798
v 1.196673 -0.438815 -0.285068
v 1.196673 -0.400857 -0.323026
v 1.200412 -0.438815 -0.323026
v 1.193006 -0.400857 -0.360254
v 1.196673 -0.438815 -0.360984
v 1.182147 -0.400857 -0.396052
v 1.185601 -0.438815 -0.397482
v 1.164513 -0.400857 -0.429043
v 1.167622 -0.438815 -0.431120
v 1.140782 -0.400857 -0.457960
v 1.143425 -0.438815 -0.460604
v 1.140782 -0.476772 -0.457960
v 1.113941 -0.438815 -0.484800
v 1.111864 -0.476772 -0.481692
v 1.105713 -0.513271 -0.472486
v 1.078873 -0.476772 -0.499326
v 1.074636 -0.513271 -0.489097
v 1.043076 -0.476772 -0.510185
v 1.040916 -0.513271 -0.499326
v 1.005847 -0.476772 -0.513852
v 1.005847 -0.513271 -0.502780
v 0.968619 -0.476772 -0.510185
v 0.970779 -0.513271 -0.499326
v 0.932822 -0.476772 -0.499326
v 0.937059 -0.513271 -0.489097
v 0.899830 -0.476772 -0.481692
v 0.905981 -0.513271 -0.472486
v 0.870913 -0.476772 -0.457960
v 0.878742 -0.513271 -0.450131
v 0.847182 -0.476772 -0.429043
v 0.856387 -0.513271 -0.422892
v 0.829548 -0.476772 -0.396052
v 0.839776 -0.513271 -0.391815
v 0.818688 -0.476772 -0.360254
v 0.829547 -0.513271 -0.358094
v 0.815022 -0.476772 -0.323026
v 0.826093 -0.513271 -0.323026
v 0.818688 -0.476772 -0.285798
v 0.829547 -0.513271 -0.287958
v 0.829547 -0.476772 -0.250000
v 0.839776 -0.513271 -0.254237
v 0.847182 -0.476772 -0.217009
v 0.856387 -0.513271 -0.223160
v 0.870913 -0.476772 -0.188092
v 0.878742 -0.513271 -0.195921
v 0.899830 -0.476772 -0.164360
v 0.905981 -0.513271 -0.173566
v 0.932822 -0.476772 -0.146726
v 0.937059 -0.513271 -0.156955
v 0.968619 -0.476772 -0.135867
v 0.970779 -0.513271 -0.146726
v 1.005847 -0.476772 -0.132200
v 1.005847 -0.513271 -0.143272
v 1.043076 -0.476772 -0.135867
v 1.040916 -0.513271 -0.146726
v 1.078873 -0.476772 -0.146726
v 1.074636 -0.513271 -0.156955
v 1.111864 -0.476772 -0.164360
v 1.105713 -0.513271 -0.173566
v 1.140781 -0.476772 -0.188092
v 1.132952 -0.513271 -0.195921
v 1.164513 -0.476772 -0.217009
v 1.155307 -0.513271 -0.223160
v 1.182147 -0.476772 -0.250000
v 1.171918 -0.513271 -0.254237
v 1.193006 -0.476772 -0.285798
v 1.182147 -0.513271 -0.287958
v 1.196673 -0.476772 -0.323026
v 1.185601 -0.513271 -0.323026
v 1.193006 -0.476772 -0.360254
v 1.182147 -0.513271 -0.358094
v 1.182147 -0.476772 -0.396052
v 1.171918 -0.513271 -0.391815
v 1.164513 -0.476772 -0.429043
v 1.155307 -0.513271 -0.422892
v 1.140358 -0.546909 -0.412903
v 1.132952 -0.513271 -0.450131
v 1.120239 -0.546909 -0.437418
v 1.103129 -0.576392 -0.420308
v 1.095724 -0.546909 -0.457536
v 1.082281 -0.576392 -0.437418
v 1.067756 -0.546909 -0.472486
v 1.058496 -0.576392 -0.450131
v 1.037408 -0.546909 -0.481692
v 1.032687 -0.576392 -0.457960
v 1.005847 -0.546909 -0.484800
v 1.005847 -0.576392 -0.460604
v 0.974287 -0.546909 -0.481692
v 0.979007 -0.576392 -0.457960
v 0.943939 -0.546909 -0.472486
v 0.953199 -0.576392 -0.450131
v 0.915971 -0.546909 -0.457536
v 0.929413 -0.576392 -0.437418
v 0.891456 -0.546909 -0.437418
v 0.908565 -0.576392 -0.420308
v 0.871337 -0.546909 -0.412903
v 0.891456 -0.576392 -0.399460
v 0.856388 -0.546909 -0.384934
v 0.878742 -0.576392 -0.375675
v 0.847182 -0.546909 -0.354587
v 0.870913 -0.576392 -0.349866
v 0.844073 -0.546909 -0.323026
v 0.868270 -0.576392 -0.323026
v 0.847182 -0.546909 -0.291465
v 0.870913 -0.576392 -0.296186
v 0.856387 -0.546909 -0.261118
v 0.878742 -0.576392 -0.270377
v 0.871337 -0.546909 -0.233149
v 0.891456 -0.576392 -0.246592
v 0.891456 -0.546909 -0.208634
v 0.908565 -0.576392 -0.225744
v 0.915970 -0.546909 -0.188516
v 0.929413 -0.576392 -0.208634
v 0.943939 -0.546909 -0.173566
v 0.953199 -0.576392 -0.195921
v 0.974287 -0.546909 -0.164360
v 0.979007 -0.576392 -0.188092
v 1.005847 -0.546909 -0.161252
v 1.005847 -0.576392 -0.185448
v 1.037408 -0.546909 -0.164360
v 1.032687 -0.576392 -0.188092
v 1.067756 -0.546909 -0.173566
v 1.058496 -0.576392 -0.195921
v 1.095724 -0.546909 -0.188516
v 1.082281 -0.576392 -0.208634
v 1.120239 -0.546909 -0.208634
v 1.103129 -0.576392 -0.225744
v 1.140358 -0.546909 -0.233149
v 1.120239 -0.576392 -0.246592
v 1.155307 -0.546909 -0.261118
v 1.132952 -0.576392 -0.270377
v 1.164513 -0.546909 -0.291465
v 1.140781 -0.576392 -0.296186
v 1.167622 -0.546909 -0.323026
v 1.143425 -0.576392 -0.323026
v 1.164513 -0.546909 -0.354587
v 1.140782 -0.576392 -0.349866
v 1.155307 -0.546909 -0.384934
v 1.132953 -0.576392 -0.375675
v 1.105713 -0.600589 -0.364392
v 1.120239 -0.576392 -0.399460
v 1.095724 -0.600589 -0.383080
v 1.067756 -0.618569 -0.364392
v 1.082281 -0.600589 -0.399460
v 1.058496 -0.618569 -0.375675
v 1.065901 -0.600589 -0.412903
v 1.047213 -0.618569 -0.384934
v 1.047213 -0.600589 -0.422892
v 1.034341 -0.618569 -0.391815
v 1.026935 -0.600589 -0.429043
v 1.020373 -0.618569 -0.396052
v 1.005847 -0.600589 -0.431120
v 1.005847 -0.618569 -0.397482
v 0.984759 -0.600589 -0.429043
v 0.991322 -0.618569 -0.396052
v 0.964482 -0.600589 -0.422892
v 0.977354 -0.618569 -0.391815
v 0.945794 -0.600589 -0.412903
v 0.964482 -0.618569 -0.384934
v 0.929413 -0.600589 -0.399460
v 0.953199 -0.618569 -0.375675
v 0.915971 -0.600589 -0.383080
v 0.943939 -0.618569 -0.364392
v 0.905982 -0.600589 -0.364392
v 0.937059 -0.618569 -0.351519
v 0.899830 -0.600589 -0.344114
v 0.932822 -0.618569 -0.337552
v 0.897753 -0.600589 -0.323026
v 0.931391 -0.618569 -0.323026
v 0.899830 -0.600589 -0.301938
v 0.932822 -0.618569 -0.308500
v 0.905981 -0.600589 -0.281660
v 0.937059 -0.618569 -0.294533
v 0.915970 -0.600589 -0.262972
v 0.943939 -0.618569 -0.281660
v 0.929413 -0.600589 -0.246592
v 0.953199 -0.618569 -0.270377
v 0.945794 -0.600589 -0.233149
v 0.964482 -0.618569 -0.261118
v 0.964482 -0.600589 -0.223160
v 0.977354 -0.618569 -0.254237
v 0.984759 -0.600589 -0.217009
v 0.991322 -0.618569 -0.250000
v 1.005847 -0.600589 -0.214932
v 1.005847 -0.618569 -0.248570
v 1.026935 -0.600589 -0.217009
v 1.020373 -0.618569 -0.250000
v 1.047213 -0.600589 -0.223160
v 1.034341 -0.618569 -0.254237
v 1.065901 -0.600589 -0.233149
v 1.047213 -0.618569 -0.261118
v 1.082281 -0.600589 -0.246592
v 1.058496 -0.618569 -0.270377
v 1.095724 -0.600589 -0.262972
v 1.067756 -0.618569 -0.281660
v 1.105713 -0.600589 -0.281660
v 1.074636 -0.618569 -0.294533
v 1.111864 -0.600589 -0.301938
v 1.078873 -0.618569 -0.308500
v 1.113941 -0.600589 -0.323026
v 1.080304 -0.618569 -0.323026
v 1.111864 -0.600589 -0.344114
v 1.078873 -0.618569 -0.337552
v 1.043076 -0.629640 -0.330431
v 1.074636 -0.618569 -0.351519
v 1.040916 -0.629640 -0.337552
v 1.037408 -0.629640 -0.344114
v 1.005847 -0.633379 -0.323026
v 0.979007 -0.629640 -0.296186
v 1.005847 -0.629640 -0.360984
v 1.013252 -0.629640 -0.360254
v 1.020373 -0.629640 -0.358094
v 1.026935 -0.629640 -0.354587
v 1.032687 -0.629640 -0.349866
v 1.043805 -0.629640 -0.323026
v 1.043076 -0.629640 -0.315621
v 1.040915 -0.629640 -0.308500
v 1.037408 -0.629640 -0.301938
v 1.032687 -0.629640 -0.296186
v 1.026935 -0.629640 -0.291465
v 1.020373 -0.629640 -0.287958
v 1.013252 -0.629640 -0.285798
v 1.005847 -0.629640 -0.285068
v 0.998442 -0.629640 -0.285798
v 0.991322 -0.629640 -0.287958
v 0.984759 -0.629640 -0.291465
v 0.974287 -0.629640 -0.301938
v 0.970779 -0.629640 -0.308500
v 0.968619 -0.629640 -0.315621
v 0.967890 -0.629640 -0.323026
v 0.968619 -0.629640 -0.330431
v 0.970779 -0.629640 -0.337552
v 0.974287 -0.629640 -0.344114
v 0.979007 -0.629640 -0.349866
v 0.984759 -0.629640 -0.354587
v 0.991322 -0.629640 -0.358094
v 0.998442 -0.629640 -0.360254
v 1.020373 -0.247989 -0.358094
v 1.020373 -0.259061 -0.396052
v 1.013252 -0.247989 -0.360254
v 1.005847 -0.244250 -0.323026
v 1.005847 -0.247989 -0.360984
v 0.998442 -0.247989 -0.360254
v 0.991322 -0.247989 -0.358094
v 0.984759 -0.247989 -0.354587
v 0.979007 -0.247989 -0.349866
v 0.974287 -0.247989 -0.344114
v 0.970779 -0.247989 -0.337552
v 0.968619 -0.247989 -0.330431
v 0.967890 -0.247989 -0.323026
v 0.968619 -0.247989 -0.315621
v 0.970779 -0.247989 -0.308500
v 0.974287 -0.247989 -0.301938
v 0.979007 -0.247989 -0.296186
v 0.984759 -0.247989 -0.291465
v 0.991322 -0.247989 -0.287958
v 0.998442 -0.247989 -0.285798
v 1.005847 -0.247989 -0.285068
v 1.013252 -0.247989 -0.285798
v 1.020373 -0.247989 -0.287958
v 1.026935 -0.247989 -0.291465
v 1.032687 -0.247989 -0.296186
v 1.037408 -0.247989 -0.301938
v 1.040915 -0.247989 -0.308500
v 1.043076 -0.247989 -0.315621
v 1.043805 -0.247989 -0.323026
v 1.043076 -0.247989 -0.330431
v 1.040916 -0.247989 -0.337552
v 1.037408 -0.247989 -0.344114
v 1.032687 -0.247989 -0.349866
v 1.026935 -0.247989 -0.354587
v -1.005847 -0.277041 -0.431120
v -1.026936 -0.277041 -0.429043
v -1.005847 -0.259061 -0.397482
v -1.005847 -0.301237 -0.460604
v -0.984759 -0.277041 -0.429043
v -0.991322 -0.259061 -0.396052
v -0.979007 -0.301237 -0.457960
v -0.964482 -0.277041 -0.422892
v -0.977354 -0.259061 -0.391815
v -0.953199 -0.301237 -0.450131
v -0.945794 -0.277041 -0.412903
v -0.964482 -0.259061 -0.384934
v -0.929413 -0.301237 -0.437418
v -0.929413 -0.277041 -0.399460
v -0.953199 -0.259061 -0.375675
v -0.908565 -0.301237 -0.420308
v -0.915971 -0.277041 -0.383080
v -0.943939 -0.259061 -0.364392
v -0.891456 -0.301237 -0.399460
v -0.905981 -0.277041 -0.364392
v -0.937059 -0.259061 -0.351519
v -0.878742 -0.301237 -0.375675
v -0.899830 -0.277041 -0.344114
v -0.932822 -0.259061 -0.337552
v -0.870913 -0.301237 -0.349866
v -0.897753 -0.277041 -0.323026
v -0.931391 -0.259061 -0.323026
v -0.868270 -0.301237 -0.323026
v -0.899830 -0.277041 -0.301938
v -0.932822 -0.259061 -0.308500
v -0.870913 -0.301237 -0.296186
v -0.905981 -0.277041 -0.281660
v -0.937058 -0.259061 -0.294533
v -0.878742 -0.301237 -0.270377
v -0.915971 -0.277041 -0.262972
v -0.943939 -0.259061 -0.281660
v -0.891456 -0.301237 -0.246592
v -0.929413 -0.277041 -0.246592
v -0.953199 -0.259061 -0.270377
v -0.908565 -0.301237 -0.225744
v -0.945794 -0.277041 -0.233149
v -0.964482 -0.259061 -0.261118
v -0.929413 -0.301237 -0.208634
v -0.964482 -0.277041 -0.223160
v -0.977354 -0.259061 -0.254237
v -0.953199 -0.301237 -0.195921
v -0.984759 -0.277041 -0.217009
v -0.991322 -0.259061 -0.250000
v -0.979007 -0.301237 -0.188092
v -1.005847 -0.277041 -0.214932
v -1.005847 -0.259061 -0.248570
v -1.005847 -0.301237 -0.185448
v -1.026936 -0.277041 -0.217009
v -1.020373 -0.259061 -0.250000
v -1.032687 -0.301237 -0.188092
v -1.047213 -0.277041 -0.223160
v -1.034341 -0.259061 -0.254237
v -1.058496 -0.301237 -0.195921
v -1.065901 -0.277041 -0.233149
v -1.047213 -0.259061 -0.261118
v -1.082281 -0.301237 -0.208634
v -1.082281 -0.277041 -0.246592
v -1.058496 -0.259061 -0.270377
v -1.103129 -0.301237 -0.225744
v -1.095724 -0.277041 -0.262972
v -1.067756 -0.259061 -0.281660
v -1.120239 -0.301237 -0.246592
v -1.105713 -0.277041 -0.281660
v -1.074636 -0.259061 -0.294533
v -1.132953 -0.301237 -0.270377
v -1.111865 -0.277041 -0.301938
v -1.078873 -0.259061 -0.308500
v -1.140782 -0.301237 -0.296186
v -1.113942 -0.277041 -0.323026
v -1.080304 -0.259061 -0.323026
v -1.143425 -0.301237 -0.323026
v -1.111865 -0.277041 -0.344114
v -1.078873 -0.259061 -0.337552
v -1.140782 -0.301237 -0.349866
v -1.105713 -0.277041 -0.364392
v -1.074636 -0.259061 -0.351519
v -1.132953 -0.301237 -0.375675
v -1.095724 -0.277041 -0.383080
v -1.067756 -0.259061 -0.364392
v -1.120239 -0.301237 -0.399460
v -1.082281 -0.277041 -0.399460
v -1.058496 -0.259061 -0.375675
v -1.103129 -0.301237 -0.420308
v -1.065901 -0.277041 -0.412903
v -1.047213 -0.259061 -0.384934
v -1.082281 -0.301237 -0.437418
v -1.047213 -0.277041 -0.422892
v -1.034341 -0.259061 -0.391815
v -1.058496 -0.301237 -0.450131
v -1.067756 -0.330721 -0.472486
v -1.032687 -0.301237 -0.457960
v -1.037408 -0.330721 -0.481692
v -1.040915 -0.364358 -0.499326
v -1.005847 -0.330721 -0.484800
v -1.005847 -0.364358 -0.502780
v -0.974287 -0.330721 -0.481692
v -0.970779 -0.364358 -0.499326
v -0.943939 -0.330721 -0.472486
v -0.937059 -0.364358 -0.489097
v -0.915971 -0.330721 -0.457536
v -0.905981 -0.364358 -0.472486
v -0.891456 -0.330721 -0.437418
v -0.878742 -0.364358 -0.450131
v -0.871337 -0.330721 -0.412903
v -0.856388 -0.364358 -0.422892
v -0.856388 -0.330721 -0.384934
v -0.839776 -0.364358 -0.391815
v -0.847182 -0.330721 -0.354587
v -0.829547 -0.364358 -0.358094
v -0.844073 -0.330721 -0.323026
v -0.826093 -0.364358 -0.323026
v -0.847182 -0.330721 -0.291465
v -0.829547 -0.364358 -0.287958
v -0.856388 -0.330721 -0.261118
v -0.839776 -0.364358 -0.254237
v -0.871337 -0.330721 -0.233149
v -0.856387 -0.364358 -0.223160
v -0.891456 -0.330721 -0.208634
v -0.878742 -0.364358 -0.195921
v -0.915971 -0.330721 -0.188516
v -0.905981 -0.364358 -0.173566
v -0.943939 -0.330721 -0.173566
v -0.937059 -0.364358 -0.156955
v -0.974287 -0.330721 -0.164360
v -0.970779 -0.364358 -0.146726
v -1.005847 -0.330721 -0.161252
v -1.005847 -0.364358 -0.143272
v -1.037408 -0.330721 -0.164360
v -1.040915 -0.364358 -0.146726
v -1.067756 -0.330721 -0.173566
v -1.074636 -0.364358 -0.156955
v -1.095724 -0.330721 -0.188516
v -1.105713 -0.364358 -0.173566
v -1.120239 -0.330721 -0.208634
v -1.132953 -0.364358 -0.195921
v -1.140357 -0.330721 -0.233149
v -1.155307 -0.364358 -0.223160
v -1.155307 -0.330721 -0.261118
v -1.171918 -0.364358 -0.254237
v -1.164513 -0.330721 -0.291465
v -1.182148 -0.364358 -0.287958
v -1.167622 -0.330721 -0.323026
v -1.185601 -0.364358 -0.323026
v -1.164513 -0.330721 -0.354587
v -1.182148 -0.364358 -0.358094
v -1.155307 -0.330721 -0.384934
v -1.171918 -0.364358 -0.391815
v -1.140357 -0.330721 -0.412903
v -1.155307 -0.364358 -0.422892
v -1.120239 -0.330721 -0.437418
v -1.132953 -0.364358 -0.450131
v -1.095724 -0.330721 -0.457536
v -1.105713 -0.364358 -0.472486
v -1.111865 -0.400857 -0.481692
v -1.074636 -0.364358 -0.489097
v -1.078873 -0.400857 -0.499326
v -1.080304 -0.438815 -0.502780
v -1.043076 -0.400857 -0.510185
v -1.043805 -0.438815 -0.513852
v -1.005847 -0.400857 -0.513852
v -1.005847 -0.438815 -0.517590
v -0.968619 -0.400857 -0.510185
v -0.967890 -0.438815 -0.513852
v -0.932822 -0.400857 -0.499326
v -0.931391 -0.438815 -0.502780
v -0.899830 -0.400857 -0.481692
v -0.897753 -0.438815 -0.484800
v -0.870913 -0.400857 -0.457960
v -0.868270 -0.438815 -0.460604
v -0.847182 -0.400857 -0.429043
v -0.844073 -0.438815 -0.431120
v -0.829547 -0.400857 -0.396052
v -0.826094 -0.438815 -0.397483
v -0.818689 -0.400857 -0.360254
v -0.815022 -0.438815 -0.360984
v -0.815022 -0.400857 -0.323026
v -0.811283 -0.438815 -0.323026
v -0.818688 -0.400857 -0.285798
v -0.815022 -0.438815 -0.285069
v -0.829547 -0.400857 -0.250000
v -0.826094 -0.438815 -0.248570
v -0.847182 -0.400857 -0.217009
v -0.844073 -0.438815 -0.214932
v -0.870913 -0.400857 -0.188092
v -0.868270 -0.438815 -0.185448
v -0.899830 -0.400857 -0.164360
v -0.897753 -0.438815 -0.161252
v -0.932822 -0.400857 -0.146726
v -0.931391 -0.438815 -0.143272
v -0.968619 -0.400857 -0.135867
v -0.967890 -0.438815 -0.132200
v -1.005847 -0.400857 -0.132200
v -1.005847 -0.438815 -0.128462
v -1.043076 -0.400857 -0.135867
v -1.043805 -0.438815 -0.132200
v -1.078873 -0.400857 -0.146726
v -1.080304 -0.438815 -0.143272
v -1.111865 -0.400857 -0.164360
v -1.113941 -0.438815 -0.161252
v -1.140782 -0.400857 -0.188092
v -1.143425 -0.438815 -0.185448
v -1.164513 -0.400857 -0.217009
v -1.167622 -0.438815 -0.214932
v -1.182147 -0.400857 -0.250000
v -1.185601 -0.438815 -0.248569
v -1.193007 -0.400857 -0.285798
v -1.196673 -0.438815 -0.285068
v -1.196673 -0.400857 -0.323026
v -1.200412 -0.438815 -0.323026
v -1.193007 -0.400857 -0.360254
v -1.196673 -0.438815 -0.360984
v -1.182148 -0.400857 -0.396052
v -1.185601 -0.438815 -0.397482
v -1.164513 -0.400857 -0.429043
v -1.167622 -0.438815 -0.431120
v -1.140782 -0.400857 -0.457960
v -1.143425 -0.438815 -0.460604
v -1.140782 -0.476772 -0.457960
v -1.113942 -0.438815 -0.484800
v -1.111865 -0.476772 -0.481692
v -1.105713 -0.513271 -0.472486
v -1.078873 -0.476772 -0.499326
v -1.074636 -0.513271 -0.489097
v -1.043076 -0.476772 -0.510185
v -1.040915 -0.513271 -0.499326
v -1.005847 -0.476772 -0.513852
v -1.005847 -0.513271 -0.502780
v -0.968619 -0.476772 -0.510185
v -0.970779 -0.513271 -0.499326
v -0.932822 -0.476772 -0.499326
v -0.937059 -0.513271 -0.489097
v -0.899830 -0.476772 -0.481692
v -0.905981 -0.513271 -0.472486
v -0.870913 -0.476772 -0.457960
v -0.878742 -0.513271 -0.450131
v -0.847182 -0.476772 -0.429043
v -0.856388 -0.513271 -0.422892
v -0.829547 -0.476772 -0.396052
v -0.839776 -0.513271 -0.391815
v -0.818689 -0.476772 -0.360254
v -0.829547 -0.513271 -0.358094
v -0.815022 -0.476772 -0.323026
v -0.826093 -0.513271 -0.323026
v -0.818688 -0.476772 -0.285798
v -0.829547 -0.513271 -0.287958
v -0.829547 -0.476772 -0.250000
v -0.839776 -0.513271 -0.254237
v -0.847182 -0.476772 -0.217009
v -0.856387 -0.513271 -0.223160
v -0.870913 -0.476772 -0.188092
v -0.878742 -0.513271 -0.195921
v -0.899830 -0.476772 -0.164360
v -0.905981 -0.513271 -0.173566
v -0.932822 -0.476772 -0.146726
v -0.937059 -0.513271 -0.156955
v -0.968619 -0.476772 -0.135867
v -0.970779 -0.513271 -0.146726
v -1.005847 -0.476772 -0.132200
v -1.005847 -0.513271 -0.143272
v -1.043076 -0.476772 -0.135867
v -1.040915 -0.513271 -0.146726
v -1.078873 -0.476772 -0.146726
v -1.074636 -0.513271 -0.156955
v -1.111865 -0.476772 -0.164360
v -1.105713 -0.513271 -0.173566
v -1.140782 -0.476772 -0.188092
v -1.132953 -0.513271 -0.195921
v -1.164513 -0.476772 -0.217009
v -1.155307 -0.513271 -0.223160
v -1.182147 -0.476772 -0.250000
v -1.171918 -0.513271 -0.254237
v -1.193007 -0.476772 -0.285798
v -1.182148 -0.513271 -0.287958
v -1.196673 -0.476772 -0.323026
v -1.185601 -0.513271 -0.323026
v -1.193007 -0.476772 -0.360254
v -1.182148 -0.513271 -0.358094
v -1.182148 -0.476772 -0.396052
v -1.171918 -0.513271 -0.391815
v -1.164513 -0.476772 -0.429043
v -1.155307 -0.513271 -0.422892
v -1.140357 -0.546909 -0.412903
v -1.132953 -0.513271 -0.450131
v -1.120239 -0.546909 -0.437418
v -1.103129 -0.576392 -0.420308
v -1.095724 -0.546909 -0.457536
v -1.082281 -0.576392 -0.437418
v -1.067756 -0.546909 -0.472486
v -1.058496 -0.576392 -0.450131
v -1.037408 -0.546909 -0.481692
v -1.032687 -0.576392 -0.457960
v -1.005847 -0.546909 -0.484800
v -1.005847 -0.576392 -0.460604
v -0.974287 -0.546909 -0.481692
v -0.979007 -0.576392 -0.457960
v -0.943939 -0.546909 -0.472486
v -0.953199 -0.576392 -0.450131
v -0.915971 -0.546909 -0.457536
v -0.929413 -0.576392 -0.437418
v -0.891456 -0.546909 -0.437418
v -0.908565 -0.576392 -0.420308
v -0.871337 -0.546909 -0.412903
v -0.891456 -0.576392 -0.399460
v -0.856388 -0.546909 -0.384934
v -0.878742 -0.576392 -0.375675
v -0.847182 -0.546909 -0.354587
v -0.870913 -0.576392 -0.349866
v -0.844073 -0.546909 -0.323026
v -0.868270 -0.576392 -0.323026
v -0.847182 -0.546909 -0.291465
v -0.870913 -0.576392 -0.296186
v -0.856388 -0.546909 -0.261118
v -0.878742 -0.576392 -0.270377
v -0.871337 -0.546909 -0.233149
v -0.891456 -0.576392 -0.246592
v -0.891456 -0.546909 -0.208634
v -0.908565 -0.576392 -0.225744
v -0.915971 -0.546909 -0.188516
v -0.929413 -0.576392 -0.208634
v -0.943939 -0.546909 -0.173566
v -0.953199 -0.576392 -0.195921
v -0.974287 -0.546909 -0.164360
v -0.979007 -0.576392 -0.188092
v -1.005847 -0.546909 -0.161252
v -1.005847 -0.576392 -0.185448
v -1.037408 -0.546909 -0.164360
v -1.032687 -0.576392 -0.188092
v -1.067756 -0.546909 -0.173566
v -1.058496 -0.576392 -0.195921
v -1.095724 -0.546909 -0.188516
v -1.082281 -0.576392 -0.208634
v -1.120239 -0.546909 -0.208634
v -1.103129 -0.576392 -0.225744
v -1.140357 -0.546909 -0.233149
v -1.120239 -0.576392 -0.246592
v -1.155307 -0.546909 -0.261118
v -1.132953 -0.576392 -0.270377
v -1.164513 -0.546909 -0.291465
v -1.140782 -0.576392 -0.296186
v -1.167622 -0.546909 -0.323026
v -1.143425 -0.576392 -0.323026
v -1.164513 -0.546909 -0.354587
v -1.140782 -0.576392 -0.349866
v -1.155307 -0.546909 -0.384934
v -1.132953 -0.576392 -0.375675
v -1.105713 -0.600589 -0.364392
v -1.120239 -0.576392 -0.399460
v -1.095724 -0.600589 -0.383080
v -1.067756 -0.618569 -0.364392
v -1.082281 -0.600589 -0.399460
v -1.058496 -0.618569 -0.375675
v -1.065901 -0.600589 -0.412903
v -1.047213 -0.618569 -0.384934
v -1.047213 -0.600589 -0.422892
v -1.034341 -0.618569 -0.391815
v -1.026936 -0.600589 -0.429043
v -1.020373 -0.618569 -0.396052
v -1.005847 -0.600589 -0.431120
v -1.005847 -0.618569 -0.397482
v -0.984759 -0.600589 -0.429043
v -0.991322 -0.618569 -0.396052
v -0.964482 -0.600589 -0.422892
v -0.977354 -0.618569 -0.391815
v -0.945794 -0.600589 -0.412903
v -0.964482 -0.618569 -0.384934
v -0.929413 -0.600589 -0.399460
v -0.953199 -0.618569 -0.375675
v -0.915971 -0.600589 -0.383080
v -0.943939 -0.618569 -0.364392
v -0.905981 -0.600589 -0.364392
v -0.937059 -0.618569 -0.351519
v -0.899830 -0.600589 -0.344114
v -0.932822 -0.618569 -0.337552
v -0.897753 -0.600589 -0.323026
v -0.931391 -0.618569 -0.323026
v -0.899830 -0.600589 -0.301938
v -0.932822 -0.618569 -0.308500
v -0.905981 -0.600589 -0.281660
v -0.937058 -0.618569 -0.294533
v -0.915971 -0.600589 -0.262972
v -0.943939 -0.618569 -0.281660
v -0.929413 -0.600589 -0.246592
v -0.953199 -0.618569 -0.270377
v -0.945794 -0.600589 -0.233149
v -0.964482 -0.618569 -0.261118
v -0.964482 -0.600589 -0.223160
v -0.977354 -0.618569 -0.254237
v -0.984759 -0.600589 -0.217009
v -0.991322 -0.618569 -0.250000
v -1.005847 -0.600589 -0.214932
v -1.005847 -0.618569 -0.248570
v -1.026936 -0.600589 -0.217009
v -1.020373 -0.618569 -0.250000
v -1.047213 -0.600589 -0.223160
v -1.034341 -0.618569 -0.254237
v -1.065901 -0.600589 -0.233149
v -1.047213 -0.618569 -0.261118
v -1.082281 -0.600589 -0.246592
v -1.058496 -0.618569 -0.270377
v -1.095724 -0.600589 -0.262972
v -1.067756 -0.618569 -0.281660
v -1.105713 -0.600589 -0.281660
v -1.074636 -0.618569 -0.294533
v -1.111865 -0.600589 -0.301938
v -1.078873 -0.618569 -0.308500
v -1.113942 -0.600589 -0.323026
v -1.080304 -0.618569 -0.323026
v -1.111865 -0.600589 -0.344114
v -1.078873 -0.618569 -0.337552
v -1.043076 -0.629640 -0.330431
v -1.074636 -0.618569 -0.351519
v -1.040915 -0.629640 -0.337552
v -1.037408 -0.629640 -0.344114
v -1.005847 -0.633379 -0.323026
v -0.979007 -0.629640 -0.296186
v -1.005847 -0.629640 -0.360984
v -1.013252 -0.629640 -0.360254
v -1.020373 -0.629640 -0.358094
v -1.026936 -0.629640 -0.354587
v -1.032687 -0.629640 -0.349866
v -1.043805 -0.629640 -0.323026
v -1.043076 -0.629640 -0.315621
v -1.040915 -0.629640 -0.308500
v -1.037408 -0.629640 -0.301938
v -1.032687 -0.629640 -0.296186
v -1.026936 -0.629640 -0.291465
v -1.020373 -0.629640 -0.287958
v -1.013252 -0.629640 -0.285798
v -1.005847 -0.629640 -0.285068
v -0.998442 -0.629640 -0.285798
v -0.991322 -0.629640 -0.287958
v -0.984759 -0.629640 -0.291465
v -0.974287 -0.629640 -0.301938
v -0.970779 -0.629640 -0.308500
v -0.968619 -0.629640 -0.315621
v -0.967890 -0.629640 -0.323026
v -0.968619 -0.629640 -0.330431
v -0.970779 -0.629640 -0.337552
v -0.974287 -0.629640 -0.344114
v -0.979007 -0.629640 -0.349866
v -0.984759 -0.629640 -0.354587
v -0.991322 -0.629640 -0.358094
v -0.998442 -0.629640 -0.360254
v -1.020373 -0.247989 -0.358094
v -1.020373 -0.259061 -0.396052
v -1.013252 -0.247989 -0.360254
v -1.005847 -0.244251 -0.323026
v -1.005847 -0.247989 -0.360984
v -0.998442 -0.247989 -0.360254
v -0.991322 -0.247989 -0.358094
v -0.984759 -0.247989 -0.354587
v -0.979007 -0.247989 -0.349866
v -0.974287 -0.247989 -0.344114
v -0.970779 -0.247989 -0.337552
v -0.968619 -0.247989 -0.330431
v -0.967890 -0.247989 -0.323026
v -0.968619 -0.247989 -0.315621
v -0.970779 -0.247989 -0.308500
v -0.974287 -0.247989 -0.301938
v -0.979007 -0.247989 -0.296186
v -0.984759 -0.247989 -0.291465
v -0.991322 -0.247989 -0.287958
v -0.998442 -0.247989 -0.285798
v -1.005847 -0.247989 -0.285068
v -1.013252 -0.247989 -0.285798
v -1.020373 -0.247989 -0.287958
v -1.026936 -0.247989 -0.291465
v -1.032687 -0.247989 -0.296186
v -1.037408 -0.247989 -0.301938
v -1.040915 -0.247989 -0.308500
v -1.043076 -0.247989 -0.315621
v -1.043805 -0.247989 -0.323026
v -1.043076 -0.247989 -0.330431
v -1.040915 -0.247989 -0.337552
v -1.037408 -0.247989 -0.344114
v -1.032687 -0.247989 -0.349866
v -1.026936 -0.247989 -0.354587
v -0.342102 -0.598106 -0.423026
v -0.362488 -0.598106 -0.421105
v -0.342102 -1.053445 -0.423026
v -0.321717 -0.598106 -0.421105
v -0.302115 -0.598106 -0.415414
v -0.321717 -1.053445 -0.421105
v -0.302115 -1.053445 -0.415414
v -0.284050 -1.053445 -0.406173
v -0.268216 -1.053445 -0.393737
v -0.284050 -0.598106 -0.406173
v -0.268216 -0.598106 -0.393737
v -0.255221 -0.598106 -0.378583
v -0.245565 -0.598106 -0.361294
v -0.255221 -1.053445 -0.378583
v -0.245565 -1.053445 -0.361294
v -0.239619 -1.053445 -0.342535
v -0.237611 -1.053445 -0.323026
v -0.239619 -0.598106 -0.342535
v -0.237611 -0.598106 -0.323026
v -0.239619 -0.598106 -0.303517
v -0.245565 -0.598106 -0.284758
v -0.239619 -1.053445 -0.303517
v -0.245565 -1.053445 -0.284758
v -0.255221 -1.053445 -0.267469
v -0.268216 -1.053445 -0.252315
v -0.255221 -0.598106 -0.267469
v -0.268216 -0.598106 -0.252315
v -0.284050 -0.598106 -0.239879
v -0.302115 -0.598106 -0.230638
v -0.284050 -1.053445 -0.239879
v -0.302115 -1.053445 -0.230638
v -0.321717 -1.053445 -0.224947
v -0.342102 -1.053445 -0.223026
v -0.321717 -0.598106 -0.224947
v -0.342102 -0.598106 -0.223026
v -0.362488 -0.598106 -0.224947
v -0.382090 -0.598106 -0.230638
v -0.362488 -1.053445 -0.224947
v -0.382090 -1.053445 -0.230638
v -0.400155 -1.053445 -0.239879
v -0.415989 -1.053445 -0.252315
v -0.400155 -0.598106 -0.239879
v -0.415989 -0.598106 -0.252315
v -0.428984 -0.598106 -0.267469
v -0.438640 -0.598106 -0.284758
v -0.428984 -1.053445 -0.267469
v -0.438640 -1.053445 -0.284758
v -0.444587 -1.053445 -0.303517
v -0.446594 -1.053445 -0.323026
v -0.444587 -0.598106 -0.303517
v -0.446594 -0.598106 -0.323026
v -0.444587 -0.598106 -0.342535
v -0.438640 -0.598106 -0.361294
v -0.444587 -1.053445 -0.342535
v -0.438640 -1.053445 -0.361294
v -0.428984 -1.053445 -0.378583
v -0.415989 -1.053445 -0.393737
v -0.428984 -0.598106 -0.378583
v -0.415989 -0.598106 -0.393737
v -0.400155 -0.598106 -0.406173
v -0.382090 -0.598106 -0.415414
v -0.400155 -1.053445 -0.406173
v -0.382090 -1.053445 -0.415414
v -0.362488 -1.053445 -0.421105
v 0.201680 -1.078003 -0.208557
v 0.201680 -1.078003 -0.437495
v 0.201680 -0.911967 -0.208557
v 0.492066 -1.078003 -0.208557
v 0.492066 -1.078003 -0.437495
v 0.492066 -0.911967 -0.208557
v 0.492066 -0.911967 -0.437495
v 0.201680 -0.911967 -0.437495
v -0.201680 -1.078003 -0.208557
v -0.201680 -1.078003 -0.437495
v -0.201680 -0.911967 -0.208557
v -0.492066 -1.078003 -0.208557
v -0.492066 -1.078003 -0.437495
v -0.492066 -0.911967 -0.208557
v -0.492066 -0.911967 -0.437495
v -0.201680 -0.911967 -0.437495
vn -0.0000 -0.6866 0.7271
vn -0.1361 -0.6865 0.7143
vn -0.0000 0.6866 0.7271
vn 0.1361 -0.6865 0.7143
vn 0.2682 -0.6863 0.6760
vn 0.1361 0.6865 0.7143
vn 0.2682 0.6863 0.6760
vn 0.3922 0.6861 0.6128
vn 0.5035 0.6857 0.5257
vn 0.3922 -0.6861 0.6128
vn 0.5035 -0.6857 0.5256
vn 0.5973 -0.6853 0.4166
vn 0.6686 -0.6851 0.2891
vn 0.5972 0.6854 0.4166
vn 0.6687 0.6850 0.2892
vn 0.7135 0.6849 0.1482
vn 0.7288 0.6848 -0.0000
vn 0.7135 -0.6848 0.1482
vn 0.7288 -0.6848 -0.0000
vn 0.7135 -0.6848 -0.1482
vn 0.6686 -0.6851 -0.2892
vn 0.7135 0.6849 -0.1482
vn 0.6687 0.6850 -0.2892
vn 0.5972 0.6854 -0.4166
vn 0.5035 0.6857 -0.5256
vn 0.5972 -0.6854 -0.4166
vn 0.5035 -0.6857 -0.5256
vn 0.3922 -0.6860 -0.6128
vn 0.2682 -0.6863 -0.6760
vn 0.3922 0.6861 -0.6128
vn 0.2682 0.6863 -0.6760
vn 0.1361 0.6865 -0.7143
vn -0.0000 0.6866 -0.7271
vn 0.1361 -0.6865 -0.7143
vn -0.0000 -0.6866 -0.7271
vn -0.1361 -0.6865 -0.7143
vn -0.2682 -0.6863 -0.6760
vn -0.1361 0.6865 -0.7143
vn -0.2682 0.6863 -0.6760
vn -0.3922 0.6861 -0.6128
vn -0.5035 0.6857 -0.5257
vn -0.3922 -0.6861 -0.6128
vn -0.5035 -0.6857 -0.5256
vn -0.5973 -0.6853 -0.4166
vn -0.6686 -0.6851 -0.2891
vn -0.5972 0.6854 -0.4166
vn -0.6687 0.6850 -0.2892
vn -0.7135 0.6849 -0.1482
vn -0.7288 0.6848 -0.0000
vn -0.7135 -0.6848 -0.1482
vn -0.7288 -0.6848 -0.0000
vn -0.7135 -0.6848 0.1482
vn -0.6686 -0.6851 0.2891
vn -0.7135 0.6849 0.1482
vn -0.6687 0.6850 0.2892
vn -0.5972 0.6854 0.4166
vn -0.5035 0.6857 0.5256
vn -0.5972 -0.6854 0.4166
vn -0.5035 -0.6857 0.5256
vn -0.3922 -0.6860 0.6128
vn -0.2682 -0.6863 0.6760
vn -0.3922 0.6861 0.6128
vn -0.2682 0.6863 0.6760
vn -0.1361 0.6865 0.7143
vn -0.0000 0.8286 -0.5598
vn -0.0000 0.5528 -0.8333
vn -0.0000 0.1939 -0.9810
vn -0.0000 -0.0000 -1.0000
vn -0.0000 -0.1939 -0.9810
vn -0.0000 -0.5528 -0.8333
vn 0.0392 0.9796 -0.1971
vn 0.0757 0.9217 -0.3804
vn 0.1092 0.8286 -0.5490
vn 0.1385 0.7041 -0.6965
vn 0.1626 0.5528 -0.8173
vn 0.1804 0.3805 -0.9070
vn 0.1914 0.1939 -0.9622
vn 0.1951 -0.0000 -0.9808
vn 0.1914 -0.1939 -0.9622
vn 0.1804 -0.3805 -0.9070
vn 0.1626 -0.5528 -0.8173
vn 0.1385 -0.7041 -0.6965
vn 0.1092 -0.8286 -0.5490
vn 0.0757 -0.9217 -0.3804
vn 0.0392 -0.9796 -0.1971
vn 0.0769 0.9796 -0.1857
vn 0.1484 0.9217 -0.3584
vn 0.2142 0.8286 -0.5172
vn 0.2718 0.7041 -0.6561
vn 0.3189 0.5528 -0.7699
vn 0.3539 0.3805 -0.8544
vn 0.3754 0.1939 -0.9063
vn 0.3827 -0.0000 -0.9239
vn 0.3754 -0.1939 -0.9063
vn 0.3539 -0.3805 -0.8544
vn 0.3189 -0.5528 -0.7699
vn 0.2718 -0.7041 -0.6561
vn 0.2142 -0.8286 -0.5172
vn 0.1484 -0.9217 -0.3584
vn 0.0769 -0.9796 -0.1857
vn 0.1117 0.9796 -0.1671
vn 0.2155 0.9217 -0.3225
vn 0.3110 0.8286 -0.4654
vn 0.3945 0.7041 -0.5905
vn 0.4630 0.5528 -0.6929
vn 0.5138 0.3805 -0.7689
vn 0.5450 0.1939 -0.8157
vn 0.5556 -0.0000 -0.8315
vn 0.5450 -0.1939 -0.8157
vn 0.5138 -0.3805 -0.7689
vn 0.4630 -0.5528 -0.6929
vn 0.3945 -0.7041 -0.5905
vn 0.3110 -0.8286 -0.4654
vn 0.2155 -0.9217 -0.3225
vn 0.1117 -0.9796 -0.1671
vn 0.1421 0.9796 -0.1421
vn 0.2743 0.9217 -0.2743
vn 0.3958 0.8286 -0.3958
vn 0.5021 0.7041 -0.5021
vn 0.5893 0.5528 -0.5893
vn 0.6539 0.3805 -0.6539
vn 0.6937 0.1939 -0.6937
vn 0.7071 -0.0000 -0.7071
vn 0.6937 -0.1939 -0.6937
vn 0.6539 -0.3805 -0.6539
vn 0.5893 -0.5528 -0.5893
vn 0.5021 -0.7041 -0.5021
vn 0.3958 -0.8286 -0.3958
vn 0.2743 -0.9217 -0.2743
vn 0.1421 -0.9796 -0.1421
vn 0.1671 0.9796 -0.1117
vn 0.3225 0.9217 -0.2155
vn 0.4654 0.8286 -0.3110
vn 0.5905 0.7041 -0.3945
vn 0.6929 0.5528 -0.4630
vn 0.7689 0.3805 -0.5138
vn 0.8157 0.1939 -0.5450
vn 0.8315 -0.0000 -0.5556
vn 0.8157 -0.1939 -0.5450
vn 0.7689 -0.3805 -0.5138
vn 0.6929 -0.5528 -0.4630
vn 0.5905 -0.7041 -0.3945
vn 0.4654 -0.8286 -0.3110
vn 0.3225 -0.9217 -0.2155
vn 0.1671 -0.9796 -0.1117
vn -0.0000 1.0000 -0.0000
vn 0.1857 0.9796 -0.0769
vn 0.3584 0.9217 -0.1484
vn 0.5172 0.8286 -0.2142
vn 0.6561 0.7041 -0.2718
vn 0.7699 0.5528 -0.3189
vn 0.8544 0.3805 -0.3539
vn 0.9063 0.1939 -0.3754
vn 0.9239 -0.0000 -0.3827
vn 0.9063 -0.1939 -0.3754
vn 0.8544 -0.3805 -0.3539
vn 0.7699 -0.5528 -0.3189
vn 0.6561 -0.7041 -0.2718
vn 0.5172 -0.8286 -0.2142
vn 0.3584 -0.9217 -0.1484
vn 0.1857 -0.9796 -0.0769
vn 0.1971 0.9796 -0.0392
vn 0.3804 0.9217 -0.0757
vn 0.5490 0.8286 -0.1092
vn 0.6965 0.7041 -0.1385
vn 0.8173 0.5528 -0.1626
vn 0.9070 0.3805 -0.1804
vn 0.9622 0.1939 -0.1914
vn 0.9808 -0.0000 -0.1951
vn 0.9622 -0.1939 -0.1914
vn 0.9070 -0.3805 -0.1804
vn 0.8173 -0.5528 -0.1626
vn 0.6965 -0.7041 -0.1385
vn 0.5490 -0.8286 -0.1092
vn 0.3804 -0.9217 -0.0757
vn 0.1971 -0.9796 -0.0392
vn 0.2010 0.9796 -0.0000
vn 0.3879 0.9217 -0.0000
vn 0.5598 0.8286 -0.0000
vn 0.7101 0.7041 -0.0000
vn 0.8333 0.5528 -0.0000
vn 0.9248 0.3805 -0.0000
vn 0.9810 0.1939 -0.0000
vn 1.0000 -0.0000 -0.0000
vn 0.9810 -0.1939 -0.0000
vn 0.9248 -0.3805 -0.0000
vn 0.8333 -0.5528 -0.0000
vn 0.7101 -0.7041 -0.0000
vn 0.5598 -0.8286 -0.0000
vn 0.3879 -0.9217 -0.0000
vn 0.2010 -0.9796 -0.0000
vn 0.1971 0.9796 0.0392
vn 0.3804 0.9217 0.0757
vn 0.5490 0.8286 0.1092
vn 0.6965 0.7041 0.1385
vn 0.8173 0.5528 0.1626
vn 0.9070 0.3805 0.1804
vn 0.9622 0.1939 0.1914
vn 0.9808 -0.0000 0.1951
vn 0.9622 -0.1939 0.1914
vn 0.9070 -0.3805 0.1804
vn 0.8173 -0.5528 0.1626
vn 0.6965 -0.7041 0.1385
vn 0.5490 -0.8286 0.1092
vn 0.3804 -0.9217 0.0757
vn 0.1971 -0.9796 0.0392
vn 0.1857 0.9796 0.0769
vn 0.3584 0.9217 0.1484
vn 0.5172 0.8286 0.2142
vn 0.6561 0.7041 0.2718
vn 0.7699 0.5528 0.3189
vn 0.8544 0.3805 0.3539
vn 0.9063 0.1939 0.3754
vn 0.9239 -0.0000 0.3827
vn 0.9063 -0.1939 0.3754
vn 0.8544 -0.3805 0.3539
vn 0.7699 -0.5528 0.3189
vn 0.6561 -0.7041 0.2718
vn 0.5172 -0.8286 0.2142
vn 0.3584 -0.9217 0.1484
vn 0.1857 -0.9796 0.0769
vn 0.1671 0.9796 0.1117
vn 0.3225 0.9217 0.2155
vn 0.4654 0.8286 0.3110
vn 0.5905 0.7041 0.3945
vn 0.6929 0.5528 0.4630
vn 0.7689 0.3805 0.5138
vn 0.8157 0.1939 0.5450
vn 0.8315 -0.0000 0.5556
vn 0.8157 -0.1939 0.5450
vn 0.7689 -0.3805 0.5138
vn 0.6929 -0.5528 0.4630
vn 0.5905 -0.7041 0.3945
vn 0.4654 -0.8286 0.3110
vn 0.3225 -0.9217 0.2155
vn 0.1671 -0.9796 0.1117
vn 0.1421 0.9796 0.1421
vn 0.2743 0.9217 0.2743
vn 0.3958 0.8286 0.3958
vn 0.5021 0.7041 0.5021
vn 0.5893 0.5528 0.5893
vn 0.6539 0.3805 0.6539
vn 0.6937 0.1939 0.6937
vn 0.7071 -0.0000 0.7071
vn 0.6937 -0.1939 0.6937
vn 0.6539 -0.3805 0.6539
vn 0.5893 -0.5528 0.5893
vn 0.5021 -0.7041 0.5021
vn 0.3958 -0.8286 0.3958
vn 0.2743 -0.9217 0.2743
vn 0.1421 -0.9796 0.1421
vn 0.1116 0.9796 0.1671
vn 0.2155 0.9217 0.3225
vn 0.3110 0.8286 0.4654
vn 0.3945 0.7041 0.5905
vn 0.4630 0.5528 0.6929
vn 0.5138 0.3805 0.7689
vn 0.5450 0.1939 0.8157
vn 0.5556 -0.0000 0.8315
vn 0.5450 -0.1939 0.8157
vn 0.5138 -0.3805 0.7689
vn 0.4630 -0.5528 0.6929
vn 0.3945 -0.7041 0.5905
vn 0.3110 -0.8286 0.4654
vn 0.2155 -0.9217 0.3225
vn 0.1116 -0.9796 0.1671
vn 0.0769 0.9796 0.1857
vn 0.1484 0.9217 0.3584
vn 0.2142 0.8286 0.5172
vn 0.2718 0.7041 0.6561
vn 0.3189 0.5528 0.7699
vn 0.3539 0.3805 0.8544
vn 0.3754 0.1939 0.9063
vn 0.3827 -0.0000 0.9239
vn 0.3754 -0.1939 0.9063
vn 0.3539 -0.3805 0.8544
vn 0.3189 -0.5528 0.7699
vn 0.2718 -0.7041 0.6561
vn 0.2142 -0.8286 0.5172
vn 0.1484 -0.9217 0.3584
vn 0.0769 -0.9796 0.1857
vn 0.0392 0.9796 0.1971
vn 0.0757 0.9217 0.3804
vn 0.1092 0.8286 0.5490
vn 0.1385 0.7041 0.6965
vn 0.1626 0.5528 0.8173
vn 0.1804 0.3805 0.9070
vn 0.1914 0.1939 0.9622
vn 0.1951 -0.0000 0.9808
vn 0.1914 -0.1939 0.9622
vn 0.1804 -0.3805 0.9070
vn 0.1626 -0.5528 0.8173
vn 0.1385 -0.7041 0.6965
vn 0.1092 -0.8286 0.5490
vn 0.0757 -0.9217 0.3804
vn 0.0392 -0.9796 0.1971
vn -0.0000 0.9796 0.2010
vn -0.0000 0.9217 0.3879
vn -0.0000 0.8286 0.5598
vn -0.0000 0.7041 0.7101
vn -0.0000 0.5528 0.8333
vn -0.0000 0.3805 0.9248
vn -0.0000 0.1939 0.9810
vn -0.0000 -0.0000 1.0000
vn -0.0000 -0.1939 0.9810
vn -0.0000 -0.3805 0.9248
vn -0.0000 -0.5528 0.8333
vn -0.0000 -0.7041 0.7101
vn -0.0000 -0.8286 0.5598
vn -0.0000 -0.9217 0.3879
vn -0.0000 -0.9796 0.2010
vn -0.0392 0.9796 0.1971
vn -0.0757 0.9217 0.3804
vn -0.1092 0.8286 0.5490
vn -0.1385 0.7041 0.6965
vn -0.1626 0.5528 0.8173
vn -0.1804 0.3805 0.9070
vn -0.1914 0.1939 0.9622
vn -0.1951 -0.0000 0.9808
vn -0.1914 -0.1939 0.9622
vn -0.1804 -0.3805 0.9070
vn -0.1626 -0.5528 0.8173
vn -0.1385 -0.7041 0.6965
vn -0.1092 -0.8286 0.5490
vn -0.0757 -0.9217 0.3804
vn -0.0392 -0.9796 0.1971
vn -0.0769 0.9796 0.1857
vn -0.1484 0.9217 0.3584
vn -0.2142 0.8286 0.5172
vn -0.2718 0.7041 0.6561
vn -0.3189 0.5528 0.7699
vn -0.3539 0.3805 0.8544
vn -0.3754 0.1939 0.9063
vn -0.3827 -0.0000 0.9239
vn -0.3754 -0.1939 0.9063
vn -0.3539 -0.3805 0.8544
vn -0.3189 -0.5528 0.7699
vn -0.2718 -0.7041 0.6561
vn -0.2142 -0.8286 0.5172
vn -0.1484 -0.9217 0.3584
vn -0.0769 -0.9796 0.1857
vn -0.1117 0.9796 0.1671
vn -0.2155 0.9217 0.3225
vn -0.3110 0.8286 0.4654
vn -0.3945 0.7041 0.5905
vn -0.4630 0.5528 0.6929
vn -0.5138 0.3805 0.7689
vn -0.5450 0.1939 0.8157
vn -0.5556 -0.0000 0.8315
vn -0.5450 -0.1939 0.8157
vn -0.5138 -0.3805 0.7689
vn -0.4630 -0.5528 0.6929
vn -0.3945 -0.7041 0.5905
vn -0.3110 -0.8286 0.4654
vn -0.2155 -0.9217 0.3225
vn -0.1117 -0.9796 0.1671
vn -0.1421 0.9796 0.1421
vn -0.2743 0.9217 0.2743
vn -0.3958 0.8286 0.3958
vn -0.5021 0.7041 0.5021
vn -0.5893 0.5528 0.5893
vn -0.6539 0.3805 0.6539
vn -0.6937 0.1939 0.6937
vn -0.7071 -0.0000 0.7071
vn -0.6937 -0.1939 0.6937
vn -0.6539 -0.3805 0.6539
vn -0.5893 -0.5528 0.5893
vn -0.5021 -0.7041 0.5021
vn -0.3958 -0.8286 0.3958
vn -0.2743 -0.9217 0.2743
vn -0.1421 -0.9796 0.1421
vn -0.0000 -1.0000 -0.0000
vn -0.1671 0.9796 0.1117
vn -0.3225 0.9217 0.2155
vn -0.4654 0.8286 0.3110
vn -0.5905 0.7041 0.3945
vn -0.6929 0.5528 0.4630
vn -0.7689 0.3805 0.5138
vn -0.8157 0.1939 0.5450
vn -0.8315 -0.0000 0.5556
vn -0.8157 -0.1939 0.5450
vn -0.7689 -0.3805 0.5138
vn -0.6929 -0.5528 0.4630
vn -0.5905 -0.7041 0.3945
vn -0.4654 -0.8286 0.3110
vn -0.3225 -0.9217 0.2155
vn -0.1671 -0.9796 0.1117
vn -0.1857 0.9796 0.0769
vn -0.3584 0.9217 0.1484
vn -0.5172 0.8286 0.2142
vn -0.6561 0.7041 0.2718
vn -0.7699 0.5528 0.3189
vn -0.8544 0.3805 0.3539
vn -0.9063 0.1939 0.3754
vn -0.9239 -0.0000 0.3827
vn -0.9063 -0.1939 0.3754
vn -0.8544 -0.3805 0.3539
vn -0.7699 -0.5528 0.3189
vn -0.6561 -0.7041 0.2718
vn -0.5172 -0.8286 0.2142
vn -0.3584 -0.9217 0.1484
vn -0.1857 -0.9796 0.0769
vn -0.1971 0.9796 0.0392
vn -0.3804 0.9217 0.0757
vn -0.5490 0.8286 0.1092
vn -0.6965 0.7041 0.1385
vn -0.8173 0.5528 0.1626
vn -0.9070 0.3805 0.1804
vn -0.9622 0.1939 0.1914
vn -0.9808 -0.0000 0.1951
vn -0.9622 -0.1939 0.1914
vn -0.9070 -0.3805 0.1804
vn -0.8173 -0.5528 0.1626
vn -0.6965 -0.7041 0.1385
vn -0.5490 -0.8286 0.1092
vn -0.3804 -0.9217 0.0757
vn -0.1971 -0.9796 0.0392
vn -0.2010 0.9796 -0.0000
vn -0.3879 0.9217 -0.0000
vn -0.5598 0.8286 -0.0000
vn -0.7101 0.7041 -0.0000
vn -0.8333 0.5528 -0.0000
vn -0.9248 0.3805 -0.0000
vn -0.9810 0.1939 -0.0000
vn -1.0000 -0.0000 -0.0000
vn -0.9810 -0.1939 -0.0000
vn -0.9248 -0.3805 -0.0000
vn -0.8333 -0.5528 -0.0000
vn -0.7101 -0.7041 -0.0000
vn -0.5598 -0.8286 -0.0000
vn -0.3879 -0.9217 -0.0000
vn -0.2010 -0.9796 -0.0000
vn -0.1971 0.9796 -0.0392
vn -0.3804 0.9217 -0.0757
vn -0.5490 0.8286 -0.1092
vn -0.6965 0.7041 -0.1385
vn -0.8173 0.5528 -0.1626
vn -0.9070 0.3805 -0.1804
vn -0.9622 0.1939 -0.1914
vn -0.9808 -0.0000 -0.1951
vn -0.9622 -0.1939 -0.1914
vn -0.9070 -0.3805 -0.1804
vn -0.8173 -0.5528 -0.1626
vn -0.6965 -0.7041 -0.1385
vn -0.5490 -0.8286 -0.1092
vn -0.3804 -0.9217 -0.0757
vn -0.1971 -0.9796 -0.0392
vn -0.1857 0.9796 -0.0769
vn -0.3584 0.9217 -0.1484
vn -0.5172 0.8286 -0.2142
vn -0.6561 0.7041 -0.2718
vn -0.7699 0.5528 -0.3189
vn -0.8544 0.3805 -0.3539
vn -0.9063 0.1939 -0.3754
vn -0.9239 -0.0000 -0.3827
vn -0.9063 -0.1939 -0.3754
vn -0.8544 -0.3805 -0.3539
vn -0.7699 -0.5528 -0.3189
vn -0.6561 -0.7041 -0.2718
vn -0.5172 -0.8286 -0.2142
vn -0.3584 -0.9217 -0.1484
vn -0.1857 -0.9796 -0.0769
vn -0.1671 0.9796 -0.1117
vn -0.3225 0.9217 -0.2155
vn -0.4654 0.8286 -0.3110
vn -0.5905 0.7041 -0.3945
vn -0.6929 0.5528 -0.4630
vn -0.7689 0.3805 -0.5138
vn -0.8157 0.1939 -0.5450
vn -0.8315 -0.0000 -0.5556
vn -0.8157 -0.1939 -0.5450
vn -0.7689 -0.3805 -0.5138
vn -0.6929 -0.5528 -0.4630
vn -0.5905 -0.7041 -0.3945
vn -0.4654 -0.8286 -0.3110
vn -0.3225 -0.9217 -0.2155
vn -0.1671 -0.9796 -0.1117
vn -0.1421 0.9796 -0.1421
vn -0.2743 0.9217 -0.2743
vn -0.3958 0.8286 -0.3958
vn -0.5021 0.7041 -0.5021
vn -0.5893 0.5528 -0.5893
vn -0.6539 0.3805 -0.6539
vn -0.6937 0.1939 -0.6937
vn -0.7071 -0.0000 -0.7071
vn -0.6937 -0.1939 -0.6937
vn -0.6539 -0.3805 -0.6539
vn -0.5893 -0.5528 -0.5893
vn -0.5021 -0.7041 -0.5021
vn -0.3958 -0.8286 -0.3958
vn -0.2743 -0.9217 -0.2743
vn -0.1421 -0.9796 -0.1421
vn -0.1117 0.9796 -0.1671
vn -0.2155 0.9217 -0.3225
vn -0.3110 0.8286 -0.4654
vn -0.3945 0.7041 -0.5905
vn -0.4630 0.5528 -0.6929
vn -0.5138 0.3805 -0.7689
vn -0.5450 0.1939 -0.8157
vn -0.5556 -0.0000 -0.8315
vn -0.5450 -0.1939 -0.8157
vn -0.5138 -0.3805 -0.7689
vn -0.4630 -0.5528 -0.6929
vn -0.3945 -0.7041 -0.5905
vn -0.3110 -0.8286 -0.4654
vn -0.2155 -0.9217 -0.3225
vn -0.1117 -0.9796 -0.1671
vn -0.0769 0.9796 -0.1857
vn -0.1484 0.9217 -0.3584
vn -0.2142 0.8286 -0.5172
vn -0.2718 0.7041 -0.6561
vn -0.3189 0.5528 -0.7699
vn -0.3539 0.3805 -0.8544
vn -0.3754 0.1939 -0.9063
vn -0.3827 -0.0000 -0.9239
vn -0.3754 -0.1939 -0.9063
vn -0.3539 -0.3805 -0.8544
vn -0.3189 -0.5528 -0.7699
vn -0.2718 -0.7041 -0.6561
vn -0.2142 -0.8286 -0.5172
vn -0.1484 -0.9217 -0.3584
vn -0.0769 -0.9796 -0.1857
vn -0.0392 0.9796 -0.1971
vn -0.0757 0.9217 -0.3804
vn -0.1092 0.8286 -0.5490
vn -0.1385 0.7041 -0.6965
vn -0.1626 0.5528 -0.8173
vn -0.1804 0.3805 -0.9070
vn -0.1914 0.1939 -0.9622
vn -0.1951 -0.0000 -0.9808
vn -0.1914 -0.1939 -0.9622
vn -0.1804 -0.3805 -0.9070
vn -0.1626 -0.5528 -0.8173
vn -0.1385 -0.7041 -0.6965
vn -0.1092 -0.8286 -0.5490
vn -0.0757 -0.9217 -0.3804
vn -0.0392 -0.9796 -0.1971
vn -0.0000 0.9796 -0.2010
vn -0.0000 0.9217 -0.3879
vn -0.0000 0.7041 -0.7101
vn -0.0000 0.3805 -0.9248
vn -0.0000 -0.3805 -0.9248
vn -0.0000 -0.7041 -0.7101
vn -0.0000 -0.8286 -0.5598
vn -0.0000 -0.9217 -0.3879
vn -0.0000 -0.9796 -0.2010
vn -0.1116 0.9796 0.1671
vn 0.1117 0.9796 0.1671
vn 0.1117 -0.9796 0.1671
vn 0.1671 0.9796 0.1116
vn 0.1671 -0.9796 0.1116
vn -0.1671 0.9796 -0.1116
vn -0.1671 -0.9796 0.1116
vn -0.0000 0.7845 -0.6201
vn 0.1004 0.7863 -0.6097
vn -0.0000 0.8973 -0.4414
vn -0.0000 0.6463 -0.7631
vn -0.1004 0.7863 -0.6097
vn -0.0712 0.8983 -0.4336
vn -0.1239 0.6485 -0.7511
vn -0.1983 0.7913 -0.5784
vn -0.1402 0.9011 -0.4102
vn -0.2456 0.6549 -0.7147
vn -0.2910 0.7990 -0.5262
vn -0.2049 0.9055 -0.3717
vn -0.3621 0.6648 -0.6534
vn -0.3753 0.8084 -0.4534
vn -0.2629 0.9107 -0.3187
vn -0.4698 0.6771 -0.5664
vn -0.4474 0.8182 -0.3612
vn -0.3118 0.9160 -0.2526
vn -0.5637 0.6900 -0.4540
vn -0.5031 0.8267 -0.2518
vn -0.3491 0.9206 -0.1753
vn -0.6375 0.7016 -0.3183
vn -0.5385 0.8326 -0.1295
vn -0.3725 0.9237 -0.0898
vn -0.6851 0.7097 -0.1643
vn -0.5507 0.8347 -0.0000
vn -0.3805 0.9248 -0.0000
vn -0.7016 0.7125 -0.0000
vn -0.5385 0.8326 0.1295
vn -0.3725 0.9237 0.0898
vn -0.6851 0.7097 0.1643
vn -0.5031 0.8267 0.2518
vn -0.3491 0.9206 0.1753
vn -0.6375 0.7016 0.3183
vn -0.4474 0.8182 0.3612
vn -0.3118 0.9160 0.2526
vn -0.5637 0.6900 0.4540
vn -0.3753 0.8084 0.4534
vn -0.2629 0.9107 0.3187
vn -0.4698 0.6771 0.5664
vn -0.2910 0.7990 0.5262
vn -0.2049 0.9055 0.3717
vn -0.3621 0.6648 0.6534
vn -0.1983 0.7913 0.5784
vn -0.1402 0.9011 0.4102
vn -0.2456 0.6549 0.7147
vn -0.1004 0.7863 0.6097
vn -0.0712 0.8983 0.4336
vn -0.1239 0.6485 0.7511
vn -0.0000 0.7845 0.6201
vn -0.0000 0.8973 0.4414
vn -0.0000 0.6463 0.7631
vn 0.1004 0.7863 0.6097
vn 0.0712 0.8983 0.4336
vn 0.1239 0.6485 0.7511
vn 0.1983 0.7913 0.5784
vn 0.1402 0.9011 0.4102
vn 0.2456 0.6549 0.7147
vn 0.2910 0.7990 0.5262
vn 0.2049 0.9055 0.3717
vn 0.3621 0.6648 0.6534
vn 0.3753 0.8084 0.4534
vn 0.2629 0.9107 0.3187
vn 0.4698 0.6771 0.5664
vn 0.4474 0.8182 0.3612
vn 0.3118 0.9160 0.2526
vn 0.5637 0.6900 0.4540
vn 0.5031 0.8267 0.2518
vn 0.3491 0.9206 0.1753
vn 0.6375 0.7016 0.3183
vn 0.5385 0.8326 0.1295
vn 0.3725 0.9237 0.0898
vn 0.6851 0.7097 0.1643
vn 0.5507 0.8347 -0.0000
vn 0.3805 0.9248 -0.0000
vn 0.7016 0.7125 -0.0000
vn 0.5385 0.8326 -0.1295
vn 0.3725 0.9237 -0.0898
vn 0.6851 0.7097 -0.1643
vn 0.5031 0.8267 -0.2518
vn 0.3491 0.9206 -0.1753
vn 0.6375 0.7016 -0.3183
vn 0.4474 0.8182 -0.3612
vn 0.3118 0.9160 -0.2526
vn 0.5637 0.6900 -0.4540
vn 0.3753 0.8084 -0.4534
vn 0.2629 0.9107 -0.3187
vn 0.4698 0.6771 -0.5664
vn 0.2910 0.7990 -0.5262
vn 0.2049 0.9055 -0.3717
vn 0.3621 0.6648 -0.6534
vn 0.1983 0.7913 -0.5784
vn 0.1402 0.9011 -0.4102
vn 0.2456 0.6549 -0.7147
vn 0.2815 0.5015 -0.8181
vn 0.1239 0.6485 -0.7511
vn 0.1416 0.4951 -0.8572
vn 0.1538 0.3332 -0.9302
vn -0.0000 0.4929 -0.8701
vn -0.0000 0.3315 -0.9435
vn -0.1416 0.4951 -0.8572
vn -0.1538 0.3332 -0.9302
vn -0.2815 0.5015 -0.8181
vn -0.3064 0.3384 -0.8897
vn -0.4170 0.5116 -0.7513
vn -0.4556 0.3465 -0.8200
vn -0.5442 0.5243 -0.6550
vn -0.5974 0.3568 -0.7182
vn -0.6570 0.5379 -0.5283
vn -0.7249 0.3681 -0.5822
vn -0.7473 0.5502 -0.3725
vn -0.8286 0.3784 -0.4125
vn -0.8064 0.5589 -0.1930
vn -0.8973 0.3858 -0.2145
vn -0.8271 0.5621 -0.0000
vn -0.9214 0.3885 -0.0000
vn -0.8064 0.5589 0.1930
vn -0.8973 0.3858 0.2145
vn -0.7473 0.5502 0.3725
vn -0.8286 0.3784 0.4125
vn -0.6570 0.5379 0.5283
vn -0.7249 0.3681 0.5822
vn -0.5442 0.5243 0.6550
vn -0.5974 0.3568 0.7182
vn -0.4170 0.5116 0.7513
vn -0.4556 0.3465 0.8200
vn -0.2815 0.5015 0.8181
vn -0.3064 0.3384 0.8897
vn -0.1416 0.4951 0.8572
vn -0.1538 0.3332 0.9302
vn -0.0000 0.4929 0.8701
vn -0.0000 0.3315 0.9435
vn 0.1416 0.4951 0.8572
vn 0.1538 0.3332 0.9302
vn 0.2815 0.5015 0.8181
vn 0.3064 0.3384 0.8897
vn 0.4170 0.5116 0.7513
vn 0.4556 0.3465 0.8200
vn 0.5442 0.5243 0.6550
vn 0.5974 0.3568 0.7182
vn 0.6570 0.5379 0.5283
vn 0.7249 0.3681 0.5822
vn 0.7473 0.5502 0.3725
vn 0.8286 0.3784 0.4125
vn 0.8064 0.5589 0.1930
vn 0.8973 0.3858 0.2145
vn 0.8271 0.5621 -0.0000
vn 0.9214 0.3885 -0.0000
vn 0.8064 0.5589 -0.1930
vn 0.8973 0.3858 -0.2145
vn 0.7473 0.5502 -0.3725
vn 0.8286 0.3784 -0.4125
vn 0.6570 0.5379 -0.5283
vn 0.7249 0.3681 -0.5822
vn 0.5442 0.5243 -0.6550
vn 0.5974 0.3568 -0.7182
vn 0.4170 0.5116 -0.7513
vn 0.4556 0.3465 -0.8200
vn 0.4784 0.1747 -0.8606
vn 0.3064 0.3384 -0.8897
vn 0.3210 0.1702 -0.9317
vn 0.3258 -0.0000 -0.9454
vn 0.1609 0.1674 -0.9727
vn 0.1632 -0.0000 -0.9866
vn -0.0000 0.1664 -0.9861
vn -0.1609 0.1674 -0.9727
vn -0.1633 -0.0000 -0.9866
vn -0.3210 0.1702 -0.9317
vn -0.3258 -0.0000 -0.9454
vn -0.4784 0.1747 -0.8606
vn -0.4860 -0.0000 -0.8740
vn -0.6292 0.1805 -0.7560
vn -0.6398 -0.0000 -0.7686
vn -0.7661 0.1868 -0.6149
vn -0.7800 -0.0000 -0.6258
vn -0.8786 0.1927 -0.4370
vn -0.8954 -0.0000 -0.4452
vn -0.9536 0.1970 -0.2277
vn -0.9727 -0.0000 -0.2322
vn -0.9801 0.1985 -0.0000
vn -0.9536 0.1970 0.2277
vn -0.9727 -0.0000 0.2322
vn -0.8786 0.1927 0.4370
vn -0.8954 -0.0000 0.4452
vn -0.7661 0.1868 0.6149
vn -0.7800 -0.0000 0.6258
vn -0.6292 0.1805 0.7560
vn -0.6398 -0.0000 0.7686
vn -0.4784 0.1747 0.8606
vn -0.4860 -0.0000 0.8740
vn -0.3210 0.1702 0.9317
vn -0.3258 -0.0000 0.9454
vn -0.1609 0.1674 0.9727
vn -0.1632 -0.0000 0.9866
vn -0.0000 0.1664 0.9861
vn 0.1609 0.1674 0.9727
vn 0.1632 -0.0000 0.9866
vn 0.3210 0.1702 0.9317
vn 0.3258 -0.0000 0.9454
vn 0.4784 0.1747 0.8606
vn 0.4860 -0.0000 0.8740
vn 0.6292 0.1805 0.7560
vn 0.6398 -0.0000 0.7686
vn 0.7661 0.1868 0.6149
vn 0.7800 -0.0000 0.6258
vn 0.8786 0.1927 0.4370
vn 0.8954 -0.0000 0.4452
vn 0.9536 0.1970 0.2277
vn 0.9727 -0.0000 0.2322
vn 0.9801 0.1985 -0.0000
vn 0.9536 0.1970 -0.2277
vn 0.9727 -0.0000 -0.2322
vn 0.8786 0.1927 -0.4370
vn 0.8954 -0.0000 -0.4452
vn 0.7661 0.1868 -0.6149
vn 0.7800 -0.0000 -0.6258
vn 0.6292 0.1805 -0.7560
vn 0.6398 -0.0000 -0.7686
vn 0.6292 -0.1805 -0.7560
vn 0.4860 -0.0000 -0.8740
vn 0.4784 -0.1747 -0.8606
vn 0.4556 -0.3465 -0.8200
vn 0.3210 -0.1702 -0.9317
vn 0.3064 -0.3384 -0.8897
vn 0.1609 -0.1674 -0.9727
vn 0.1538 -0.3332 -0.9302
vn -0.0000 -0.1664 -0.9861
vn -0.0000 -0.3315 -0.9435
vn -0.1609 -0.1674 -0.9727
vn -0.1538 -0.3332 -0.9302
vn -0.3210 -0.1702 -0.9317
vn -0.3064 -0.3384 -0.8897
vn -0.4784 -0.1747 -0.8606
vn -0.4556 -0.3465 -0.8200
vn -0.6292 -0.1805 -0.7560
vn -0.5974 -0.3568 -0.7182
vn -0.7661 -0.1868 -0.6149
vn -0.7249 -0.3681 -0.5822
vn -0.8786 -0.1927 -0.4370
vn -0.8286 -0.3784 -0.4125
vn -0.9536 -0.1970 -0.2277
vn -0.8973 -0.3858 -0.2145
vn -0.9801 -0.1985 -0.0000
vn -0.9214 -0.3885 -0.0000
vn -0.9536 -0.1970 0.2277
vn -0.8973 -0.3858 0.2145
vn -0.8786 -0.1927 0.4370
vn -0.8286 -0.3784 0.4125
vn -0.7661 -0.1868 0.6149
vn -0.7249 -0.3681 0.5822
vn -0.6292 -0.1805 0.7560
vn -0.5974 -0.3568 0.7182
vn -0.4784 -0.1747 0.8606
vn -0.4556 -0.3465 0.8200
vn -0.3210 -0.1702 0.9317
vn -0.3064 -0.3384 0.8897
vn -0.1609 -0.1674 0.9727
vn -0.1538 -0.3332 0.9302
vn -0.0000 -0.1664 0.9861
vn -0.0000 -0.3315 0.9435
vn 0.1609 -0.1674 0.9727
vn 0.1538 -0.3332 0.9302
vn 0.3210 -0.1702 0.9317
vn 0.3064 -0.3384 0.8897
vn 0.4784 -0.1747 0.8606
vn 0.4556 -0.3465 0.8200
vn 0.6292 -0.1805 0.7560
vn 0.5974 -0.3568 0.7182
vn 0.7661 -0.1868 0.6149
vn 0.7249 -0.3681 0.5822
vn 0.8786 -0.1927 0.4370
vn 0.8286 -0.3784 0.4125
vn 0.9536 -0.1970 0.2277
vn 0.8973 -0.3858 0.2145
vn 0.9801 -0.1985 -0.0000
vn 0.9214 -0.3885 -0.0000
vn 0.9536 -0.1970 -0.2277
vn 0.8973 -0.3858 -0.2145
vn 0.8786 -0.1927 -0.4370
vn 0.8286 -0.3784 -0.4125
vn 0.7661 -0.1868 -0.6149
vn 0.7249 -0.3681 -0.5822
vn 0.6570 -0.5379 -0.5283
vn 0.5974 -0.3568 -0.7182
vn 0.5442 -0.5243 -0.6550
vn 0.4698 -0.6771 -0.5664
vn 0.4170 -0.5116 -0.7513
vn 0.3621 -0.6648 -0.6534
vn 0.2815 -0.5015 -0.8181
vn 0.2456 -0.6549 -0.7147
vn 0.1416 -0.4951 -0.8572
vn 0.1239 -0.6485 -0.7511
vn -0.0000 -0.4929 -0.8701
vn -0.0000 -0.6463 -0.7631
vn -0.1416 -0.4951 -0.8572
vn -0.1239 -0.6485 -0.7511
vn -0.2815 -0.5015 -0.8181
vn -0.2456 -0.6549 -0.7147
vn -0.4170 -0.5116 -0.7513
vn -0.3621 -0.6648 -0.6534
vn -0.5442 -0.5243 -0.6550
vn -0.4698 -0.6771 -0.5664
vn -0.6570 -0.5379 -0.5283
vn -0.5637 -0.6900 -0.4540
vn -0.7473 -0.5502 -0.3725
vn -0.6375 -0.7016 -0.3183
vn -0.8064 -0.5589 -0.1930
vn -0.6851 -0.7097 -0.1643
vn -0.8271 -0.5621 -0.0000
vn -0.7016 -0.7125 -0.0000
vn -0.8064 -0.5589 0.1930
vn -0.6851 -0.7097 0.1643
vn -0.7473 -0.5502 0.3725
vn -0.6375 -0.7016 0.3183
vn -0.6570 -0.5379 0.5283
vn -0.5637 -0.6900 0.4540
vn -0.5442 -0.5243 0.6550
vn -0.4698 -0.6771 0.5664
vn -0.4170 -0.5116 0.7513
vn -0.3621 -0.6648 0.6534
vn -0.2815 -0.5015 0.8181
vn -0.2456 -0.6549 0.7147
vn -0.1416 -0.4951 0.8572
vn -0.1239 -0.6485 0.7511
vn -0.0000 -0.4929 0.8701
vn -0.0000 -0.6463 0.7631
vn 0.1416 -0.4951 0.8572
vn 0.1239 -0.6485 0.7511
vn 0.2815 -0.5015 0.8181
vn 0.2456 -0.6549 0.7147
vn 0.4170 -0.5116 0.7513
vn 0.3621 -0.6648 0.6534
vn 0.5442 -0.5243 0.6550
vn 0.4698 -0.6771 0.5664
vn 0.6570 -0.5379 0.5283
vn 0.5637 -0.6900 0.4540
vn 0.7473 -0.5502 0.3725
vn 0.6375 -0.7016 0.3183
vn 0.8064 -0.5589 0.1930
vn 0.6851 -0.7097 0.1643
vn 0.8271 -0.5621 -0.0000
vn 0.7016 -0.7125 -0.0000
vn 0.8064 -0.5589 -0.1930
vn 0.6851 -0.7097 -0.1643
vn 0.7473 -0.5502 -0.3725
vn 0.6375 -0.7016 -0.3183
vn 0.5031 -0.8267 -0.2518
vn 0.5637 -0.6900 -0.4540
vn 0.4474 -0.8182 -0.3612
vn 0.3118 -0.9160 -0.2526
vn 0.3753 -0.8084 -0.4534
vn 0.2629 -0.9107 -0.3187
vn 0.2910 -0.7990 -0.5262
vn 0.2049 -0.9055 -0.3717
vn 0.1983 -0.7913 -0.5784
vn 0.1402 -0.9011 -0.4102
vn 0.1004 -0.7863 -0.6097
vn 0.0712 -0.8983 -0.4336
vn -0.0000 -0.7845 -0.6201
vn -0.0000 -0.8973 -0.4414
vn -0.1004 -0.7863 -0.6097
vn -0.0712 -0.8983 -0.4336
vn -0.1983 -0.7913 -0.5784
vn -0.1402 -0.9011 -0.4102
vn -0.2910 -0.7990 -0.5262
vn -0.2049 -0.9055 -0.3717
vn -0.3753 -0.8084 -0.4534
vn -0.2629 -0.9107 -0.3187
vn -0.4474 -0.8182 -0.3612
vn -0.3118 -0.9160 -0.2526
vn -0.5031 -0.8267 -0.2518
vn -0.3491 -0.9206 -0.1753
vn -0.5385 -0.8326 -0.1295
vn -0.3725 -0.9237 -0.0898
vn -0.5507 -0.8347 -0.0000
vn -0.3805 -0.9248 -0.0000
vn -0.5385 -0.8326 0.1295
vn -0.3725 -0.9237 0.0898
vn -0.5031 -0.8267 0.2518
vn -0.3491 -0.9206 0.1753
vn -0.4474 -0.8182 0.3612
vn -0.3118 -0.9160 0.2526
vn -0.3753 -0.8084 0.4534
vn -0.2629 -0.9107 0.3187
vn -0.2910 -0.7990 0.5262
vn -0.2049 -0.9055 0.3717
vn -0.1983 -0.7913 0.5784
vn -0.1402 -0.9011 0.4102
vn -0.1004 -0.7863 0.6097
vn -0.0712 -0.8983 0.4336
vn -0.0000 -0.7845 0.6201
vn -0.0000 -0.8973 0.4414
vn 0.1004 -0.7863 0.6097
vn 0.0712 -0.8983 0.4336
vn 0.1983 -0.7913 0.5784
vn 0.1402 -0.9011 0.4102
vn 0.2910 -0.7990 0.5262
vn 0.2049 -0.9055 0.3717
vn 0.3753 -0.8084 0.4534
vn 0.2629 -0.9107 0.3187
vn 0.4474 -0.8182 0.3612
vn 0.3118 -0.9160 0.2526
vn 0.5031 -0.8267 0.2518
vn 0.3491 -0.9206 0.1753
vn 0.5385 -0.8326 0.1295
vn 0.3725 -0.9237 0.0898
vn 0.5507 -0.8347 -0.0000
vn 0.3805 -0.9248 -0.0000
vn 0.5385 -0.8326 -0.1295
vn 0.3725 -0.9237 -0.0898
vn 0.1931 -0.9801 -0.0469
vn 0.3491 -0.9206 -0.1753
vn 0.1812 -0.9792 -0.0916
vn 0.1621 -0.9779 -0.1322
vn -0.1369 -0.9764 0.1671
vn -0.0000 -0.9726 -0.2327
vn 0.0372 -0.9728 -0.2285
vn 0.0733 -0.9737 -0.2159
vn 0.1069 -0.9749 -0.1953
vn 0.1369 -0.9764 -0.1671
vn 0.1972 -0.9804 -0.0000
vn 0.1931 -0.9801 0.0469
vn 0.1812 -0.9792 0.0916
vn 0.1621 -0.9779 0.1322
vn 0.1369 -0.9764 0.1671
vn 0.1069 -0.9749 0.1953
vn 0.0733 -0.9737 0.2159
vn 0.0372 -0.9728 0.2285
vn -0.0000 -0.9726 0.2327
vn -0.0372 -0.9728 0.2285
vn -0.0733 -0.9737 0.2159
vn -0.1069 -0.9749 0.1953
vn -0.1621 -0.9779 0.1322
vn -0.1812 -0.9792 0.0916
vn -0.1931 -0.9801 0.0469
vn -0.1972 -0.9804 -0.0000
vn -0.1931 -0.9801 -0.0469
vn -0.1812 -0.9792 -0.0916
vn -0.1621 -0.9779 -0.1322
vn -0.1369 -0.9764 -0.1671
vn -0.1069 -0.9749 -0.1953
vn -0.0733 -0.9737 -0.2159
vn -0.0372 -0.9728 -0.2285
vn 0.0733 0.9737 -0.2159
vn 0.0712 0.8983 -0.4336
vn 0.0372 0.9728 -0.2285
vn -0.0000 0.9726 -0.2327
vn -0.0372 0.9728 -0.2285
vn -0.0733 0.9737 -0.2159
vn -0.1069 0.9749 -0.1953
vn -0.1369 0.9764 -0.1671
vn -0.1621 0.9779 -0.1322
vn -0.1812 0.9792 -0.0916
vn -0.1931 0.9801 -0.0469
vn -0.1972 0.9804 -0.0000
vn -0.1931 0.9801 0.0469
vn -0.1812 0.9792 0.0916
vn -0.1621 0.9779 0.1322
vn -0.1369 0.9764 0.1671
vn -0.1069 0.9749 0.1953
vn -0.0733 0.9737 0.2159
vn -0.0372 0.9728 0.2285
vn -0.0000 0.9726 0.2327
vn 0.0372 0.9728 0.2285
vn 0.0733 0.9737 0.2159
vn 0.1069 0.9749 0.1953
vn 0.1369 0.9764 0.1671
vn 0.1621 0.9779 0.1322
vn 0.1812 0.9792 0.0916
vn 0.1931 0.9801 0.0469
vn 0.1972 0.9804 -0.0000
vn 0.1931 0.9801 -0.0469
vn 0.1812 0.9792 -0.0916
vn 0.1621 0.9779 -0.1322
vn 0.1369 0.9764 -0.1671
vn 0.1069 0.9749 -0.1953
vn 0.2741 -0.6326 -0.7244
vn 0.3816 -0.5858 -0.7150
vn -0.2740 0.6326 -0.7244
vn 0.1663 -0.6790 -0.7151
vn 0.0586 -0.7250 -0.6863
vn -0.3816 0.5858 -0.7150
vn -0.4888 0.5386 -0.6863
vn -0.5949 0.4915 -0.6360
vn -0.6976 0.4455 -0.5612
vn -0.0484 -0.7702 -0.6360
vn -0.1521 -0.8136 -0.5612
vn -0.2479 -0.8533 -0.4587
vn -0.3277 -0.8862 -0.3276
vn -0.7920 0.4028 -0.4587
vn -0.8706 0.3670 -0.3276
vn -0.9236 0.3428 -0.1713
vn -0.9425 0.3341 -0.0000
vn -0.3817 -0.9083 -0.1713
vn -0.4009 -0.9161 -0.0000
vn -0.3817 -0.9083 0.1713
vn -0.3277 -0.8862 0.3276
vn -0.9236 0.3428 0.1713
vn -0.8706 0.3670 0.3276
vn -0.7920 0.4028 0.4587
vn -0.6976 0.4455 0.5612
vn -0.2479 -0.8533 0.4587
vn -0.1521 -0.8136 0.5612
vn -0.0484 -0.7702 0.6360
vn 0.0586 -0.7250 0.6863
vn -0.5949 0.4915 0.6360
vn -0.4888 0.5386 0.6863
vn -0.3816 0.5858 0.7150
vn -0.2740 0.6326 0.7244
vn 0.1663 -0.6790 0.7150
vn 0.2741 -0.6326 0.7244
vn 0.3816 -0.5857 0.7151
vn 0.4888 -0.5386 0.6863
vn -0.1663 0.6790 0.7150
vn -0.0586 0.7250 0.6863
vn 0.0484 0.7702 0.6360
vn 0.1521 0.8136 0.5612
vn 0.5949 -0.4915 0.6360
vn 0.6976 -0.4455 0.5612
vn 0.7920 -0.4028 0.4587
vn 0.8706 -0.3671 0.3276
vn 0.2478 0.8533 0.4587
vn 0.3277 0.8862 0.3276
vn 0.3817 0.9083 0.1713
vn 0.4009 0.9161 -0.0000
vn 0.9237 -0.3428 0.1713
vn 0.9425 -0.3342 -0.0000
vn 0.9237 -0.3428 -0.1713
vn 0.8706 -0.3671 -0.3276
vn 0.3817 0.9083 -0.1713
vn 0.3277 0.8862 -0.3276
vn 0.2478 0.8533 -0.4587
vn 0.1521 0.8136 -0.5612
vn 0.7920 -0.4028 -0.4587
vn 0.6976 -0.4455 -0.5612
vn 0.5949 -0.4915 -0.6360
vn 0.4888 -0.5386 -0.6863
vn 0.0484 0.7702 -0.6360
vn -0.0586 0.7250 -0.6863
vn -0.1663 0.6790 -0.7150
vn -0.2740 -0.6326 -0.7244
vn -0.3816 -0.5857 -0.7151
vn 0.2740 0.6326 -0.7244
vn -0.1663 -0.6790 -0.7150
vn -0.0586 -0.7250 -0.6863
vn 0.3816 0.5858 -0.7150
vn 0.4888 0.5386 -0.6863
vn 0.5949 0.4915 -0.6360
vn 0.6976 0.4455 -0.5612
vn 0.0484 -0.7702 -0.6360
vn 0.1521 -0.8136 -0.5612
vn 0.2479 -0.8533 -0.4587
vn 0.3277 -0.8862 -0.3276
vn 0.7920 0.4028 -0.4587
vn 0.8706 0.3671 -0.3276
vn 0.9237 0.3428 -0.1713
vn 0.9425 0.3341 -0.0000
vn 0.3817 -0.9083 -0.1713
vn 0.4009 -0.9161 -0.0000
vn 0.3817 -0.9083 0.1713
vn 0.3277 -0.8862 0.3276
vn 0.9237 0.3428 0.1713
vn 0.8706 0.3671 0.3276
vn 0.7920 0.4028 0.4587
vn 0.6976 0.4455 0.5612
vn 0.2479 -0.8533 0.4587
vn 0.1521 -0.8136 0.5612
vn 0.0484 -0.7702 0.6360
vn -0.0586 -0.7250 0.6863
vn 0.5949 0.4915 0.6360
vn 0.4888 0.5386 0.6863
vn 0.3816 0.5858 0.7150
vn 0.2740 0.6326 0.7244
vn -0.1663 -0.6790 0.7151
vn -0.2740 -0.6326 0.7244
vn -0.3816 -0.5858 0.7150
vn -0.4888 -0.5386 0.6863
vn 0.1663 0.6790 0.7150
vn 0.0586 0.7250 0.6863
vn -0.0484 0.7702 0.6360
vn -0.1522 0.8136 0.5612
vn -0.5949 -0.4915 0.6360
vn -0.6976 -0.4455 0.5612
vn -0.7920 -0.4028 0.4587
vn -0.8706 -0.3671 0.3276
vn -0.2479 0.8533 0.4587
vn -0.3277 0.8862 0.3276
vn -0.3816 0.9083 0.1713
vn -0.4009 0.9161 -0.0000
vn -0.9237 -0.3428 0.1713
vn -0.9425 -0.3342 -0.0000
vn -0.9237 -0.3428 -0.1713
vn -0.8706 -0.3671 -0.3276
vn -0.3816 0.9083 -0.1713
vn -0.3277 0.8862 -0.3276
vn -0.2479 0.8533 -0.4587
vn -0.1522 0.8136 -0.5612
vn -0.7920 -0.4028 -0.4587
vn -0.6976 -0.4455 -0.5612
vn -0.5949 -0.4915 -0.6360
vn -0.4888 -0.5386 -0.6863
vn -0.0484 0.7702 -0.6360
vn 0.0586 0.7250 -0.6863
vn 0.1663 0.6790 -0.7150
vn 0.1671 -0.9796 -0.1116
vn -0.1116 -0.9796 0.1671
vn -0.1671 -0.9796 -0.1116
vn -0.1116 -0.9796 -0.1671
vn 0.1671 0.9796 -0.1116
vn 0.1116 -0.9796 -0.1671
vn 0.1116 0.9796 -0.1671
vn -0.1671 0.9796 0.1116
vn -0.5035 0.6857 0.5257
vn -0.6686 0.6851 0.2892
vn -0.6686 -0.6851 -0.2892
vn -0.6686 0.6851 -0.2892
vn 0.5035 0.6857 -0.5257
vn 0.6686 -0.6851 -0.2891
vn 0.6686 0.6851 -0.2892
vn 0.6686 -0.6851 0.2892
vn 0.6686 0.6851 0.2892
vn -0.5773 -0.5774 0.5773
vn -0.5774 -0.5773 -0.5773
vn -0.5774 0.5773 0.5773
vn 0.5774 -0.5773 0.5773
vn 0.5773 -0.5774 -0.5773
vn 0.5773 0.5774 0.5773
vn 0.5774 0.5773 -0.5773
vn -0.5773 0.5774 -0.5773
vn 0.5773 -0.5774 0.5773
vn 0.5774 -0.5773 -0.5773
vn 0.5774 0.5773 0.5773
vn -0.5774 -0.5773 0.5773
vn -0.5773 -0.5774 -0.5773
vn -0.5773 0.5774 0.5773
vn -0.5774 0.5773 -0.5773
vn 0.5773 0.5774 -0.5773
vt 0.501943 0.758470
vt 0.516453 0.730252
vt 0.543599 0.745634
vt 0.430304 0.966204
vt 0.529368 0.961749
vt 0.529368 0.966204
vt 0.430304 0.831098
vt 0.529368 0.826644
vt 0.529368 0.831098
vt 0.430304 0.835539
vt 0.529368 0.835539
vt 0.983106 0.336947
vt 0.974171 0.367623
vt 0.944716 0.358041
vt 0.430304 0.839954
vt 0.529368 0.839954
vt 0.430304 0.844334
vt 0.529368 0.844334
vt 0.430304 0.848677
vt 0.529368 0.848677
vt 0.430304 0.852985
vt 0.529368 0.852985
vt 0.430304 0.857267
vt 0.529368 0.857267
vt 0.430304 0.861534
vt 0.529368 0.861534
vt 0.430304 0.865800
vt 0.529368 0.865800
vt 0.430304 0.870082
vt 0.529368 0.870082
vt 0.430304 0.874390
vt 0.529368 0.874390
vt 0.430304 0.878733
vt 0.529368 0.878733
vt 0.430304 0.883114
vt 0.529368 0.883114
vt 0.430304 0.887528
vt 0.529368 0.887528
vt 0.430304 0.891969
vt 0.529368 0.891969
vt 0.430304 0.896424
vt 0.529368 0.896424
vt 0.430304 0.900878
vt 0.529368 0.900878
vt 0.430304 0.905319
vt 0.529368 0.905319
vt 0.430304 0.909734
vt 0.529368 0.909734
vt 0.430304 0.914114
vt 0.529368 0.914114
vt 0.430304 0.918457
vt 0.529368 0.918457
vt 0.430304 0.922765
vt 0.529368 0.922765
vt 0.430304 0.927047
vt 0.529368 0.927047
vt 0.430304 0.931314
vt 0.529368 0.931314
vt 0.430304 0.935581
vt 0.529368 0.935581
vt 0.430304 0.939862
vt 0.529368 0.939862
vt 0.430304 0.944170
vt 0.529368 0.944170
vt 0.430304 0.948513
vt 0.529368 0.948513
vt 0.430304 0.952894
vt 0.529368 0.952894
vt 0.430304 0.957308
vt 0.529368 0.957308
vt 0.430304 0.961749
vt 0.928746 0.029467
vt 0.929538 0.036115
vt 0.926069 0.031537
vt 0.887108 0.019385
vt 0.884891 0.027172
vt 0.881774 0.023190
vt 0.924688 0.024382
vt 0.921821 0.027676
vt 0.880593 0.030770
vt 0.877362 0.027957
vt 0.919551 0.020169
vt 0.916965 0.024668
vt 0.876977 0.035114
vt 0.874086 0.033453
vt 0.913548 0.017055
vt 0.911665 0.022616
vt 0.874194 0.040059
vt 0.872073 0.039334
vt 0.906838 0.015176
vt 0.906102 0.021512
vt 0.872367 0.045362
vt 0.871276 0.045180
vt 0.900437 0.021462
vt 0.899820 0.015176
vt 0.933190 0.040852
vt 0.933925 0.046496
vt 0.932121 0.041184
vt 0.871288 0.050804
vt 0.894919 0.022464
vt 0.893165 0.016651
vt 0.931569 0.035092
vt 0.889719 0.024413
vt 0.896155 0.027382
vt 0.927852 0.037405
vt 0.891575 0.028777
vt 0.923994 0.033772
vt 0.887189 0.030855
vt 0.919729 0.030880
vt 0.883076 0.033600
vt 0.915196 0.028725
vt 0.879310 0.037015
vt 0.910477 0.027313
vt 0.876037 0.041100
vt 0.905685 0.026672
vt 0.873368 0.045743
vt 0.900885 0.026646
vt 0.931167 0.041704
vt 0.884995 0.036388
vt 0.881166 0.039045
vt 0.909701 0.031467
vt 0.877560 0.042342
vt 0.905447 0.031070
vt 0.874254 0.046287
vt 0.901236 0.031158
vt 0.930353 0.042369
vt 0.897070 0.031700
vt 0.926496 0.038866
vt 0.892958 0.032729
vt 0.922419 0.036069
vt 0.888910 0.034283
vt 0.918204 0.033953
vt 0.913979 0.032415
vt 0.894000 0.036356
vt 0.921263 0.038373
vt 0.890231 0.037534
vt 0.917139 0.036876
vt 0.886448 0.039102
vt 0.913134 0.035855
vt 0.882615 0.041141
vt 0.909202 0.035232
vt 0.878800 0.043736
vt 0.905342 0.035016
vt 0.875009 0.046961
vt 0.901539 0.035146
vt 0.929690 0.043146
vt 0.897765 0.035577
vt 0.925447 0.040438
vt 0.879761 0.045247
vt 0.908913 0.038706
vt 0.905329 0.038629
vt 0.875612 0.047741
vt 0.901808 0.038788
vt 0.929194 0.044007
vt 0.898306 0.039141
vt 0.924692 0.042085
vt 0.894786 0.039733
vt 0.920441 0.040684
vt 0.891212 0.040613
vt 0.916423 0.039698
vt 0.887545 0.041770
vt 0.912599 0.039067
vt 0.883738 0.043293
vt 0.919942 0.042953
vt 0.895372 0.042937
vt 0.891927 0.043575
vt 0.916000 0.042426
vt 0.888339 0.044391
vt 0.912309 0.042120
vt 0.884539 0.045451
vt 0.908792 0.041976
vt 0.880479 0.046822
vt 0.905391 0.042014
vt 0.876074 0.048595
vt 0.902056 0.042199
vt 0.928850 0.044923
vt 0.898732 0.042492
vt 0.924188 0.043764
vt 0.908812 0.045114
vt 0.905519 0.045255
vt 0.876371 0.049505
vt 0.902289 0.045466
vt 0.928668 0.045871
vt 0.899065 0.045713
vt 0.923955 0.045456
vt 0.895794 0.046036
vt 0.919706 0.045208
vt 0.892419 0.046467
vt 0.915832 0.045087
vt 0.888873 0.046985
vt 0.912228 0.045067
vt 0.885079 0.047636
vt 0.880938 0.048454
vt 0.896074 0.049087
vt 0.892713 0.049331
vt 0.915899 0.047704
vt 0.889167 0.049572
vt 0.912336 0.047958
vt 0.885353 0.049831
vt 0.908962 0.048183
vt 0.881179 0.050116
vt 0.905709 0.048425
vt 0.876511 0.050445
vt 0.902515 0.048665
vt 0.928646 0.046831
vt 0.899322 0.048873
vt 0.923942 0.047148
vt 0.919737 0.047435
vt 0.876492 0.051395
vt 0.905964 0.051590
vt 0.902739 0.051865
vt 0.928795 0.047778
vt 0.899509 0.052039
vt 0.924184 0.048822
vt 0.896222 0.052148
vt 0.920009 0.049646
vt 0.892819 0.052210
vt 0.916196 0.050305
vt 0.889231 0.052175
vt 0.912631 0.050835
vt 0.885385 0.052044
vt 0.909241 0.051244
vt 0.881165 0.051796
vt 0.916731 0.052915
vt 0.889057 0.054821
vt 0.913120 0.053742
vt 0.885151 0.054284
vt 0.909658 0.054351
vt 0.880931 0.053474
vt 0.906291 0.054817
vt 0.876314 0.052334
vt 0.902965 0.055134
vt 0.929091 0.048696
vt 0.899629 0.055276
vt 0.924648 0.050468
vt 0.896236 0.055276
vt 0.920548 0.051847
vt 0.892733 0.055147
vt 0.906704 0.058175
vt 0.903200 0.058548
vt 0.929543 0.049560
vt 0.875986 0.053243
vt 0.899679 0.058656
vt 0.925359 0.052065
vt 0.896106 0.058533
vt 0.921362 0.054033
vt 0.892436 0.058188
vt 0.917529 0.055555
vt 0.888627 0.057534
vt 0.913830 0.056723
vt 0.884643 0.056549
vt 0.910233 0.057567
vt 0.880443 0.055143
vt 0.887901 0.060337
vt 0.918631 0.058245
vt 0.914802 0.059826
vt 0.883827 0.058837
vt 0.911002 0.060959
vt 0.879689 0.056774
vt 0.907225 0.061748
vt 0.875497 0.054097
vt 0.903448 0.062193
vt 0.930148 0.050348
vt 0.899648 0.062263
vt 0.926328 0.053588
vt 0.895804 0.061991
vt 0.922483 0.056201
vt 0.891895 0.061384
vt 0.874843 0.054866
vt 0.899516 0.066201
vt 0.930905 0.051029
vt 0.927580 0.054994
vt 0.895290 0.065738
vt 0.923938 0.058310
vt 0.891048 0.064794
vt 0.920099 0.060996
vt 0.886820 0.063250
vt 0.916104 0.063100
vt 0.882674 0.061110
vt 0.912018 0.064609
vt 0.878642 0.058326
vt 0.907887 0.065637
vt 0.903718 0.066178
vt 0.885285 0.066302
vt 0.881080 0.063389
vt 0.913368 0.068622
vt 0.877295 0.059769
vt 0.908739 0.069974
vt 0.874044 0.055524
vt 0.904018 0.070646
vt 0.931791 0.051580
vt 0.899253 0.070610
vt 0.929117 0.056252
vt 0.894490 0.069889
vt 0.925831 0.060364
vt 0.889804 0.068490
vt 0.922036 0.063827
vt 0.917836 0.066606
vt 0.930957 0.057286
vt 0.893290 0.074607
vt 0.928216 0.062274
vt 0.888019 0.072546
vt 0.924581 0.066724
vt 0.883156 0.069501
vt 0.920151 0.070398
vt 0.878979 0.065589
vt 0.915189 0.073147
vt 0.875617 0.061031
vt 0.909851 0.074946
vt 0.873107 0.056034
vt 0.904361 0.075778
vt 0.932795 0.051965
vt 0.898812 0.075681
vt 0.917736 0.078446
vt 0.876268 0.067592
vt 0.873630 0.062004
vt 0.911308 0.080818
vt 0.872053 0.056367
vt 0.904758 0.081772
vt 0.933892 0.052158
vt 0.898144 0.081689
vt 0.933068 0.057991
vt 0.891470 0.080186
vt 0.931182 0.063908
vt 0.885483 0.076995
vt 0.927961 0.069667
vt 0.880207 0.072854
vt 0.923261 0.074485
vt 0.944850 0.225531
vt 0.941272 0.233275
vt 0.938761 0.228263
vt 0.980287 0.238413
vt 0.981111 0.245131
vt 0.977577 0.240560
vt 0.933213 0.231948
vt 0.936377 0.236059
vt 0.973299 0.236718
vt 0.976087 0.233453
vt 0.932040 0.239674
vt 0.928820 0.236859
vt 0.971019 0.229222
vt 0.968475 0.233755
vt 0.925406 0.242355
vt 0.928378 0.244072
vt 0.963223 0.231698
vt 0.964990 0.226371
vt 0.925577 0.249066
vt 0.923428 0.248343
vt 0.958568 0.224542
vt 0.957732 0.230597
vt 0.923743 0.254402
vt 0.922645 0.254218
vt 0.951640 0.224084
vt 0.952101 0.230492
vt 0.984788 0.249876
vt 0.985567 0.255553
vt 0.983714 0.250214
vt 0.922645 0.259880
vt 0.946544 0.231401
vt 0.983154 0.244095
vt 0.930709 0.245980
vt 0.927439 0.250110
vt 0.962029 0.236380
vt 0.957263 0.235696
vt 0.924750 0.254785
vt 0.952475 0.235711
vt 0.982759 0.250739
vt 0.947736 0.236377
vt 0.979401 0.246444
vt 0.943120 0.237732
vt 0.975523 0.242802
vt 0.938694 0.239807
vt 0.971238 0.239914
vt 0.934529 0.242531
vt 0.966715 0.237805
vt 0.973964 0.245100
vt 0.944491 0.241726
vt 0.940428 0.243282
vt 0.969738 0.242985
vt 0.936449 0.245350
vt 0.965491 0.241500
vt 0.932595 0.248039
vt 0.961239 0.240534
vt 0.928982 0.251367
vt 0.957004 0.240119
vt 0.925638 0.255334
vt 0.952795 0.240197
vt 0.981942 0.251413
vt 0.948620 0.240716
vt 0.978039 0.247912
vt 0.960734 0.244293
vt 0.956882 0.244066
vt 0.930222 0.252772
vt 0.926396 0.256014
vt 0.953079 0.244185
vt 0.981278 0.252198
vt 0.949299 0.244603
vt 0.977003 0.249490
vt 0.945521 0.245370
vt 0.972795 0.247430
vt 0.941733 0.246541
vt 0.968671 0.245930
vt 0.937916 0.248103
vt 0.964658 0.244919
vt 0.934065 0.250160
vt 0.946298 0.248760
vt 0.942709 0.249634
vt 0.967954 0.248759
vt 0.939018 0.250791
vt 0.964125 0.248128
vt 0.935185 0.252319
vt 0.960441 0.247764
vt 0.931200 0.254297
vt 0.956859 0.247680
vt 0.927001 0.256800
vt 0.953336 0.247831
vt 0.980782 0.253068
vt 0.949829 0.248175
vt 0.976246 0.251148
vt 0.971978 0.249745
vt 0.931914 0.255888
vt 0.927463 0.257660
vt 0.956914 0.251066
vt 0.953576 0.251245
vt 0.980438 0.253992
vt 0.950247 0.251533
vt 0.975737 0.252837
vt 0.946879 0.251974
vt 0.971480 0.252018
vt 0.943421 0.252610
vt 0.967530 0.251490
vt 0.939817 0.253428
vt 0.963834 0.251181
vt 0.935999 0.254498
vt 0.960315 0.251034
vt 0.940353 0.256034
vt 0.967360 0.254156
vt 0.963750 0.254132
vt 0.936538 0.256691
vt 0.960331 0.254173
vt 0.932384 0.257530
vt 0.957036 0.254310
vt 0.927770 0.258575
vt 0.953804 0.254516
vt 0.980257 0.254949
vt 0.950576 0.254760
vt 0.975498 0.254541
vt 0.947299 0.255080
vt 0.971246 0.254279
vt 0.943914 0.255512
vt 0.980237 0.255917
vt 0.927920 0.259522
vt 0.950831 0.257924
vt 0.975499 0.256242
vt 0.947579 0.258138
vt 0.971269 0.256517
vt 0.944209 0.258385
vt 0.967422 0.256779
vt 0.940651 0.258632
vt 0.963853 0.257025
vt 0.936820 0.258899
vt 0.960476 0.257245
vt 0.932616 0.259203
vt 0.957222 0.257481
vt 0.954027 0.257717
vt 0.967712 0.259387
vt 0.964140 0.259906
vt 0.940720 0.261245
vt 0.936851 0.261126
vt 0.960749 0.260306
vt 0.932613 0.260891
vt 0.957472 0.260647
vt 0.927899 0.260481
vt 0.954248 0.260918
vt 0.980389 0.256872
vt 0.951018 0.261092
vt 0.975733 0.257926
vt 0.947729 0.261204
vt 0.971543 0.258739
vt 0.944320 0.261271
vt 0.951141 0.264328
vt 0.980700 0.257795
vt 0.976205 0.259580
vt 0.947748 0.264334
vt 0.972073 0.260949
vt 0.944241 0.264214
vt 0.968238 0.262004
vt 0.940554 0.263900
vt 0.964620 0.262816
vt 0.936626 0.263376
vt 0.961157 0.263413
vt 0.932371 0.262581
vt 0.957794 0.263871
vt 0.927717 0.261429
vt 0.954473 0.264185
vt 0.940134 0.266623
vt 0.936126 0.265652
vt 0.961721 0.266626
vt 0.931875 0.264262
vt 0.958200 0.267223
vt 0.927385 0.262347
vt 0.954706 0.267591
vt 0.981158 0.258667
vt 0.951195 0.267703
vt 0.976927 0.261189
vt 0.947627 0.267591
vt 0.972878 0.263149
vt 0.943956 0.267259
vt 0.969023 0.264653
vt 0.965316 0.265800
vt 0.977906 0.262727
vt 0.947342 0.271045
vt 0.973986 0.265333
vt 0.943432 0.270460
vt 0.970106 0.267356
vt 0.939424 0.269438
vt 0.966267 0.268904
vt 0.935321 0.267952
vt 0.962473 0.270011
vt 0.931121 0.265897
vt 0.958712 0.270783
vt 0.926882 0.263206
vt 0.954955 0.271222
vt 0.981770 0.259463
vt 0.951173 0.271299
vt 0.963464 0.273648
vt 0.930071 0.267474
vt 0.959361 0.274648
vt 0.926228 0.263986
vt 0.955227 0.275182
vt 0.982531 0.260154
vt 0.951057 0.275218
vt 0.979161 0.264161
vt 0.946853 0.274784
vt 0.975443 0.267487
vt 0.942614 0.273876
vt 0.971549 0.270129
vt 0.938362 0.272372
vt 0.967536 0.272179
vt 0.934164 0.270267
vt 0.946095 0.278925
vt 0.980694 0.265435
vt 0.977303 0.269575
vt 0.941415 0.277577
vt 0.973444 0.272984
vt 0.936858 0.275445
vt 0.969216 0.275681
vt 0.932593 0.272567
vt 0.964774 0.277639
vt 0.928725 0.268928
vt 0.960194 0.278944
vt 0.925417 0.264651
vt 0.955532 0.279604
vt 0.983434 0.260711
vt 0.950821 0.279592
vt 0.927025 0.270224
vt 0.966534 0.282141
vt 0.961271 0.283840
vt 0.924469 0.265169
vt 0.955885 0.284657
vt 0.984455 0.261102
vt 0.950431 0.284601
vt 0.982561 0.266507
vt 0.944963 0.283645
vt 0.979645 0.271533
vt 0.939705 0.281632
vt 0.975932 0.275928
vt 0.934767 0.278679
vt 0.971441 0.279452
vt 0.930521 0.274794
vt 0.937243 0.286231
vt 0.982587 0.273290
vt 0.979144 0.278880
vt 0.931841 0.282120
vt 0.974464 0.283611
vt 0.927797 0.276874
vt 0.968876 0.287246
vt 0.924996 0.271238
vt 0.962680 0.289543
vt 0.923403 0.265501
vt 0.956301 0.290507
vt 0.985571 0.261290
vt 0.949839 0.290464
vt 0.984757 0.267287
vt 0.943347 0.289065
vt 0.889367 0.588962
vt 0.888574 0.595609
vt 0.886543 0.594586
vt 0.933221 0.586667
vt 0.931005 0.578879
vt 0.936338 0.582685
vt 0.893424 0.583876
vt 0.892044 0.591031
vt 0.937519 0.590265
vt 0.940750 0.587451
vt 0.898562 0.579664
vt 0.896291 0.587170
vt 0.941136 0.594608
vt 0.944027 0.592947
vt 0.904565 0.576549
vt 0.901147 0.584162
vt 0.943918 0.599554
vt 0.946040 0.598828
vt 0.911274 0.574671
vt 0.906448 0.582110
vt 0.945746 0.604857
vt 0.946837 0.604674
vt 0.917676 0.580956
vt 0.918293 0.574671
vt 0.884922 0.600346
vt 0.885992 0.600678
vt 0.884188 0.605991
vt 0.946824 0.610298
vt 0.923194 0.581958
vt 0.924948 0.576146
vt 0.928394 0.583908
vt 0.921957 0.586876
vt 0.890260 0.596899
vt 0.926538 0.588272
vt 0.894118 0.593266
vt 0.898383 0.590374
vt 0.930924 0.590350
vt 0.902916 0.588220
vt 0.935037 0.593094
vt 0.907635 0.586807
vt 0.938802 0.596509
vt 0.912010 0.581007
vt 0.944745 0.605238
vt 0.917228 0.586140
vt 0.886945 0.601198
vt 0.933117 0.595882
vt 0.908412 0.590961
vt 0.942075 0.600594
vt 0.936946 0.598539
vt 0.912428 0.586166
vt 0.940552 0.601837
vt 0.912665 0.590564
vt 0.887759 0.601863
vt 0.943858 0.605782
vt 0.921043 0.591195
vt 0.891616 0.598361
vt 0.925154 0.592223
vt 0.895694 0.595563
vt 0.899909 0.593448
vt 0.929202 0.593778
vt 0.904134 0.591909
vt 0.924112 0.595850
vt 0.896849 0.597867
vt 0.900974 0.596371
vt 0.931664 0.598596
vt 0.908910 0.594727
vt 0.935498 0.600635
vt 0.939313 0.603231
vt 0.916876 0.590652
vt 0.912771 0.594510
vt 0.888422 0.602640
vt 0.943103 0.606456
vt 0.920347 0.595072
vt 0.892666 0.599932
vt 0.938352 0.604741
vt 0.909199 0.598201
vt 0.942500 0.607236
vt 0.916574 0.594641
vt 0.912784 0.598124
vt 0.888919 0.603502
vt 0.919806 0.598636
vt 0.923327 0.599227
vt 0.893421 0.601580
vt 0.927882 0.597028
vt 0.901689 0.599193
vt 0.930568 0.601264
vt 0.904979 0.595350
vt 0.898170 0.602447
vt 0.897671 0.600178
vt 0.926900 0.600107
vt 0.922741 0.602432
vt 0.902112 0.601920
vt 0.929773 0.603885
vt 0.905514 0.598562
vt 0.934375 0.602787
vt 0.909321 0.601470
vt 0.933574 0.604945
vt 0.937633 0.606317
vt 0.916305 0.598283
vt 0.912721 0.601508
vt 0.889262 0.604418
vt 0.942039 0.608089
vt 0.919381 0.601987
vt 0.893925 0.603258
vt 0.909301 0.604608
vt 0.941742 0.608999
vt 0.916057 0.601693
vt 0.912594 0.604750
vt 0.889445 0.605365
vt 0.919047 0.605207
vt 0.894158 0.604950
vt 0.922319 0.605530
vt 0.926185 0.603069
vt 0.902280 0.604581
vt 0.929240 0.606479
vt 0.905803 0.601614
vt 0.937175 0.607949
vt 0.925694 0.605961
vt 0.922039 0.608581
vt 0.902213 0.607199
vt 0.898407 0.604703
vt 0.928946 0.609066
vt 0.905884 0.604562
vt 0.933033 0.607130
vt 0.909151 0.607678
vt 0.932760 0.609325
vt 0.941602 0.609939
vt 0.915823 0.604960
vt 0.912404 0.607920
vt 0.889467 0.606325
vt 0.918791 0.608368
vt 0.894171 0.606642
vt 0.898376 0.606930
vt 0.941620 0.610890
vt 0.936933 0.609610
vt 0.915597 0.608159
vt 0.912149 0.611085
vt 0.889318 0.607272
vt 0.918604 0.611533
vt 0.921891 0.611642
vt 0.893928 0.608316
vt 0.925400 0.608826
vt 0.901917 0.609799
vt 0.928882 0.611669
vt 0.905776 0.607452
vt 0.908872 0.610738
vt 0.936948 0.611290
vt 0.901381 0.612409
vt 0.898103 0.609141
vt 0.929055 0.614316
vt 0.925294 0.611704
vt 0.905482 0.610329
vt 0.932728 0.611538
vt 0.908455 0.613845
vt 0.932962 0.613778
vt 0.941798 0.611828
vt 0.915374 0.611359
vt 0.911822 0.614311
vt 0.889022 0.608190
vt 0.918483 0.614770
vt 0.893465 0.609962
vt 0.921876 0.614770
vt 0.897564 0.611341
vt 0.915147 0.614628
vt 0.911409 0.617670
vt 0.888570 0.609055
vt 0.942126 0.612737
vt 0.918433 0.618150
vt 0.892754 0.611559
vt 0.922007 0.618028
vt 0.896750 0.613528
vt 0.925380 0.614641
vt 0.900583 0.615049
vt 0.929485 0.617028
vt 0.904992 0.613236
vt 0.907880 0.617061
vt 0.937182 0.612969
vt 0.933470 0.616043
vt 0.937670 0.614638
vt 0.930211 0.619831
vt 0.925676 0.617682
vt 0.904282 0.616218
vt 0.899481 0.617739
vt 0.907111 0.620453
vt 0.934285 0.618331
vt 0.938423 0.616268
vt 0.914913 0.618042
vt 0.910888 0.621242
vt 0.887965 0.609843
vt 0.942616 0.613591
vt 0.918465 0.621757
vt 0.891784 0.613082
vt 0.922308 0.621486
vt 0.895629 0.615696
vt 0.943270 0.614361
vt 0.918596 0.625696
vt 0.914664 0.621687
vt 0.887208 0.610524
vt 0.922823 0.625232
vt 0.890532 0.614488
vt 0.926218 0.620878
vt 0.898013 0.620491
vt 0.931292 0.622744
vt 0.903310 0.619320
vt 0.906094 0.624103
vt 0.939470 0.617820
vt 0.910226 0.625131
vt 0.935439 0.620605
vt 0.932828 0.625797
vt 0.904744 0.628116
vt 0.902009 0.622595
vt 0.937033 0.622883
vt 0.940818 0.619264
vt 0.914395 0.625672
vt 0.909374 0.629469
vt 0.886322 0.611075
vt 0.944069 0.615018
vt 0.918860 0.630104
vt 0.888996 0.615746
vt 0.923622 0.629383
vt 0.892282 0.619859
vt 0.894174 0.617804
vt 0.927064 0.624288
vt 0.896076 0.623321
vt 0.887155 0.616780
vt 0.924823 0.634101
vt 0.889897 0.621768
vt 0.928309 0.627984
vt 0.893531 0.626218
vt 0.934956 0.628995
vt 0.900276 0.626100
vt 0.902923 0.632641
vt 0.939133 0.625083
vt 0.942495 0.620526
vt 0.914094 0.630140
vt 0.908262 0.634440
vt 0.885318 0.611460
vt 0.945006 0.615529
vt 0.919300 0.635175
vt 0.900377 0.637940
vt 0.897961 0.629893
vt 0.941844 0.627086
vt 0.946060 0.615862
vt 0.913751 0.635273
vt 0.906804 0.640313
vt 0.884221 0.611653
vt 0.919968 0.641183
vt 0.926642 0.639680
vt 0.886931 0.623402
vt 0.930094 0.632040
vt 0.890152 0.629161
vt 0.937906 0.632348
vt 0.611880 0.911124
vt 0.608302 0.903380
vt 0.614391 0.906112
vt 0.572865 0.916262
vt 0.572041 0.922980
vt 0.569998 0.921944
vt 0.619939 0.909797
vt 0.579853 0.914567
vt 0.577065 0.911302
vt 0.621112 0.917523
vt 0.624332 0.914708
vt 0.582133 0.907071
vt 0.627746 0.920203
vt 0.589929 0.909547
vt 0.588162 0.904220
vt 0.627575 0.926915
vt 0.629724 0.926192
vt 0.594584 0.902391
vt 0.629409 0.932250
vt 0.630507 0.932067
vt 0.601512 0.901933
vt 0.595420 0.908446
vt 0.568364 0.927724
vt 0.569438 0.928063
vt 0.567585 0.933402
vt 0.630507 0.937728
vt 0.606608 0.909250
vt 0.622443 0.923829
vt 0.624774 0.921921
vt 0.591123 0.914228
vt 0.628402 0.932633
vt 0.601051 0.908341
vt 0.595889 0.913545
vt 0.570393 0.928588
vt 0.605416 0.914226
vt 0.610032 0.915581
vt 0.577629 0.920651
vt 0.575575 0.918409
vt 0.616775 0.913908
vt 0.581913 0.917763
vt 0.618623 0.920380
vt 0.584677 0.911604
vt 0.579188 0.922949
vt 0.573751 0.924293
vt 0.614458 0.917655
vt 0.608661 0.919575
vt 0.583414 0.920834
vt 0.616703 0.923199
vt 0.586437 0.915654
vt 0.591913 0.918383
vt 0.624170 0.929216
vt 0.625713 0.927959
vt 0.627514 0.933183
vt 0.600677 0.913560
vt 0.596148 0.917968
vt 0.571210 0.929262
vt 0.604532 0.918564
vt 0.575112 0.925761
vt 0.592418 0.922142
vt 0.622930 0.930621
vt 0.600357 0.918046
vt 0.596270 0.921915
vt 0.571874 0.930047
vt 0.626756 0.933863
vt 0.603854 0.922452
vt 0.576149 0.927339
vt 0.607631 0.923219
vt 0.612724 0.921131
vt 0.584481 0.923779
vt 0.615236 0.925951
vt 0.587661 0.919349
vt 0.620557 0.925888
vt 0.611419 0.924390
vt 0.606854 0.926609
vt 0.585198 0.926608
vt 0.580357 0.925279
vt 0.614134 0.928639
vt 0.588494 0.922768
vt 0.619087 0.928009
vt 0.592711 0.925613
vt 0.621952 0.932146
vt 0.626151 0.934649
vt 0.600073 0.922034
vt 0.596293 0.925529
vt 0.572371 0.930917
vt 0.603323 0.926024
vt 0.576906 0.928997
vt 0.621238 0.933737
vt 0.599816 0.925680
vt 0.596238 0.928915
vt 0.572714 0.931841
vt 0.625690 0.935509
vt 0.602905 0.929382
vt 0.577415 0.930686
vt 0.606273 0.929823
vt 0.581672 0.929867
vt 0.581174 0.927594
vt 0.610443 0.927483
vt 0.585622 0.929339
vt 0.613335 0.931276
vt 0.589027 0.925977
vt 0.617967 0.930168
vt 0.592837 0.928882
vt 0.612799 0.933883
vt 0.609730 0.930459
vt 0.589318 0.929030
vt 0.585793 0.932004
vt 0.617153 0.932347
vt 0.592821 0.932022
vt 0.620768 0.935379
vt 0.599576 0.929094
vt 0.596116 0.932158
vt 0.572895 0.932798
vt 0.625382 0.936424
vt 0.602576 0.932608
vt 0.577653 0.932390
vt 0.605854 0.932929
vt 0.572915 0.933765
vt 0.625232 0.937371
vt 0.602321 0.935773
vt 0.599348 0.932365
vt 0.577653 0.934091
vt 0.605573 0.935987
vt 0.581906 0.932128
vt 0.609238 0.933361
vt 0.585730 0.934628
vt 0.612501 0.936480
vt 0.589402 0.931980
vt 0.616614 0.934540
vt 0.592676 0.935093
vt 0.620536 0.937051
vt 0.595930 0.935330
vt 0.589299 0.934874
vt 0.585440 0.937236
vt 0.616332 0.936748
vt 0.612432 0.939094
vt 0.592404 0.938155
vt 0.620539 0.938740
vt 0.625253 0.938330
vt 0.599125 0.935566
vt 0.595680 0.938496
vt 0.572762 0.934721
vt 0.602134 0.938941
vt 0.605423 0.939052
vt 0.581883 0.934366
vt 0.577419 0.935775
vt 0.608943 0.936234
vt 0.602011 0.942177
vt 0.598904 0.938766
vt 0.572452 0.935644
vt 0.605403 0.942183
vt 0.581609 0.936588
vt 0.576947 0.937429
vt 0.608832 0.939120
vt 0.584914 0.939853
vt 0.612598 0.941749
vt 0.589012 0.937755
vt 0.616301 0.938975
vt 0.591995 0.941262
vt 0.620781 0.940430
vt 0.625435 0.939278
vt 0.595358 0.941720
vt 0.616526 0.941225
vt 0.613018 0.944471
vt 0.591431 0.944475
vt 0.588532 0.940665
vt 0.621277 0.942111
vt 0.598679 0.942033
vt 0.594952 0.945072
vt 0.571994 0.936516
vt 0.625767 0.940196
vt 0.601957 0.945552
vt 0.576225 0.939038
vt 0.605525 0.945440
vt 0.581079 0.938798
vt 0.608911 0.942063
vt 0.584129 0.942502
vt 0.575246 0.940576
vt 0.605810 0.948894
vt 0.580274 0.940998
vt 0.609196 0.945108
vt 0.583046 0.945205
vt 0.613728 0.947287
vt 0.587836 0.943649
vt 0.617026 0.943501
vt 0.590679 0.947860
vt 0.622031 0.943745
vt 0.626270 0.941055
vt 0.598446 0.945440
vt 0.594440 0.948632
vt 0.571382 0.937312
vt 0.601979 0.949148
vt 0.589688 0.951497
vt 0.586885 0.946753
vt 0.623081 0.945323
vt 0.617831 0.945801
vt 0.598197 0.949071
vt 0.593791 0.952497
vt 0.570621 0.938003
vt 0.626924 0.941835
vt 0.602095 0.953067
vt 0.573991 0.942010
vt 0.606299 0.952633
vt 0.579166 0.943182
vt 0.609720 0.948309
vt 0.581603 0.947978
vt 0.614790 0.950221
vt 0.607056 0.956773
vt 0.577709 0.945336
vt 0.572458 0.943284
vt 0.610538 0.951725
vt 0.579708 0.950833
vt 0.616294 0.953294
vt 0.585616 0.950028
vt 0.618988 0.948116
vt 0.588378 0.955488
vt 0.624427 0.946777
vt 0.627735 0.942500
vt 0.597925 0.953031
vt 0.592959 0.956793
vt 0.569718 0.938560
vt 0.602331 0.957441
vt 0.626127 0.948073
vt 0.620559 0.950416
vt 0.586618 0.959990
vt 0.597620 0.957453
vt 0.591881 0.961689
vt 0.568697 0.938951
vt 0.628684 0.943018
vt 0.602721 0.962450
vt 0.570591 0.944356
vt 0.608188 0.961493
vt 0.575849 0.947424
vt 0.611737 0.955426
vt 0.577220 0.953777
vt 0.618385 0.956528
vt 0.583936 0.953529
vt 0.615909 0.964080
vt 0.613447 0.959481
vt 0.570565 0.951139
vt 0.573507 0.949382
vt 0.621311 0.959969
vt 0.581711 0.957301
vt 0.574008 0.956729
vt 0.622631 0.952643
vt 0.578688 0.961460
vt 0.625355 0.954723
vt 0.584276 0.965095
vt 0.628156 0.949087
vt 0.597267 0.962506
vt 0.590472 0.967392
vt 0.567581 0.939139
vt 0.629749 0.943350
vt 0.603313 0.968313
vt 0.568395 0.945136
vt 0.609805 0.966914
vt 0.894851 0.633979
vt 0.944482 0.621499
vt 0.913354 0.641267
vt 0.885045 0.617486
vt 0.932630 0.636490
vt 0.596851 0.968356
vt 0.855026 0.156494
vt 0.857677 0.158518
vt 0.854263 0.163034
vt 0.858970 0.151441
vt 0.534392 0.067352
vt 0.531632 0.061817
vt 0.533630 0.060812
vt 0.852266 0.162029
vt 0.793911 0.949544
vt 0.798160 0.954635
vt 0.792161 0.952485
vt 0.897202 0.898422
vt 0.895452 0.895481
vt 0.901452 0.893331
vt 0.538337 0.072405
vt 0.537044 0.065328
vt 0.789515 0.945836
vt 0.786567 0.949050
vt 0.892806 0.902129
vt 0.889858 0.898915
vt 0.795862 0.947205
vt 0.785990 0.941350
vt 0.789757 0.939124
vt 0.792454 0.943347
vt 0.793255 0.937442
vt 0.787798 0.934686
vt 0.783300 0.936447
vt 0.781834 0.944373
vt 0.781601 0.931190
vt 0.778199 0.938789
vt 0.786491 0.930111
vt 0.864016 0.147208
vt 0.866616 0.151639
vt 0.861834 0.154669
vt 0.869954 0.144069
vt 0.543383 0.076638
vt 0.541200 0.069177
vt 0.889281 0.906616
vt 0.885125 0.903592
vt 0.549321 0.079777
vt 0.545983 0.072207
vt 0.886591 0.911519
vt 0.881490 0.909177
vt 0.543292 0.066023
vt 0.547760 0.068209
vt 0.544820 0.062987
vt 0.552453 0.069640
vt 0.553263 0.065488
vt 0.549024 0.064505
vt 0.540659 0.060879
vt 0.541812 0.058586
vt 0.545900 0.060065
vt 0.537671 0.056543
vt 0.538416 0.054910
vt 0.546605 0.057280
vt 0.542639 0.056291
vt 0.543125 0.054041
vt 0.550418 0.057906
vt 0.547027 0.054568
vt 0.549877 0.061095
vt 0.538910 0.053247
vt 0.539138 0.051564
vt 0.543347 0.051801
vt 0.534461 0.051170
vt 0.539146 0.049884
vt 0.543324 0.049585
vt 0.538899 0.048222
vt 0.547136 0.049313
vt 0.543035 0.047388
vt 0.534325 0.049280
vt 0.538433 0.046587
vt 0.542502 0.045204
vt 0.537707 0.045009
vt 0.546295 0.044130
vt 0.541683 0.043041
vt 0.533562 0.047518
vt 0.536735 0.043498
vt 0.540542 0.040883
vt 0.539068 0.038770
vt 0.542888 0.036088
vt 0.544389 0.038846
vt 0.545492 0.041511
vt 0.540947 0.033301
vt 0.545088 0.030513
vt 0.546877 0.034014
vt 0.548194 0.037263
vt 0.542711 0.026770
vt 0.547657 0.023931
vt 0.549563 0.028486
vt 0.550926 0.032428
vt 0.544992 0.018588
vt 0.553007 0.022051
vt 0.554167 0.027039
vt 0.558911 0.026341
vt 0.559236 0.030834
vt 0.555070 0.031415
vt 0.559524 0.034818
vt 0.563452 0.030792
vt 0.563704 0.026366
vt 0.564135 0.021241
vt 0.568484 0.027105
vt 0.569714 0.022321
vt 0.571583 0.016629
vt 0.575039 0.024429
vt 0.573214 0.028487
vt 0.567697 0.031249
vt 0.577724 0.030669
vt 0.576192 0.033714
vt 0.571939 0.032228
vt 0.571095 0.035636
vt 0.580364 0.035836
vt 0.579200 0.038142
vt 0.575093 0.036665
vt 0.574376 0.039463
vt 0.583346 0.040202
vt 0.582594 0.041839
vt 0.578371 0.040445
vt 0.577863 0.042706
vt 0.587060 0.043749
vt 0.582094 0.043507
vt 0.573949 0.042174
vt 0.577641 0.044948
vt 0.581861 0.045194
vt 0.577662 0.047167
vt 0.586550 0.045604
vt 0.581849 0.046878
vt 0.573843 0.047432
vt 0.577950 0.049368
vt 0.582092 0.048544
vt 0.578483 0.051559
vt 0.586679 0.047499
vt 0.582554 0.050182
vt 0.575484 0.055256
vt 0.574687 0.052626
vt 0.583276 0.051763
vt 0.579280 0.053722
vt 0.580419 0.055883
vt 0.587436 0.049267
vt 0.584243 0.053279
vt 0.576571 0.057920
vt 0.578049 0.060666
vt 0.581883 0.057997
vt 0.575859 0.066251
vt 0.574092 0.062755
vt 0.579985 0.063465
vt 0.571407 0.068320
vt 0.570027 0.064319
vt 0.578175 0.069969
vt 0.582497 0.066302
vt 0.566773 0.069673
vt 0.565891 0.065330
vt 0.568990 0.060672
vt 0.562026 0.070380
vt 0.561713 0.065890
vt 0.567950 0.074667
vt 0.557227 0.070337
vt 0.557498 0.065915
vt 0.561434 0.061898
vt 0.556752 0.075445
vt 0.551232 0.074290
vt 0.555939 0.081674
vt 0.562387 0.075581
vt 0.884075 0.922154
vt 0.878234 0.921739
vt 0.879196 0.915368
vt 0.883020 0.148265
vt 0.876573 0.142172
vt 0.883450 0.142074
vt 0.562816 0.081772
vt 0.780783 0.925811
vt 0.775904 0.932598
vt 0.774943 0.926227
vt 0.877385 0.148401
vt 0.871865 0.149557
vt 0.884892 0.916776
vt 0.785828 0.925456
vt 0.780837 0.920368
vt 0.774987 0.919778
vt 0.890249 0.143119
vt 0.878279 0.928188
vt 0.569616 0.080727
vt 0.893893 0.151087
vt 0.888584 0.149179
vt 0.776383 0.913303
vt 0.896546 0.145912
vt 0.573260 0.072759
vt 0.575912 0.077934
vt 0.879674 0.934663
vt 0.884128 0.927598
vt 0.892040 0.155526
vt 0.898808 0.153877
vt 0.887406 0.154174
vt 0.890660 0.159528
vt 0.896493 0.157595
vt 0.886525 0.158517
vt 0.889623 0.163174
vt 0.894725 0.161091
vt 0.885847 0.162406
vt 0.888842 0.166561
vt 0.893405 0.164352
vt 0.885316 0.165979
vt 0.888259 0.169769
vt 0.892425 0.167437
vt 0.884894 0.169325
vt 0.887840 0.172869
vt 0.891704 0.170408
vt 0.884565 0.172547
vt 0.887561 0.175923
vt 0.891220 0.173299
vt 0.884310 0.175708
vt 0.887412 0.178985
vt 0.890933 0.176168
vt 0.884122 0.178875
vt 0.887397 0.182120
vt 0.890816 0.179048
vt 0.883998 0.182115
vt 0.887525 0.185381
vt 0.890909 0.181996
vt 0.883943 0.185499
vt 0.887828 0.188857
vt 0.891195 0.185031
vt 0.883967 0.189113
vt 0.888330 0.192597
vt 0.891728 0.188210
vt 0.892572 0.191618
vt 0.893847 0.195359
vt 0.896825 0.190132
vt 0.889117 0.196741
vt 0.890347 0.201525
vt 0.898357 0.193177
vt 0.895672 0.199417
vt 0.884768 0.202605
vt 0.884337 0.197481
vt 0.892216 0.207218
vt 0.879545 0.197505
vt 0.879869 0.193012
vt 0.884085 0.193055
vt 0.880157 0.189028
vt 0.875704 0.192432
vt 0.874800 0.196807
vt 0.870196 0.195360
vt 0.871560 0.191419
vt 0.868290 0.199915
vt 0.873640 0.201795
vt 0.863344 0.197076
vt 0.865722 0.193334
vt 0.865625 0.205259
vt 0.861580 0.190545
vt 0.863521 0.187758
vt 0.867510 0.189832
vt 0.859701 0.185076
vt 0.861175 0.182963
vt 0.868827 0.186583
vt 0.865022 0.185000
vt 0.869804 0.183514
vt 0.872591 0.187775
vt 0.870514 0.180552
vt 0.866126 0.182336
vt 0.873384 0.184378
vt 0.866928 0.179717
vt 0.867468 0.177120
vt 0.873970 0.181169
vt 0.871021 0.177650
vt 0.867770 0.174533
vt 0.863669 0.176458
vt 0.871309 0.174785
vt 0.867841 0.171932
vt 0.874678 0.175015
vt 0.871425 0.171907
vt 0.874396 0.178066
vt 0.877926 0.175258
vt 0.877667 0.178419
vt 0.878116 0.172093
vt 0.881342 0.172300
vt 0.881116 0.175499
vt 0.881572 0.169029
vt 0.881813 0.165590
vt 0.878241 0.168858
vt 0.878290 0.165487
vt 0.878262 0.161876
vt 0.882068 0.161949
vt 0.878131 0.157931
vt 0.874417 0.162111
vt 0.874719 0.165572
vt 0.871051 0.165940
vt 0.870511 0.162752
vt 0.874848 0.168828
vt 0.869658 0.159342
vt 0.866534 0.163781
vt 0.867238 0.166567
vt 0.863272 0.167555
vt 0.862445 0.165261
vt 0.863758 0.169805
vt 0.867660 0.169279
vt 0.859543 0.170599
vt 0.859049 0.168936
vt 0.859771 0.172282
vt 0.863980 0.172045
vt 0.855094 0.172676
vt 0.859779 0.173963
vt 0.863957 0.174261
vt 0.859532 0.175625
vt 0.854958 0.174567
vt 0.859067 0.177259
vt 0.863135 0.178642
vt 0.858340 0.178837
vt 0.862317 0.180805
vt 0.854195 0.176328
vt 0.857369 0.180348
vt 0.853590 0.177106
vt 0.852834 0.177777
vt 0.856136 0.181737
vt 0.851945 0.178318
vt 0.849883 0.173250
vt 0.854928 0.171734
vt 0.854592 0.170825
vt 0.804329 0.954331
vt 0.809867 0.955444
vt 0.804142 0.955444
vt 0.850664 0.167685
vt 0.851716 0.168018
vt 0.907620 0.893635
vt 0.907433 0.892522
vt 0.913159 0.892522
vt 0.530031 0.056162
vt 0.529249 0.050597
vt 0.531083 0.055828
vt 0.852652 0.168534
vt 0.853453 0.169197
vt 0.854105 0.169969
vt 0.855111 0.173628
vt 0.854659 0.175476
vt 0.850944 0.178696
vt 0.849852 0.178874
vt 0.815538 0.954672
vt 0.815201 0.953599
vt 0.918829 0.893294
vt 0.918492 0.894367
vt 0.530311 0.045151
vt 0.529218 0.044972
vt 0.917969 0.895321
vt 0.917297 0.896138
vt 0.916513 0.896802
vt 0.915644 0.897299
vt 0.914722 0.897643
vt 0.913767 0.897825
vt 0.912800 0.897834
vt 0.911845 0.897694
vt 0.910923 0.897383
vt 0.910052 0.896926
vt 0.909258 0.896315
vt 0.908567 0.895556
vt 0.908011 0.894654
vt 0.534295 0.052112
vt 0.533958 0.053022
vt 0.532019 0.055312
vt 0.532820 0.054650
vt 0.533471 0.053878
vt 0.534478 0.050219
vt 0.534026 0.048371
vt 0.532957 0.046740
vt 0.532201 0.046069
vt 0.531312 0.045528
vt 0.814678 0.952644
vt 0.814005 0.951828
vt 0.813222 0.951164
vt 0.812353 0.950667
vt 0.811431 0.950323
vt 0.810475 0.950140
vt 0.809509 0.950132
vt 0.808553 0.950272
vt 0.807632 0.950583
vt 0.806761 0.951039
vt 0.805967 0.951650
vt 0.805276 0.952410
vt 0.804720 0.953312
vt 0.798936 0.952443
vt 0.800004 0.950576
vt 0.801274 0.949040
vt 0.797942 0.945352
vt 0.802704 0.947800
vt 0.800107 0.943881
vt 0.795305 0.941452
vt 0.802281 0.942782
vt 0.804239 0.946819
vt 0.804481 0.941957
vt 0.798082 0.940002
vt 0.800785 0.938911
vt 0.803420 0.938138
vt 0.796529 0.936170
vt 0.799631 0.935216
vt 0.802610 0.934522
vt 0.798801 0.931626
vt 0.795419 0.932380
vt 0.791785 0.933374
vt 0.794643 0.928624
vt 0.798200 0.928108
vt 0.801549 0.927698
vt 0.797827 0.924617
vt 0.801231 0.924379
vt 0.804495 0.924149
vt 0.801082 0.921049
vt 0.797710 0.921109
vt 0.794117 0.921093
vt 0.797816 0.917544
vt 0.794365 0.917266
vt 0.790629 0.916784
vt 0.794941 0.913361
vt 0.798140 0.913877
vt 0.801181 0.914151
vt 0.798772 0.910066
vt 0.795952 0.909358
vt 0.793012 0.908303
vt 0.797423 0.905251
vt 0.799718 0.906039
vt 0.801481 0.910465
vt 0.801999 0.906549
vt 0.801098 0.901795
vt 0.799449 0.901036
vt 0.795086 0.904093
vt 0.802129 0.896794
vt 0.797871 0.900008
vt 0.802993 0.897286
vt 0.789939 0.906813
vt 0.796411 0.898668
vt 0.792783 0.902540
vt 0.795109 0.896977
vt 0.800676 0.895332
vt 0.790540 0.900485
vt 0.794055 0.894932
vt 0.800153 0.894385
vt 0.788481 0.897837
vt 0.909481 0.166893
vt 0.909632 0.160297
vt 0.911603 0.166173
vt 0.588998 0.063549
vt 0.588848 0.056953
vt 0.590969 0.057673
vt 0.897347 0.953033
vt 0.891772 0.950129
vt 0.893831 0.947481
vt 0.903445 0.953581
vt 0.903109 0.954649
vt 0.911315 0.172194
vt 0.912406 0.172010
vt 0.590682 0.051652
vt 0.591773 0.051836
vt 0.799817 0.893316
vt 0.898400 0.950988
vt 0.589681 0.051270
vt 0.591773 0.046203
vt 0.908737 0.955428
vt 0.911836 0.951068
vt 0.912621 0.951678
vt 0.913298 0.952440
vt 0.805446 0.892538
vt 0.912406 0.177644
vt 0.910314 0.172577
vt 0.909427 0.173122
vt 0.908673 0.173798
vt 0.908070 0.174579
vt 0.907608 0.175435
vt 0.907313 0.176347
vt 0.907163 0.177289
vt 0.907183 0.178242
vt 0.907353 0.179187
vt 0.907694 0.180098
vt 0.908186 0.180955
vt 0.908843 0.181727
vt 0.909650 0.182389
vt 0.910591 0.182904
vt 0.911651 0.183234
vt 0.811117 0.892522
vt 0.810935 0.893621
vt 0.914227 0.954345
vt 0.914409 0.955444
vt 0.589958 0.040942
vt 0.591018 0.040612
vt 0.913845 0.953335
vt 0.910973 0.950612
vt 0.910059 0.950300
vt 0.909111 0.950157
vt 0.908152 0.950163
vt 0.907202 0.950341
vt 0.906284 0.950680
vt 0.905420 0.951171
vt 0.904637 0.951823
vt 0.903968 0.952633
vt 0.809329 0.896287
vt 0.808544 0.896897
vt 0.810007 0.895525
vt 0.588794 0.050724
vt 0.588039 0.050049
vt 0.586975 0.048411
vt 0.586529 0.046558
vt 0.586720 0.044659
vt 0.587553 0.042891
vt 0.588210 0.042119
vt 0.589016 0.041458
vt 0.810554 0.894630
vt 0.807682 0.897354
vt 0.806768 0.897666
vt 0.805819 0.897808
vt 0.804860 0.897803
vt 0.803911 0.897625
vt 0.801346 0.896143
vt 0.804467 0.902520
vt 0.802775 0.902282
vt 0.806475 0.906720
vt 0.804248 0.906762
vt 0.806160 0.902520
vt 0.806752 0.910543
vt 0.804139 0.910631
vt 0.808684 0.906428
vt 0.804121 0.914218
vt 0.804197 0.917631
vt 0.801070 0.917658
vt 0.807008 0.914114
vt 0.804316 0.920921
vt 0.807694 0.923923
vt 0.807482 0.920728
vt 0.807935 0.927117
vt 0.804770 0.927372
vt 0.810896 0.923696
vt 0.805114 0.930648
vt 0.802010 0.931060
vt 0.805518 0.934044
vt 0.806038 0.937602
vt 0.808646 0.937322
vt 0.808398 0.933742
vt 0.811147 0.941140
vt 0.808909 0.941161
vt 0.811291 0.933642
vt 0.811268 0.937254
vt 0.814244 0.933728
vt 0.811248 0.930223
vt 0.808176 0.930371
vt 0.811107 0.926928
vt 0.814352 0.926801
vt 0.814168 0.923462
vt 0.817584 0.923216
vt 0.813873 0.920132
vt 0.810646 0.920467
vt 0.810319 0.917190
vt 0.807262 0.917477
vt 0.809879 0.913807
vt 0.812779 0.913307
vt 0.809349 0.910243
vt 0.813424 0.916763
vt 0.815753 0.912587
vt 0.811952 0.909702
vt 0.816638 0.916175
vt 0.818843 0.911602
vt 0.814586 0.908899
vt 0.820029 0.915388
vt 0.822106 0.910282
vt 0.817263 0.907797
vt 0.823676 0.914345
vt 0.825584 0.908530
vt 0.820022 0.906309
vt 0.827676 0.912958
vt 0.829324 0.906197
vt 0.822849 0.904363
vt 0.832135 0.911090
vt 0.833425 0.903006
vt 0.825684 0.901872
vt 0.837149 0.908549
vt 0.936716 0.944960
vt 0.935426 0.936876
vt 0.940441 0.939417
vt 0.577712 0.019922
vt 0.898346 0.203924
vt 0.900480 0.196334
vt 0.903390 0.199542
vt 0.928975 0.946094
vt 0.931767 0.949327
vt 0.579847 0.027512
vt 0.582757 0.024305
vt 0.828476 0.898639
vt 0.932615 0.941769
vt 0.583986 0.031384
vt 0.581928 0.033571
vt 0.585721 0.037210
vt 0.587406 0.035932
vt 0.589433 0.034903
vt 0.586606 0.029394
vt 0.919572 0.952513
vt 0.926261 0.952687
vt 0.920293 0.954660
vt 0.822969 0.895279
vt 0.816281 0.895452
vt 0.817001 0.893305
vt 0.910066 0.188943
vt 0.907239 0.194452
vt 0.904620 0.192463
vt 0.908039 0.187914
vt 0.902561 0.190276
vt 0.900998 0.188011
vt 0.906354 0.186637
vt 0.899833 0.185704
vt 0.903980 0.183644
vt 0.905008 0.185197
vt 0.903228 0.182008
vt 0.899004 0.183402
vt 0.898496 0.181141
vt 0.902728 0.180340
vt 0.898274 0.178899
vt 0.894582 0.181673
vt 0.902495 0.178652
vt 0.898295 0.176679
vt 0.902483 0.176968
vt 0.898583 0.174478
vt 0.894476 0.176415
vt 0.902726 0.175302
vt 0.899117 0.172288
vt 0.903187 0.173664
vt 0.895321 0.171220
vt 0.896118 0.168590
vt 0.903910 0.172083
vt 0.899913 0.170124
vt 0.901053 0.167964
vt 0.904876 0.170567
vt 0.897204 0.165926
vt 0.898683 0.163180
vt 0.902516 0.165850
vt 0.900619 0.160381
vt 0.903131 0.157544
vt 0.906720 0.161938
vt 0.904363 0.163836
vt 0.906418 0.154739
vt 0.886586 0.946112
vt 0.585784 0.069108
vt 0.586087 0.061908
vt 0.783295 0.901854
vt 0.890003 0.943222
vt 0.887077 0.938298
vt 0.783786 0.909668
vt 0.779207 0.907222
vt 0.901999 0.149844
vt 0.581365 0.074003
vt 0.882499 0.940744
vt 0.786711 0.904743
vt 0.781787 0.914913
vt 0.787830 0.911364
vt 0.786496 0.916036
vt 0.791526 0.912552
vt 0.790203 0.920983
vt 0.785836 0.920753
vt 0.794200 0.924871
vt 0.790245 0.925147
vt 0.790782 0.929276
vt 0.583730 0.060011
vt 0.587001 0.055915
vt 0.585472 0.054674
vt 0.891121 0.936601
vt 0.885078 0.933053
vt 0.894817 0.935414
vt 0.889787 0.931930
vt 0.893231 0.941153
vt 0.898232 0.934605
vt 0.893920 0.931181
vt 0.896303 0.939663
vt 0.901432 0.934089
vt 0.897656 0.930700
vt 0.899243 0.938608
vt 0.904472 0.933815
vt 0.901108 0.930422
vt 0.902064 0.937900
vt 0.907413 0.933748
vt 0.904361 0.930308
vt 0.904772 0.937501
vt 0.910299 0.933852
vt 0.907488 0.930334
vt 0.910043 0.937422
vt 0.907430 0.937335
vt 0.913170 0.934159
vt 0.911975 0.941537
vt 0.909766 0.941245
vt 0.912640 0.937723
vt 0.914162 0.942077
vt 0.912767 0.946173
vt 0.911128 0.945682
vt 0.909451 0.945446
vt 0.907758 0.945446
vt 0.907540 0.941203
vt 0.906067 0.945683
vt 0.905291 0.941417
vt 0.904389 0.946171
vt 0.903009 0.941927
vt 0.902741 0.946930
vt 0.900714 0.942715
vt 0.898377 0.943873
vt 0.901162 0.947957
vt 0.899703 0.949298
vt 0.896074 0.945426
vt 0.916345 0.942904
vt 0.914362 0.946892
vt 0.918511 0.944040
vt 0.917877 0.939067
vt 0.915244 0.938263
vt 0.916071 0.934659
vt 0.919044 0.935379
vt 0.922135 0.936364
vt 0.919930 0.931791
vt 0.916716 0.931202
vt 0.917164 0.927834
vt 0.920523 0.928260
vt 0.913610 0.930775
vt 0.920875 0.924750
vt 0.924524 0.925014
vt 0.924098 0.928798
vt 0.928519 0.925306
vt 0.924648 0.921207
vt 0.921032 0.921224
vt 0.920953 0.917638
vt 0.917681 0.917761
vt 0.917643 0.921164
vt 0.917535 0.914238
vt 0.920599 0.913942
vt 0.914539 0.917743
vt 0.919952 0.910125
vt 0.922794 0.909392
vt 0.917223 0.910546
vt 0.923789 0.913428
vt 0.916689 0.906600
vt 0.918977 0.906088
vt 0.914559 0.910712
vt 0.921294 0.905270
vt 0.917567 0.901833
vt 0.915883 0.902321
vt 0.914180 0.902579
vt 0.914438 0.906826
vt 0.912477 0.902579
vt 0.911937 0.910644
vt 0.912200 0.906805
vt 0.909329 0.910363
vt 0.914582 0.914324
vt 0.911689 0.914223
vt 0.908810 0.913921
vt 0.906712 0.909828
vt 0.908406 0.917317
vt 0.905301 0.916906
vt 0.905901 0.913444
vt 0.902092 0.916340
vt 0.908062 0.920594
vt 0.904840 0.920268
vt 0.911227 0.920848
vt 0.910986 0.924043
vt 0.907787 0.923817
vt 0.914187 0.924270
vt 0.910774 0.927238
vt 0.907607 0.927045
vt 0.904373 0.926917
vt 0.904522 0.923587
vt 0.901001 0.926857
vt 0.901119 0.923349
vt 0.897409 0.926873
vt 0.897491 0.923095
vt 0.893495 0.926983
vt 0.893536 0.922819
vt 0.889127 0.927213
vt 0.889120 0.922510
vt 0.889782 0.917855
vt 0.894074 0.918690
vt 0.891089 0.913280
vt 0.897935 0.919342
vt 0.895076 0.914591
vt 0.901491 0.919858
vt 0.898710 0.915585
vt 0.899821 0.911796
vt 0.902923 0.912749
vt 0.904077 0.909055
vt 0.901373 0.907964
vt 0.903399 0.904084
vt 0.905573 0.905184
vt 0.898597 0.906514
vt 0.907772 0.906008
vt 0.907531 0.901147
vt 0.905995 0.900165
vt 0.904565 0.898926
vt 0.901233 0.902614
vt 0.903295 0.897389
vt 0.895746 0.904619
vt 0.899153 0.900761
vt 0.896547 0.910524
vt 0.893048 0.908842
vt 0.902227 0.895523
vt 0.909979 0.906534
vt 0.909140 0.901870
vt 0.910791 0.902342
vt 0.917459 0.924504
vt 0.914399 0.921038
vt 0.913938 0.927498
vt 0.910553 0.930489
vt 0.911467 0.917595
vt 0.923630 0.904094
vt 0.919225 0.901073
vt 0.920801 0.900032
vt 0.922264 0.898670
vt 0.928826 0.906808
vt 0.925724 0.908335
vt 0.925909 0.902548
vt 0.928149 0.900480
vt 0.934995 0.909585
vt 0.930934 0.911353
vt 0.932017 0.904745
vt 0.939546 0.907026
vt 0.937059 0.914859
vt 0.932359 0.916054
vt 0.928190 0.916845
vt 0.938157 0.920372
vt 0.933040 0.920835
vt 0.944240 0.919542
vt 0.944685 0.926503
vt 0.938251 0.926023
vt 0.841393 0.921463
vt 0.840949 0.928423
vt 0.834866 0.927594
vt 0.558535 0.021170
vt 0.551479 0.016127
vt 0.558089 0.015112
vt 0.879168 0.202676
vt 0.878722 0.208734
vt 0.872112 0.207720
vt 0.564783 0.015144
vt 0.937324 0.931595
vt 0.943209 0.933316
vt 0.834033 0.916370
vt 0.839918 0.914649
vt 0.885416 0.208702
vt 0.834960 0.921943
vt 0.829046 0.917580
vt 0.829725 0.922330
vt 0.824700 0.918478
vt 0.825228 0.922660
vt 0.820806 0.919167
vt 0.821232 0.922951
vt 0.817232 0.919706
vt 0.821357 0.926759
vt 0.817740 0.926741
vt 0.817662 0.930327
vt 0.814389 0.930205
vt 0.817307 0.934023
vt 0.816661 0.937841
vt 0.813931 0.937420
vt 0.819502 0.938574
vt 0.820498 0.934538
vt 0.815686 0.941877
vt 0.813398 0.941366
vt 0.814276 0.946133
vt 0.812591 0.945645
vt 0.818003 0.942696
vt 0.810889 0.945387
vt 0.809186 0.945387
vt 0.807500 0.945624
vt 0.806688 0.941432
vt 0.805848 0.946096
vt 0.815934 0.946893
vt 0.820339 0.943872
vt 0.817510 0.947933
vt 0.818973 0.949295
vt 0.822433 0.939631
vt 0.825535 0.941157
vt 0.822618 0.945418
vt 0.824857 0.947485
vt 0.827642 0.936613
vt 0.831704 0.938380
vt 0.828725 0.943221
vt 0.836255 0.940940
vt 0.833767 0.933107
vt 0.829068 0.931912
vt 0.824898 0.931120
vt 0.829749 0.927131
vt 0.823928 0.935378
vt 0.821131 0.930616
vt 0.825312 0.926877
vt 0.839119 0.934879
vt 0.820282 0.951007
vt 0.826996 0.950205
vt 0.821312 0.953050
vt 0.930287 0.897760
vt 0.923574 0.896959
vt 0.924603 0.894916
vt 0.534871 0.034887
vt 0.529990 0.039118
vt 0.532010 0.033291
vt 0.855504 0.188960
vt 0.852643 0.190555
vt 0.850623 0.184729
vt 0.535089 0.027739
vt 0.935280 0.901940
vt 0.831989 0.946026
vt 0.855722 0.196107
vt 0.532132 0.039850
vt 0.537207 0.036755
vt 0.538408 0.030489
vt 0.533973 0.040876
vt 0.535503 0.042109
vt 0.539433 0.022711
vt 0.857841 0.187091
vt 0.852766 0.183996
vt 0.859041 0.193357
vt 0.854606 0.182970
vt 0.860066 0.201135
vt 0.932337 0.930385
vt 0.930967 0.935007
vt 0.926968 0.933620
vt 0.928875 0.939435
vt 0.927991 0.929487
vt 0.923320 0.932578
vt 0.925397 0.937684
vt 0.923313 0.941657
vt 0.920555 0.940169
vt 0.920633 0.945507
vt 0.926140 0.943602
vt 0.924557 0.949713
vt 0.922655 0.947360
vt 0.918529 0.950651
vt 0.917284 0.949109
vt 0.915884 0.947870
vt 0.933016 0.925636
vt 0.928604 0.921089
vt 0.924423 0.917349
vt 0.927220 0.912588
vt 0.942411 0.913087
vt 0.907635 0.167932
vt 0.906105 0.169172
vt 0.894771 0.173825
vt 0.894412 0.179022
vt 0.895009 0.184383
vt 0.895727 0.187181
vt 0.821266 0.898252
vt 0.819364 0.900606
vt 0.815238 0.897315
vt 0.817341 0.902459
vt 0.815220 0.903926
vt 0.812592 0.900096
vt 0.813993 0.898857
vt 0.811071 0.901074
vt 0.813054 0.905062
vt 0.809476 0.901792
vt 0.810871 0.905889
vt 0.807836 0.902284
vt 0.584375 0.038649
vt 0.536650 0.058092
vt 0.535310 0.059530
vt 0.539111 0.063126
vt 0.858304 0.167304
vt 0.861292 0.162968
vt 0.857283 0.165754
vt 0.855944 0.164316
vt 0.863926 0.157823
vt 0.865453 0.160859
vt 0.859745 0.160721
vt 0.868393 0.155638
vt 0.873086 0.154206
vt 0.873897 0.158358
vt 0.877860 0.153509
vt 0.882659 0.153466
vt 0.882346 0.157957
vt 0.871351 0.168980
vt 0.874830 0.171954
vt 0.880891 0.178698
vt 0.877333 0.181643
vt 0.880659 0.181968
vt 0.876910 0.184999
vt 0.880417 0.185382
vt 0.876375 0.188568
vt 0.557629 0.061970
vt 0.561179 0.058257
vt 0.565213 0.061440
vt 0.557656 0.058360
vt 0.557607 0.054988
vt 0.564261 0.054521
vt 0.564683 0.057868
vt 0.560938 0.054817
vt 0.563932 0.051299
vt 0.567626 0.054077
vt 0.567206 0.050977
vt 0.566928 0.047924
vt 0.570587 0.050547
vt 0.571070 0.053438
vt 0.571792 0.056409
vt 0.568208 0.057285
vt 0.572772 0.059494
vt 0.563677 0.048138
vt 0.566779 0.044861
vt 0.570299 0.047679
vt 0.563488 0.044971
vt 0.566764 0.041726
vt 0.570182 0.044798
vt 0.563365 0.041731
vt 0.566891 0.038465
vt 0.570276 0.041851
vt 0.563310 0.038347
vt 0.567195 0.034989
vt 0.570562 0.038815
vt 0.563333 0.034733
vt 0.559784 0.038465
vt 0.556276 0.038847
vt 0.555742 0.035278
vt 0.560026 0.041879
vt 0.551958 0.036071
vt 0.549170 0.040332
vt 0.552750 0.039469
vt 0.549881 0.043294
vt 0.546835 0.046726
vt 0.550387 0.046196
vt 0.553337 0.042677
vt 0.550675 0.049061
vt 0.547207 0.051914
vt 0.550792 0.051939
vt 0.554045 0.048832
vt 0.553763 0.045780
vt 0.557034 0.045427
vt 0.557292 0.048588
vt 0.557483 0.051753
vt 0.560483 0.048347
vt 0.560708 0.051546
vt 0.554197 0.051892
vt 0.550718 0.054866
vt 0.554215 0.055018
vt 0.554086 0.058274
vt 0.553784 0.061735
vt 0.560257 0.045148
vt 0.556700 0.042203
vt 0.573779 0.044824
vt 0.574137 0.050021
vt 0.393522 0.191468
vt 0.431897 0.179700
vt 0.408205 0.205478
vt 0.372286 0.214763
vt 0.389791 0.228895
vt 0.409414 0.152991
vt 0.378517 0.176038
vt 0.353849 0.199201
vt 0.398657 0.138097
vt 0.363310 0.159286
vt 0.334639 0.182158
vt 0.388662 0.122232
vt 0.348335 0.141054
vt 0.315000 0.163421
vt 0.379954 0.105309
vt 0.334132 0.121065
vt 0.295350 0.142604
vt 0.373134 0.087229
vt 0.321355 0.098926
vt 0.276178 0.119108
vt 0.368891 0.067935
vt 0.310824 0.074146
vt 0.258083 0.092058
vt 0.368030 0.047474
vt 0.303632 0.046161
vt 0.241900 0.060206
vt 0.371506 0.026079
vt 0.301336 0.014429
vt 0.228990 0.021828
vt 0.783109 0.217727
vt 0.743382 0.159138
vt 0.805017 0.194654
vt 0.821918 0.267752
vt 0.856248 0.246276
vt 0.759793 0.234797
vt 0.732495 0.177883
vt 0.789198 0.282106
vt 0.735930 0.247271
vt 0.718847 0.193154
vt 0.758048 0.291536
vt 0.712007 0.256278
vt 0.703325 0.205376
vt 0.728320 0.297534
vt 0.688344 0.262719
vt 0.686582 0.215025
vt 0.699922 0.301159
vt 0.665201 0.267311
vt 0.669113 0.222583
vt 0.672852 0.303182
vt 0.642817 0.270612
vt 0.651321 0.228505
vt 0.647189 0.304168
vt 0.621428 0.273019
vt 0.633556 0.233193
vt 0.623064 0.304500
vt 0.599230 0.239576
vt 0.601190 0.274533
vt 0.600566 0.304318
vt 0.583142 0.241573
vt 0.582277 0.275534
vt 0.579798 0.303822
vt 0.567996 0.242931
vt 0.564768 0.276006
vt 0.560784 0.302999
vt 0.553847 0.243558
vt 0.548647 0.275859
vt 0.543450 0.301767
vt 0.540670 0.243337
vt 0.533812 0.274974
vt 0.527633 0.300011
vt 0.528377 0.242156
vt 0.520095 0.273235
vt 0.513096 0.297609
vt 0.516844 0.239921
vt 0.507280 0.270529
vt 0.499550 0.294436
vt 0.505930 0.236556
vt 0.495126 0.266752
vt 0.486674 0.290370
vt 0.483334 0.261960
vt 0.474141 0.285344
vt 0.471712 0.255922
vt 0.495359 0.232233
vt 0.461658 0.279202
vt 0.460005 0.248564
vt 0.485027 0.226644
vt 0.448897 0.271836
vt 0.447977 0.239836
vt 0.474776 0.219758
vt 0.435558 0.263159
vt 0.435423 0.229722
vt 0.464450 0.211570
vt 0.421378 0.253114
vt 0.422188 0.218249
vt 0.453911 0.202109
vt 0.406158 0.241687
vt 0.443065 0.191450
vt 0.393080 0.263467
vt 0.409952 0.274304
vt 0.374711 0.251303
vt 0.354827 0.237806
vt 0.362057 0.273378
vt 0.382067 0.284450
vt 0.340222 0.261062
vt 0.333505 0.222999
vt 0.316586 0.247635
vt 0.310899 0.206729
vt 0.291257 0.232892
vt 0.287242 0.188791
vt 0.264365 0.216673
vt 0.262785 0.168798
vt 0.236012 0.198675
vt 0.237760 0.146110
vt 0.206188 0.178365
vt 0.212359 0.119718
vt 0.174674 0.154866
vt 0.186753 0.088038
vt 0.140928 0.126735
vt 0.161288 0.048561
vt 0.104000 0.091538
vt 0.846889 0.324257
vt 0.891621 0.309898
vt 0.857759 0.383247
vt 0.908638 0.379470
vt 0.806994 0.332500
vt 0.813824 0.383580
vt 0.770613 0.336785
vt 0.774553 0.381751
vt 0.736874 0.338445
vt 0.738613 0.378527
vt 0.705283 0.338383
vt 0.705276 0.374451
vt 0.675614 0.337238
vt 0.674198 0.369925
vt 0.647817 0.335472
vt 0.645264 0.365250
vt 0.621940 0.333390
vt 0.618474 0.360633
vt 0.598006 0.331207
vt 0.593782 0.356300
vt 0.576090 0.328956
vt 0.571289 0.352162
vt 0.556172 0.326628
vt 0.550945 0.348225
vt 0.538134 0.324151
vt 0.532596 0.344423
vt 0.521765 0.321415
vt 0.515993 0.340650
vt 0.506776 0.318294
vt 0.500811 0.336781
vt 0.492822 0.314656
vt 0.486669 0.332677
vt 0.479520 0.310363
vt 0.473140 0.328191
vt 0.466514 0.305242
vt 0.459836 0.323075
vt 0.453420 0.299201
vt 0.446301 0.317274
vt 0.439854 0.292104
vt 0.432112 0.310634
vt 0.425465 0.283834
vt 0.416885 0.303016
vt 0.400290 0.294313
vt 0.391929 0.313769
vt 0.409364 0.321422
vt 0.372659 0.305161
vt 0.351364 0.295529
vt 0.364601 0.325972
vt 0.384595 0.333127
vt 0.342418 0.318033
vt 0.327987 0.284801
vt 0.317820 0.309231
vt 0.302642 0.273210
vt 0.291464 0.299799
vt 0.275295 0.260531
vt 0.262831 0.289553
vt 0.246006 0.246681
vt 0.232006 0.278522
vt 0.214769 0.231485
vt 0.198926 0.266684
vt 0.181400 0.214611
vt 0.163298 0.253935
vt 0.145394 0.195481
vt 0.124472 0.240041
vt 0.105733 0.173146
vt 0.081292 0.224589
vt 0.060605 0.146033
vt 0.032183 0.207015
vt 0.855518 0.441454
vt 0.907606 0.449129
vt 0.841771 0.496729
vt 0.890883 0.514304
vt 0.810688 0.433555
vt 0.798588 0.481275
vt 0.770716 0.425497
vt 0.759759 0.467380
vt 0.734215 0.417368
vt 0.724129 0.454630
vt 0.700428 0.409295
vt 0.691046 0.442791
vt 0.668999 0.401418
vt 0.660220 0.431760
vt 0.639816 0.393867
vt 0.631586 0.421513
vt 0.612870 0.386747
vt 0.605229 0.412081
vt 0.587992 0.380207
vt 0.580629 0.403278
vt 0.565421 0.374141
vt 0.558446 0.395340
vt 0.545063 0.368568
vt 0.538451 0.388184
vt 0.526731 0.363422
vt 0.520428 0.381735
vt 0.510153 0.358599
vt 0.504095 0.375890
vt 0.494983 0.353974
vt 0.489105 0.370526
vt 0.480820 0.349406
vt 0.475055 0.365498
vt 0.467215 0.344748
vt 0.461522 0.360655
vt 0.453744 0.339717
vt 0.447990 0.355813
vt 0.439898 0.334261
vt 0.433941 0.350785
vt 0.425239 0.328212
vt 0.418950 0.345421
vt 0.402618 0.339576
vt 0.412893 0.362712
vt 0.396314 0.357889
vt 0.377983 0.352742
vt 0.357626 0.347169
vt 0.390450 0.376888
vt 0.372101 0.373085
vt 0.351758 0.369148
vt 0.335055 0.341104
vt 0.329266 0.365010
vt 0.310179 0.334564
vt 0.304574 0.360677
vt 0.283234 0.327444
vt 0.277786 0.356059
vt 0.254052 0.319893
vt 0.248854 0.351385
vt 0.222625 0.312016
vt 0.217777 0.346859
vt 0.188840 0.303944
vt 0.184443 0.342782
vt 0.152341 0.295815
vt 0.148504 0.339559
vt 0.112373 0.287757
vt 0.109236 0.337729
vt 0.067545 0.279858
vt 0.065304 0.338062
vt 0.015461 0.272184
vt 0.014429 0.341838
vt 0.862459 0.575291
vt 0.817328 0.548175
vt 0.819060 0.629789
vt 0.782129 0.594589
vt 0.777664 0.525838
vt 0.748381 0.566456
vt 0.741656 0.506706
vt 0.716866 0.542954
vt 0.708284 0.489831
vt 0.687040 0.522644
vt 0.677046 0.474634
vt 0.658686 0.504644
vt 0.647756 0.460783
vt 0.631792 0.488424
vt 0.620407 0.448104
vt 0.606462 0.473680
vt 0.595061 0.436512
vt 0.582825 0.460252
vt 0.571683 0.425783
vt 0.560990 0.447935
vt 0.550388 0.416150
vt 0.540979 0.436862
vt 0.531116 0.407542
vt 0.522756 0.426999
vt 0.513681 0.399889
vt 0.506160 0.418296
vt 0.497807 0.393099
vt 0.490933 0.410678
vt 0.483147 0.387049
vt 0.476744 0.404037
vt 0.469301 0.381594
vt 0.463209 0.398236
vt 0.455830 0.376563
vt 0.449905 0.393120
vt 0.442225 0.371905
vt 0.436376 0.388634
vt 0.428062 0.367337
vt 0.422234 0.384530
vt 0.407053 0.380660
vt 0.416269 0.403016
vt 0.401280 0.399895
vt 0.384912 0.397159
vt 0.366874 0.394681
vt 0.395412 0.421298
vt 0.379595 0.419542
vt 0.362262 0.418310
vt 0.346957 0.392354
vt 0.343248 0.417487
vt 0.325041 0.390102
vt 0.322481 0.416990
vt 0.301109 0.387919
vt 0.299984 0.416807
vt 0.275233 0.385836
vt 0.275860 0.417138
vt 0.247438 0.384070
vt 0.250198 0.418124
vt 0.217770 0.382925
vt 0.223130 0.420147
vt 0.186181 0.382862
vt 0.194734 0.423770
vt 0.152444 0.384522
vt 0.165007 0.429767
vt 0.116065 0.388805
vt 0.133859 0.439196
vt 0.076173 0.397047
vt 0.101141 0.453548
vt 0.031444 0.411405
vt 0.066813 0.475022
vt 0.761767 0.672768
vt 0.736301 0.633288
vt 0.694059 0.699502
vt 0.681150 0.661122
vt 0.710694 0.601606
vt 0.664965 0.629267
vt 0.685291 0.575211
vt 0.646871 0.602214
vt 0.660266 0.552522
vt 0.627697 0.578717
vt 0.635807 0.532527
vt 0.608047 0.557898
vt 0.612149 0.514588
vt 0.588407 0.539159
vt 0.589542 0.498317
vt 0.569196 0.522115
vt 0.568219 0.483509
vt 0.550759 0.506553
vt 0.548335 0.470011
vt 0.533254 0.492419
vt 0.529966 0.457846
vt 0.516886 0.479626
vt 0.513093 0.447008
vt 0.501667 0.468198
vt 0.497580 0.437478
vt 0.487487 0.458153
vt 0.483191 0.429208
vt 0.474147 0.449475
vt 0.469625 0.422110
vt 0.461386 0.442109
vt 0.456531 0.416069
vt 0.448903 0.435967
vt 0.443525 0.410948
vt 0.436370 0.430941
vt 0.430223 0.406654
vt 0.423494 0.426874
vt 0.409948 0.423701
vt 0.415763 0.450781
vt 0.402949 0.448075
vt 0.389232 0.446335
vt 0.374398 0.445450
vt 0.394666 0.479153
vt 0.382373 0.477972
vt 0.369196 0.477749
vt 0.358277 0.445302
vt 0.355048 0.478375
vt 0.340768 0.445773
vt 0.339902 0.479733
vt 0.321857 0.446773
vt 0.323815 0.481730
vt 0.301619 0.448287
vt 0.306922 0.484345
vt 0.280231 0.450694
vt 0.289490 0.488110
vt 0.257848 0.453994
vt 0.271726 0.492798
vt 0.234706 0.458585
vt 0.253935 0.498719
vt 0.211045 0.465024
vt 0.236467 0.506275
vt 0.187122 0.474030
vt 0.219724 0.515923
vt 0.163261 0.486503
vt 0.204203 0.528144
vt 0.139946 0.503571
vt 0.190556 0.543414
vt 0.118039 0.526642
vt 0.179669 0.562157
vt 0.621708 0.706900
vt 0.619413 0.675166
vt 0.551533 0.695247
vt 0.555011 0.673851
vt 0.612221 0.647179
vt 0.554150 0.653388
vt 0.601690 0.622397
vt 0.549907 0.634093
vt 0.588913 0.600256
vt 0.543087 0.616012
vt 0.574709 0.580265
vt 0.534380 0.599087
vt 0.559734 0.562032
vt 0.524385 0.583221
vt 0.544526 0.545279
vt 0.513627 0.568326
vt 0.529521 0.529848
vt 0.502543 0.554354
vt 0.514838 0.515837
vt 0.491144 0.541614
vt 0.500855 0.503064
vt 0.479976 0.529863
vt 0.487620 0.491591
vt 0.469131 0.519204
vt 0.475066 0.481476
vt 0.458592 0.509742
vt 0.463038 0.472748
vt 0.448266 0.501553
vt 0.451332 0.465389
vt 0.438015 0.494667
vt 0.439710 0.459351
vt 0.427683 0.489077
vt 0.427918 0.454559
vt 0.417112 0.484753
vt 0.406198 0.481388
vt 0.400745 0.530486
vt 0.392311 0.527705
vt 0.383363 0.525907
vt 0.373818 0.525011
vt 0.365176 0.578061
vt 0.371581 0.578773
vt 0.428277 0.635760
vt 0.487367 0.625740
vt 0.490286 0.636833
vt 0.428059 0.631283
vt 0.483044 0.614735
vt 0.329404 0.581023
vt 0.306238 0.534159
vt 0.317850 0.530496
vt 0.331122 0.580061
vt 0.329707 0.528328
vt 0.337435 0.579230
vt 0.341440 0.526667
vt 0.344277 0.578589
vt 0.352805 0.525506
vt 0.351355 0.578124
vt 0.363628 0.524916
vt 0.358392 0.577902
vt 0.377558 0.580209
vt 0.387116 0.583630
vt 0.409028 0.533688
vt 0.392646 0.586313
vt 0.417086 0.537976
vt 0.398049 0.589828
vt 0.425032 0.543340
vt 0.403394 0.594010
vt 0.432968 0.549733
vt 0.408692 0.598647
vt 0.440959 0.557057
vt 0.413867 0.603499
vt 0.449007 0.565166
vt 0.418750 0.608335
vt 0.457022 0.573894
vt 0.423102 0.612984
vt 0.464812 0.583094
vt 0.423820 0.614818
vt 0.471463 0.593293
vt 0.425701 0.620575
vt 0.477635 0.603888
vt 0.427159 0.626149
vt 0.427762 0.639399
vt 0.491499 0.647929
vt 0.426593 0.642040
vt 0.490735 0.658884
vt 0.425038 0.643547
vt 0.487764 0.669461
vt 0.310236 0.602452
vt 0.245315 0.582685
vt 0.249729 0.572625
vt 0.309990 0.600301
vt 0.256089 0.563674
vt 0.310762 0.597519
vt 0.264066 0.555868
vt 0.312673 0.594379
vt 0.273360 0.549146
vt 0.315681 0.591058
vt 0.283683 0.543383
vt 0.319634 0.587661
vt 0.294746 0.538431
vt 0.324297 0.584278
vt 0.482080 0.164256
vt 0.474031 0.156148
vt 0.420499 0.166961
vt 0.466016 0.147420
vt 0.504285 0.112979
vt 0.458226 0.138222
vt 0.499932 0.108331
vt 0.451575 0.128023
vt 0.499214 0.106497
vt 0.445403 0.117429
vt 0.497333 0.100741
vt 0.439994 0.106583
vt 0.495874 0.095167
vt 0.435670 0.095579
vt 0.494974 0.090034
vt 0.432752 0.084487
vt 0.494756 0.085558
vt 0.431538 0.073392
vt 0.495271 0.081919
vt 0.432301 0.062437
vt 0.496440 0.079278
vt 0.435272 0.051862
vt 0.497995 0.077772
vt 0.677730 0.138611
vt 0.673317 0.148672
vt 0.612804 0.118844
vt 0.666956 0.157624
vt 0.613050 0.120996
vt 0.658978 0.165431
vt 0.612278 0.123779
vt 0.649685 0.172154
vt 0.610367 0.126919
vt 0.639361 0.177917
vt 0.607358 0.130241
vt 0.628298 0.182870
vt 0.603406 0.133638
vt 0.616805 0.187143
vt 0.598742 0.137021
vt 0.616123 0.236960
vt 0.605193 0.190807
vt 0.593636 0.140278
vt 0.593335 0.192976
vt 0.591917 0.141240
vt 0.581602 0.194637
vt 0.585603 0.142072
vt 0.570236 0.195799
vt 0.578761 0.142713
vt 0.559413 0.196390
vt 0.571682 0.143179
vt 0.549223 0.196296
vt 0.564645 0.143402
vt 0.539677 0.195401
vt 0.557861 0.143244
vt 0.530729 0.193603
vt 0.551455 0.142532
vt 0.522294 0.190823
vt 0.545478 0.141098
vt 0.514011 0.187621
vt 0.535919 0.137678
vt 0.505953 0.183334
vt 0.530389 0.134996
vt 0.498007 0.177971
vt 0.524986 0.131482
vt 0.490071 0.171579
vt 0.519641 0.127301
vt 0.514343 0.122665
vt 0.509167 0.117814
vt 0.014731 0.045906
vt 0.034280 0.016266
vt 0.058101 0.039057
vt 0.957596 0.677059
vt 0.952416 0.858609
vt 0.952416 0.677059
vt 0.811165 0.677059
vt 0.805984 0.858609
vt 0.805984 0.677059
vt 0.816281 0.858609
vt 0.816281 0.677059
vt 0.967522 0.498819
vt 0.952996 0.532335
vt 0.925819 0.515765
vt 0.821279 0.677059
vt 0.826117 0.858609
vt 0.826117 0.677059
vt 0.830776 0.677059
vt 0.835262 0.677059
vt 0.830776 0.858609
vt 0.839613 0.858609
vt 0.839613 0.677059
vt 0.843888 0.858609
vt 0.843887 0.677059
vt 0.848162 0.858609
vt 0.848162 0.677059
vt 0.852513 0.858609
vt 0.852512 0.677059
vt 0.856999 0.858609
vt 0.856999 0.677059
vt 0.861658 0.858609
vt 0.861658 0.677059
vt 0.866496 0.858609
vt 0.866496 0.677059
vt 0.871493 0.677059
vt 0.876610 0.858609
vt 0.876610 0.677059
vt 0.881790 0.858609
vt 0.881790 0.677059
vt 0.886971 0.677059
vt 0.892087 0.677059
vt 0.886971 0.858609
vt 0.897085 0.858609
vt 0.897085 0.677059
vt 0.901923 0.858609
vt 0.901923 0.677059
vt 0.906582 0.858609
vt 0.906582 0.677059
vt 0.911068 0.858609
vt 0.911068 0.677059
vt 0.915419 0.677059
vt 0.919693 0.858609
vt 0.919693 0.677059
vt 0.923968 0.677059
vt 0.928318 0.677059
vt 0.923968 0.858609
vt 0.932805 0.858609
vt 0.932805 0.677059
vt 0.937464 0.677059
vt 0.942301 0.858609
vt 0.942301 0.677059
vt 0.947299 0.858609
vt 0.947299 0.677059
vt 0.693628 0.976963
vt 0.663989 0.957414
vt 0.686779 0.933593
vt 0.199336 0.978239
vt 0.380887 0.983419
vt 0.199336 0.983419
vt 0.199336 0.836988
vt 0.380887 0.831807
vt 0.380887 0.836988
vt 0.199336 0.842104
vt 0.380887 0.842104
vt 0.105443 0.948036
vt 0.081622 0.972659
vt 0.062073 0.944524
vt 0.199336 0.847102
vt 0.380887 0.847102
vt 0.380887 0.851940
vt 0.199336 0.851940
vt 0.199336 0.856599
vt 0.380887 0.856599
vt 0.199336 0.861085
vt 0.380887 0.861085
vt 0.380887 0.865435
vt 0.199336 0.865436
vt 0.199336 0.869710
vt 0.380887 0.869710
vt 0.380887 0.873985
vt 0.199336 0.873985
vt 0.380887 0.878335
vt 0.199336 0.878335
vt 0.380887 0.882822
vt 0.199336 0.882822
vt 0.199336 0.887480
vt 0.380887 0.887480
vt 0.380887 0.892318
vt 0.199336 0.892318
vt 0.199336 0.897316
vt 0.380887 0.897316
vt 0.199336 0.902433
vt 0.380887 0.902433
vt 0.380887 0.907613
vt 0.199336 0.907613
vt 0.199336 0.912793
vt 0.380887 0.912793
vt 0.380887 0.917910
vt 0.199336 0.917910
vt 0.199336 0.922908
vt 0.380887 0.922908
vt 0.380887 0.927746
vt 0.199336 0.927746
vt 0.380887 0.932404
vt 0.199336 0.932405
vt 0.380887 0.936891
vt 0.199336 0.936891
vt 0.199336 0.941241
vt 0.380887 0.941241
vt 0.380887 0.945516
vt 0.199336 0.945516
vt 0.380887 0.949791
vt 0.199336 0.949791
vt 0.380887 0.954141
vt 0.199336 0.954141
vt 0.380887 0.958628
vt 0.199336 0.958628
vt 0.199336 0.963286
vt 0.380887 0.963286
vt 0.199336 0.968124
vt 0.380887 0.968124
vt 0.199336 0.973122
vt 0.380887 0.973122
vt 0.380887 0.978239
vt 0.651770 0.785367
vt 0.651009 0.793547
vt 0.647305 0.790965
vt 0.660378 0.781666
vt 0.654947 0.788062
vt 0.648583 0.782412
vt 0.657818 0.779210
vt 0.643491 0.788045
vt 0.653125 0.773345
vt 0.645437 0.779073
vt 0.639588 0.784631
vt 0.642385 0.775137
vt 0.635585 0.780729
vt 0.649336 0.765942
vt 0.639461 0.770611
vt 0.631474 0.776089
vt 0.647975 0.761591
vt 0.636773 0.765370
vt 0.627340 0.770650
vt 0.634438 0.759093
vt 0.623210 0.763960
vt 0.632793 0.752007
vt 0.647124 0.756808
vt 0.619197 0.755581
vt 0.632172 0.743322
vt 0.647040 0.751502
vt 0.615670 0.745364
vt 0.728986 0.780464
vt 0.744676 0.782215
vt 0.739725 0.788478
vt 0.756717 0.792225
vt 0.748506 0.798673
vt 0.725975 0.784449
vt 0.734491 0.793220
vt 0.740709 0.803207
vt 0.729206 0.796811
vt 0.733700 0.806243
vt 0.724107 0.799471
vt 0.722618 0.787687
vt 0.727357 0.808235
vt 0.715518 0.792271
vt 0.719291 0.801278
vt 0.721380 0.809633
vt 0.711936 0.793735
vt 0.714610 0.802639
vt 0.716007 0.810387
vt 0.708392 0.794789
vt 0.710165 0.803481
vt 0.710954 0.810786
vt 0.705957 0.803937
vt 0.706252 0.810875
vt 0.701938 0.804108
vt 0.704926 0.795544
vt 0.701833 0.810720
vt 0.698090 0.804035
vt 0.701523 0.796014
vt 0.697650 0.810370
vt 0.694400 0.803746
vt 0.698204 0.796205
vt 0.693660 0.809856
vt 0.691791 0.795872
vt 0.690822 0.803291
vt 0.689823 0.809202
vt 0.688706 0.795380
vt 0.687341 0.802664
vt 0.686108 0.808422
vt 0.685657 0.794810
vt 0.683933 0.801927
vt 0.682482 0.807545
vt 0.680597 0.801044
vt 0.678957 0.806511
vt 0.679730 0.793070
vt 0.677332 0.799973
vt 0.675479 0.805396
vt 0.674087 0.798812
vt 0.672026 0.804174
vt 0.673984 0.790720
vt 0.670888 0.797456
vt 0.668596 0.802807
vt 0.671193 0.789250
vt 0.667701 0.795943
vt 0.665157 0.801296
vt 0.668411 0.787679
vt 0.664490 0.794310
vt 0.661693 0.799636
vt 0.665667 0.785926
vt 0.661315 0.792417
vt 0.658193 0.797834
vt 0.658144 0.790313
vt 0.654635 0.795826
vt 0.651903 0.800665
vt 0.655730 0.802599
vt 0.647950 0.798536
vt 0.643846 0.796156
vt 0.649695 0.805258
vt 0.645488 0.803265
vt 0.641070 0.801108
vt 0.639517 0.793367
vt 0.636393 0.798699
vt 0.635005 0.790285
vt 0.631343 0.795884
vt 0.630195 0.786619
vt 0.625898 0.792674
vt 0.625073 0.782297
vt 0.619912 0.788855
vt 0.619510 0.776937
vt 0.613225 0.784209
vt 0.613585 0.770469
vt 0.605714 0.778467
vt 0.607188 0.762280
vt 0.597176 0.771163
vt 0.600405 0.751844
vt 0.587578 0.761718
vt 0.754572 0.810704
vt 0.766136 0.805522
vt 0.772166 0.821320
vt 0.757907 0.823667
vt 0.744859 0.813816
vt 0.746693 0.824772
vt 0.736432 0.815704
vt 0.737295 0.825126
vt 0.728922 0.816819
vt 0.729242 0.825036
vt 0.722364 0.817325
vt 0.722243 0.824647
vt 0.716396 0.817475
vt 0.716007 0.824068
vt 0.710962 0.817337
vt 0.710375 0.823356
vt 0.705962 0.816988
vt 0.705229 0.822555
vt 0.701305 0.816475
vt 0.700456 0.821681
vt 0.696923 0.815833
vt 0.695977 0.820750
vt 0.692761 0.815083
vt 0.691728 0.819767
vt 0.688774 0.814240
vt 0.687663 0.818745
vt 0.684922 0.813316
vt 0.683748 0.817674
vt 0.681195 0.812273
vt 0.679932 0.816571
vt 0.677522 0.811212
vt 0.676206 0.815399
vt 0.673908 0.810038
vt 0.672505 0.814198
vt 0.670321 0.808772
vt 0.668831 0.812912
vt 0.666732 0.807419
vt 0.665140 0.811580
vt 0.663116 0.805964
vt 0.661404 0.810157
vt 0.659456 0.804348
vt 0.657606 0.808645
vt 0.653712 0.807017
vt 0.652019 0.811226
vt 0.656028 0.812734
vt 0.647830 0.809606
vt 0.643468 0.807889
vt 0.650537 0.815373
vt 0.646281 0.813977
vt 0.641815 0.812490
vt 0.638864 0.806035
vt 0.637086 0.810922
vt 0.631936 0.809243
vt 0.633898 0.803947
vt 0.628503 0.801604
vt 0.626322 0.807419
vt 0.622581 0.798946
vt 0.620100 0.805415
vt 0.615963 0.795845
vt 0.613093 0.803169
vt 0.608428 0.792142
vt 0.605027 0.800605
vt 0.599686 0.787597
vt 0.595519 0.797608
vt 0.589310 0.781794
vt 0.583927 0.793975
vt 0.576756 0.773956
vt 0.568920 0.789278
vt 0.758088 0.836998
vt 0.772823 0.838304
vt 0.755587 0.849931
vt 0.769434 0.854345
vt 0.746495 0.835713
vt 0.744060 0.846249
vt 0.736678 0.834324
vt 0.734558 0.843145
vt 0.728444 0.832957
vt 0.726575 0.840563
vt 0.721316 0.831614
vt 0.719600 0.838288
vt 0.715008 0.830297
vt 0.713416 0.836262
vt 0.709322 0.829013
vt 0.707849 0.834430
vt 0.704158 0.827771
vt 0.702714 0.832750
vt 0.699360 0.826545
vt 0.697969 0.831192
vt 0.694863 0.825336
vt 0.693513 0.829729
vt 0.690583 0.824125
vt 0.689291 0.828306
vt 0.686504 0.822925
vt 0.685243 0.826964
vt 0.682546 0.821747
vt 0.681313 0.825655
vt 0.678715 0.820539
vt 0.677473 0.824373
vt 0.674946 0.819313
vt 0.673691 0.823109
vt 0.671197 0.818089
vt 0.669950 0.821857
vt 0.667469 0.816803
vt 0.666195 0.820601
vt 0.663711 0.815507
vt 0.662413 0.819336
vt 0.659908 0.814165
vt 0.658568 0.818052
vt 0.654604 0.816730
vt 0.653344 0.820779
vt 0.657303 0.821963
vt 0.649223 0.819587
vt 0.644961 0.818384
vt 0.652160 0.824986
vt 0.648090 0.823958
vt 0.643837 0.822972
vt 0.640436 0.817163
vt 0.639317 0.822047
vt 0.635615 0.815916
vt 0.634491 0.821169
vt 0.630393 0.814673
vt 0.629296 0.820370
vt 0.624694 0.813399
vt 0.623679 0.819644
vt 0.618342 0.812103
vt 0.617366 0.819090
vt 0.611189 0.810784
vt 0.610351 0.818713
vt 0.602946 0.809465
vt 0.602319 0.818646
vt 0.593227 0.808188
vt 0.592975 0.819054
vt 0.581445 0.807061
vt 0.582014 0.820235
vt 0.566525 0.806379
vt 0.568471 0.822820
vt 0.762929 0.869473
vt 0.750178 0.861980
vt 0.752401 0.882953
vt 0.742199 0.872756
vt 0.739718 0.856134
vt 0.733588 0.865218
vt 0.731152 0.851595
vt 0.726193 0.859427
vt 0.723621 0.847829
vt 0.719583 0.854734
vt 0.717039 0.844694
vt 0.713651 0.850873
vt 0.711162 0.842017
vt 0.708258 0.847632
vt 0.705829 0.839688
vt 0.703303 0.844899
vt 0.700890 0.837610
vt 0.698642 0.842438
vt 0.696293 0.835743
vt 0.694283 0.840325
vt 0.691947 0.834027
vt 0.690112 0.838366
vt 0.687827 0.832442
vt 0.686125 0.836623
vt 0.683832 0.830957
vt 0.682251 0.835007
vt 0.679954 0.829526
vt 0.678469 0.833523
vt 0.676161 0.828186
vt 0.674746 0.832089
vt 0.672410 0.826896
vt 0.671059 0.830781
vt 0.668678 0.825616
vt 0.667381 0.829510
vt 0.664928 0.824399
vt 0.663674 0.828323
vt 0.661147 0.823174
vt 0.659926 0.827164
vt 0.656091 0.826058
vt 0.658699 0.831425
vt 0.654928 0.830437
vt 0.651059 0.829520
vt 0.647056 0.828683
vt 0.653761 0.835353
vt 0.650022 0.834591
vt 0.646174 0.833920
vt 0.642853 0.827947
vt 0.642134 0.833425
vt 0.638444 0.827297
vt 0.637942 0.833046
vt 0.633785 0.826753
vt 0.633441 0.832958
vt 0.628766 0.826401
vt 0.628746 0.833019
vt 0.623283 0.826279
vt 0.623685 0.833409
vt 0.617355 0.826409
vt 0.618237 0.834188
vt 0.610724 0.826953
vt 0.612328 0.835488
vt 0.603294 0.828047
vt 0.605898 0.837486
vt 0.594811 0.829965
vt 0.598916 0.840429
vt 0.585190 0.833003
vt 0.591069 0.844867
vt 0.574113 0.837915
vt 0.583064 0.850843
vt 0.731940 0.881513
vt 0.738246 0.892184
vt 0.722850 0.897994
vt 0.719724 0.887538
vt 0.725680 0.873086
vt 0.716110 0.879557
vt 0.719915 0.866613
vt 0.712088 0.872748
vt 0.714451 0.861252
vt 0.708033 0.867225
vt 0.709379 0.856866
vt 0.704026 0.862692
vt 0.704667 0.853281
vt 0.700084 0.858759
vt 0.700150 0.850083
vt 0.696218 0.855386
vt 0.695907 0.847384
vt 0.692480 0.852553
vt 0.691844 0.845024
vt 0.688818 0.849959
vt 0.687930 0.842922
vt 0.685232 0.847732
vt 0.684133 0.841010
vt 0.681710 0.845740
vt 0.680427 0.839280
vt 0.678231 0.843946
vt 0.676782 0.837692
vt 0.674778 0.842318
vt 0.673173 0.836254
vt 0.671334 0.840884
vt 0.669586 0.834925
vt 0.667905 0.839533
vt 0.665993 0.833677
vt 0.664446 0.838326
vt 0.662368 0.832518
vt 0.660952 0.837217
vt 0.657396 0.836237
vt 0.655985 0.841897
vt 0.659348 0.842743
vt 0.652572 0.841109
vt 0.649052 0.840493
vt 0.651221 0.848502
vt 0.654307 0.849060
vt 0.648094 0.848014
vt 0.645423 0.840077
vt 0.644886 0.847799
vt 0.641675 0.839787
vt 0.641603 0.847701
vt 0.637786 0.839751
vt 0.638239 0.847932
vt 0.633721 0.839912
vt 0.634805 0.848324
vt 0.629492 0.840397
vt 0.631300 0.849119
vt 0.625022 0.841270
vt 0.627743 0.850169
vt 0.620328 0.842584
vt 0.624127 0.851647
vt 0.615447 0.844419
vt 0.620501 0.853716
vt 0.610339 0.846980
vt 0.616942 0.856316
vt 0.604957 0.850552
vt 0.613529 0.859558
vt 0.599661 0.855142
vt 0.610424 0.863611
vt 0.594464 0.861272
vt 0.607819 0.868515
vt 0.706450 0.890901
vt 0.706831 0.899118
vt 0.692647 0.891206
vt 0.691776 0.896654
vt 0.704959 0.883830
vt 0.692573 0.886037
vt 0.702780 0.877856
vt 0.691809 0.881297
vt 0.700146 0.872689
vt 0.690463 0.877072
vt 0.697286 0.868172
vt 0.688726 0.873246
vt 0.694284 0.864251
vt 0.686701 0.869854
vt 0.691177 0.860907
vt 0.684468 0.866853
vt 0.688071 0.857932
vt 0.682124 0.864121
vt 0.684917 0.855367
vt 0.679661 0.861665
vt 0.681765 0.853104
vt 0.677101 0.859487
vt 0.678616 0.851108
vt 0.674472 0.857538
vt 0.675460 0.849307
vt 0.671738 0.855868
vt 0.672283 0.847704
vt 0.668952 0.854390
vt 0.669103 0.846231
vt 0.666152 0.852990
vt 0.665898 0.844910
vt 0.663288 0.851738
vt 0.662637 0.843782
vt 0.660330 0.850732
vt 0.657356 0.849770
vt 0.656773 0.861504
vt 0.654408 0.860672
vt 0.652024 0.859992
vt 0.649621 0.859462
vt 0.648122 0.871984
vt 0.649745 0.872497
vt 0.665025 0.884746
vt 0.678158 0.880740
vt 0.678685 0.883366
vt 0.664999 0.884423
vt 0.677192 0.878255
vt 0.639134 0.872235
vt 0.634893 0.860178
vt 0.637314 0.859584
vt 0.640407 0.871952
vt 0.639775 0.859219
vt 0.641815 0.871768
vt 0.642250 0.859062
vt 0.643305 0.871762
vt 0.644736 0.859099
vt 0.646016 0.871662
vt 0.647200 0.859089
vt 0.646506 0.871630
vt 0.651347 0.873153
vt 0.654212 0.874093
vt 0.659169 0.862241
vt 0.655896 0.874508
vt 0.661488 0.863110
vt 0.657512 0.875044
vt 0.663730 0.864109
vt 0.659030 0.875708
vt 0.665892 0.865242
vt 0.660420 0.876442
vt 0.667963 0.866518
vt 0.660764 0.876754
vt 0.669813 0.868110
vt 0.661741 0.877934
vt 0.671567 0.869865
vt 0.663399 0.879780
vt 0.673337 0.871639
vt 0.663640 0.880150
vt 0.674805 0.873684
vt 0.664206 0.881397
vt 0.676101 0.875889
vt 0.664574 0.882639
vt 0.664802 0.886003
vt 0.678933 0.886112
vt 0.664546 0.886452
vt 0.678725 0.888911
vt 0.664264 0.886647
vt 0.678011 0.891676
vt 0.635805 0.876746
vt 0.621804 0.872657
vt 0.622865 0.870017
vt 0.635627 0.876416
vt 0.624350 0.867661
vt 0.635687 0.875883
vt 0.626162 0.865616
vt 0.636266 0.874706
vt 0.628120 0.863827
vt 0.636454 0.874424
vt 0.630336 0.862411
vt 0.637806 0.873253
vt 0.632583 0.861167
vt 0.638780 0.872457
vt 0.670650 0.774993
vt 0.662959 0.783963
vt 0.668700 0.773317
vt 0.678224 0.764207
vt 0.666894 0.771485
vt 0.677143 0.763187
vt 0.655366 0.776465
vt 0.665257 0.769486
vt 0.676271 0.762135
vt 0.663958 0.767225
vt 0.676146 0.761725
vt 0.651089 0.769833
vt 0.662737 0.764860
vt 0.675412 0.759813
vt 0.661921 0.762297
vt 0.675402 0.759419
vt 0.661410 0.759595
vt 0.675450 0.758339
vt 0.661261 0.756789
vt 0.675650 0.757430
vt 0.661531 0.753927
vt 0.675998 0.756736
vt 0.647939 0.745816
vt 0.662284 0.751045
vt 0.676609 0.756327
vt 0.716790 0.774214
vt 0.731410 0.775683
vt 0.704219 0.767666
vt 0.717822 0.771649
vt 0.715338 0.776516
vt 0.704319 0.767960
vt 0.713559 0.778518
vt 0.704238 0.768442
vt 0.719105 0.790218
vt 0.711630 0.780261
vt 0.703705 0.769549
vt 0.709441 0.781641
vt 0.703492 0.769784
vt 0.707216 0.782849
vt 0.702170 0.770892
vt 0.704832 0.783667
vt 0.701851 0.771095
vt 0.702465 0.784406
vt 0.699874 0.771965
vt 0.700022 0.784754
vt 0.699471 0.772115
vt 0.697602 0.785090
vt 0.697096 0.772580
vt 0.694948 0.796198
vt 0.695170 0.785039
vt 0.696648 0.772657
vt 0.692758 0.785019
vt 0.694064 0.772725
vt 0.690384 0.784624
vt 0.693586 0.772711
vt 0.688028 0.784074
vt 0.692011 0.772329
vt 0.682648 0.794079
vt 0.685688 0.783373
vt 0.690433 0.771788
vt 0.683331 0.782755
vt 0.687667 0.771039
vt 0.676819 0.792028
vt 0.681100 0.781781
vt 0.687180 0.770889
vt 0.678903 0.780659
vt 0.685726 0.770014
vt 0.676753 0.779393
vt 0.684287 0.769059
vt 0.674553 0.778198
vt 0.681750 0.767572
vt 0.672564 0.776674
vt 0.681332 0.767287
vt 0.680186 0.766070
vt 0.399545 0.711459
vt 0.404201 0.704882
vt 0.404027 0.711840
vt 0.400182 0.696539
vt 0.403656 0.696367
vt 0.408496 0.704644
vt 0.407232 0.695897
vt 0.408715 0.712093
vt 0.410890 0.694993
vt 0.412976 0.704111
vt 0.413764 0.712066
vt 0.414614 0.693692
vt 0.417725 0.703145
vt 0.419238 0.711679
vt 0.422753 0.701633
vt 0.418360 0.691923
vt 0.425281 0.710759
vt 0.428121 0.699357
vt 0.422111 0.689604
vt 0.431831 0.709267
vt 0.425757 0.686530
vt 0.433690 0.696234
vt 0.439143 0.706827
vt 0.429159 0.682663
vt 0.439443 0.691882
vt 0.447223 0.703150
vt 0.445119 0.685898
vt 0.431990 0.677976
vt 0.456525 0.697393
vt 0.333885 0.641043
vt 0.347777 0.649649
vt 0.333841 0.649180
vt 0.317749 0.641171
vt 0.320343 0.651865
vt 0.347598 0.654810
vt 0.335004 0.656410
vt 0.323597 0.660277
vt 0.336872 0.662671
vt 0.348155 0.659587
vt 0.327208 0.667161
vt 0.339224 0.667993
vt 0.349257 0.663963
vt 0.330975 0.672929
vt 0.350775 0.667894
vt 0.341876 0.672604
vt 0.334788 0.677900
vt 0.344687 0.676667
vt 0.352603 0.671443
vt 0.338532 0.681990
vt 0.347604 0.680203
vt 0.354656 0.674679
vt 0.342227 0.685541
vt 0.350591 0.683376
vt 0.356951 0.677540
vt 0.345855 0.688640
vt 0.359374 0.680118
vt 0.353620 0.686230
vt 0.349411 0.691422
vt 0.361836 0.682534
vt 0.356701 0.688670
vt 0.352902 0.693921
vt 0.364444 0.684621
vt 0.359788 0.690891
vt 0.356348 0.696181
vt 0.367101 0.686497
vt 0.362858 0.692975
vt 0.359769 0.698128
vt 0.365982 0.694759
vt 0.369766 0.688264
vt 0.363144 0.699991
vt 0.372533 0.689776
vt 0.369112 0.696408
vt 0.366533 0.701641
vt 0.372278 0.697864
vt 0.375317 0.691201
vt 0.369906 0.703209
vt 0.378194 0.692392
vt 0.375446 0.699280
vt 0.373314 0.704627
vt 0.378715 0.700441
vt 0.381100 0.693512
vt 0.376765 0.705929
vt 0.384098 0.694399
vt 0.382005 0.701580
vt 0.380286 0.707091
vt 0.385421 0.702476
vt 0.387144 0.695216
vt 0.383850 0.708233
vt 0.390282 0.695787
vt 0.388886 0.703346
vt 0.387568 0.709179
vt 0.392515 0.703958
vt 0.393489 0.696269
vt 0.391368 0.710101
vt 0.396244 0.704486
vt 0.396787 0.696564
vt 0.395393 0.710807
vt 0.400127 0.704772
vt 0.390175 0.715263
vt 0.394294 0.716277
vt 0.398670 0.717173
vt 0.403277 0.718004
vt 0.397501 0.722332
vt 0.402204 0.723505
vt 0.408258 0.718679
vt 0.407298 0.724635
vt 0.413653 0.719189
vt 0.412899 0.725710
vt 0.419643 0.719444
vt 0.419049 0.726728
vt 0.426196 0.719437
vt 0.425948 0.727622
vt 0.433746 0.718915
vt 0.433884 0.728337
vt 0.442252 0.717795
vt 0.443098 0.728763
vt 0.452176 0.715680
vt 0.454037 0.728680
vt 0.464032 0.712063
vt 0.467502 0.727795
vt 0.307800 0.657400
vt 0.297011 0.665496
vt 0.301778 0.646200
vt 0.313601 0.666166
vt 0.305241 0.673606
vt 0.318978 0.672900
vt 0.312299 0.679856
vt 0.324194 0.678661
vt 0.318596 0.684862
vt 0.329043 0.683332
vt 0.324350 0.689071
vt 0.333618 0.687304
vt 0.329646 0.692710
vt 0.337956 0.690708
vt 0.334496 0.695806
vt 0.342097 0.693684
vt 0.339054 0.698534
vt 0.346075 0.696323
vt 0.343339 0.700903
vt 0.349914 0.698664
vt 0.347453 0.703106
vt 0.353649 0.700783
vt 0.351396 0.705105
vt 0.357293 0.702748
vt 0.355221 0.706954
vt 0.360882 0.704516
vt 0.358951 0.708671
vt 0.364427 0.706197
vt 0.362622 0.710294
vt 0.367968 0.707729
vt 0.366259 0.711829
vt 0.371519 0.709153
vt 0.369881 0.713302
vt 0.375080 0.710543
vt 0.373524 0.714699
vt 0.378698 0.711844
vt 0.377222 0.716049
vt 0.382410 0.713042
vt 0.380989 0.717369
vt 0.386212 0.714205
vt 0.384855 0.718656
vt 0.388863 0.719910
vt 0.393058 0.721133
vt 0.387485 0.724197
vt 0.391666 0.725645
vt 0.396063 0.727123
vt 0.390070 0.729940
vt 0.394412 0.731654
vt 0.400778 0.728629
vt 0.399044 0.733486
vt 0.405851 0.730184
vt 0.404047 0.735466
vt 0.411437 0.731831
vt 0.409469 0.737645
vt 0.417617 0.733562
vt 0.415386 0.740018
vt 0.424522 0.735372
vt 0.422076 0.742676
vt 0.432510 0.737311
vt 0.429811 0.745796
vt 0.441865 0.739350
vt 0.438963 0.749512
vt 0.453403 0.741566
vt 0.449554 0.753852
vt 0.467148 0.743697
vt 0.463436 0.759552
vt 0.288520 0.675750
vt 0.287658 0.655254
vt 0.282410 0.687334
vt 0.276576 0.667608
vt 0.298433 0.682155
vt 0.293489 0.691821
vt 0.306911 0.687397
vt 0.302786 0.695561
vt 0.314212 0.691651
vt 0.310736 0.698747
vt 0.320595 0.695152
vt 0.317616 0.701482
vt 0.326366 0.698192
vt 0.323749 0.703910
vt 0.331662 0.700905
vt 0.329312 0.706106
vt 0.336536 0.703305
vt 0.334403 0.708111
vt 0.341080 0.705464
vt 0.339108 0.709960
vt 0.345352 0.707419
vt 0.343556 0.711704
vt 0.349447 0.709245
vt 0.347762 0.713351
vt 0.353402 0.710968
vt 0.351772 0.714916
vt 0.357234 0.712597
vt 0.355665 0.716438
vt 0.360982 0.714156
vt 0.359478 0.717930
vt 0.364685 0.715660
vt 0.363210 0.719391
vt 0.368368 0.717124
vt 0.366901 0.720835
vt 0.372061 0.718552
vt 0.370598 0.722284
vt 0.375770 0.719980
vt 0.374329 0.723751
vt 0.379558 0.721379
vt 0.378109 0.725235
vt 0.383446 0.722782
vt 0.381969 0.726751
vt 0.385933 0.728310
vt 0.380349 0.730661
vt 0.384265 0.732375
vt 0.388305 0.734166
vt 0.378575 0.734635
vt 0.382354 0.736445
vt 0.386248 0.738407
vt 0.392521 0.736087
vt 0.390299 0.740554
vt 0.396988 0.738214
vt 0.394521 0.742910
vt 0.401756 0.740561
vt 0.398986 0.745570
vt 0.406873 0.743184
vt 0.403755 0.748610
vt 0.412507 0.746170
vt 0.408884 0.752081
vt 0.418817 0.749654
vt 0.414489 0.756197
vt 0.425861 0.753764
vt 0.420649 0.761127
vt 0.433921 0.758784
vt 0.427449 0.767125
vt 0.443612 0.765248
vt 0.435254 0.774916
vt 0.455015 0.773618
vt 0.443725 0.784640
vt 0.264372 0.697376
vt 0.278712 0.699934
vt 0.263576 0.714137
vt 0.277624 0.713323
vt 0.290413 0.702236
vt 0.289327 0.713195
vt 0.300049 0.704339
vt 0.298826 0.713596
vt 0.308363 0.706298
vt 0.306884 0.714283
vt 0.315444 0.708139
vt 0.314013 0.715168
vt 0.321757 0.709877
vt 0.320422 0.716130
vt 0.327477 0.711517
vt 0.326059 0.717201
vt 0.332688 0.713086
vt 0.331278 0.718308
vt 0.337494 0.714598
vt 0.336047 0.719486
vt 0.341960 0.716071
vt 0.340574 0.720664
vt 0.346206 0.717516
vt 0.344836 0.721870
vt 0.350300 0.718919
vt 0.348892 0.723110
vt 0.354211 0.720326
vt 0.352806 0.724378
vt 0.358021 0.721724
vt 0.356606 0.725675
vt 0.361762 0.723132
vt 0.360319 0.727014
vt 0.365458 0.724554
vt 0.363975 0.728391
vt 0.369134 0.726007
vt 0.367594 0.729841
vt 0.372818 0.727500
vt 0.371221 0.731353
vt 0.376548 0.729046
vt 0.374874 0.732949
vt 0.369449 0.735434
vt 0.372979 0.737079
vt 0.376544 0.738808
vt 0.380152 0.740727
vt 0.374129 0.743394
vt 0.377526 0.745287
vt 0.383845 0.742798
vt 0.380940 0.747481
vt 0.387639 0.745092
vt 0.384393 0.749899
vt 0.391549 0.747632
vt 0.387902 0.752629
vt 0.395614 0.750534
vt 0.391463 0.755615
vt 0.399855 0.753833
vt 0.395093 0.759066
vt 0.404339 0.757708
vt 0.398787 0.763086
vt 0.409079 0.762267
vt 0.402513 0.767784
vt 0.414120 0.767768
vt 0.406197 0.773314
vt 0.419431 0.774405
vt 0.409751 0.779973
vt 0.424930 0.782582
vt 0.413041 0.788213
vt 0.430655 0.793065
vt 0.415728 0.798137
vt 0.267398 0.730826
vt 0.279768 0.726875
vt 0.275633 0.745943
vt 0.285130 0.739820
vt 0.290170 0.724525
vt 0.293446 0.735872
vt 0.299000 0.723291
vt 0.300935 0.733315
vt 0.306684 0.722726
vt 0.307786 0.731622
vt 0.313499 0.722627
vt 0.314010 0.730589
vt 0.319592 0.722853
vt 0.319581 0.730149
vt 0.325176 0.723287
vt 0.324741 0.730064
vt 0.330204 0.723956
vt 0.329564 0.730212
vt 0.334943 0.724717
vt 0.334070 0.730594
vt 0.339365 0.725604
vt 0.338343 0.731127
vt 0.343554 0.726581
vt 0.342419 0.731802
vt 0.347567 0.727609
vt 0.346260 0.732688
vt 0.351408 0.728741
vt 0.350009 0.733601
vt 0.355157 0.729909
vt 0.353626 0.734673
vt 0.358794 0.731186
vt 0.357154 0.735829
vt 0.362363 0.732546
vt 0.360613 0.737085
vt 0.365913 0.733938
vt 0.364018 0.738467
vt 0.367396 0.739965
vt 0.370773 0.741580
vt 0.361754 0.743777
vt 0.364898 0.745239
vt 0.368024 0.746816
vt 0.371137 0.748533
vt 0.361616 0.751842
vt 0.364388 0.753291
vt 0.367060 0.754987
vt 0.374190 0.750548
vt 0.369712 0.756799
vt 0.377246 0.752696
vt 0.372313 0.758792
vt 0.380287 0.755067
vt 0.374769 0.761107
vt 0.383311 0.757769
vt 0.377188 0.763577
vt 0.386256 0.760817
vt 0.379410 0.766393
vt 0.389141 0.764242
vt 0.381456 0.769503
vt 0.391923 0.768196
vt 0.383323 0.772896
vt 0.394529 0.772709
vt 0.384880 0.776657
vt 0.396859 0.777923
vt 0.386022 0.780860
vt 0.398743 0.783883
vt 0.386584 0.785521
vt 0.399906 0.790819
vt 0.386458 0.790516
vt 0.399988 0.799028
vt 0.385344 0.795769
vt 0.293315 0.751314
vt 0.304113 0.760697
vt 0.287631 0.757443
vt 0.299246 0.746723
vt 0.307571 0.756689
vt 0.305005 0.743347
vt 0.311306 0.753486
vt 0.310459 0.741005
vt 0.315162 0.750962
vt 0.315615 0.739409
vt 0.319009 0.749061
vt 0.320504 0.738312
vt 0.322813 0.747660
vt 0.325109 0.737663
vt 0.326561 0.746648
vt 0.329464 0.737367
vt 0.330208 0.746002
vt 0.333649 0.737306
vt 0.333762 0.745733
vt 0.337581 0.737590
vt 0.337228 0.745606
vt 0.341365 0.738042
vt 0.340570 0.745823
vt 0.345040 0.738584
vt 0.343800 0.746227
vt 0.348542 0.739387
vt 0.346959 0.746717
vt 0.351952 0.740301
vt 0.350018 0.747463
vt 0.355285 0.741309
vt 0.353028 0.748282
vt 0.358571 0.742420
vt 0.355944 0.749339
vt 0.358827 0.750473
vt 0.352042 0.759723
vt 0.354351 0.760541
vt 0.356507 0.761707
vt 0.358705 0.762801
vt 0.352024 0.773471
vt 0.349483 0.772119
vt 0.330242 0.774149
vt 0.320429 0.763634
vt 0.322657 0.761929
vt 0.331369 0.772874
vt 0.324948 0.760446
vt 0.358725 0.779575
vt 0.368112 0.770814
vt 0.369634 0.772803
vt 0.357891 0.778555
vt 0.366414 0.768977
vt 0.356884 0.777537
vt 0.364571 0.767290
vt 0.355059 0.775691
vt 0.362759 0.765603
vt 0.354701 0.775370
vt 0.360709 0.764224
vt 0.352445 0.773735
vt 0.349022 0.771915
vt 0.346300 0.770901
vt 0.349762 0.758821
vt 0.345813 0.770768
vt 0.347367 0.758281
vt 0.343012 0.770128
vt 0.344984 0.757661
vt 0.342519 0.770066
vt 0.342529 0.757419
vt 0.340853 0.770122
vt 0.340030 0.757335
vt 0.339205 0.770347
vt 0.337488 0.757422
vt 0.336536 0.770559
vt 0.334919 0.757487
vt 0.335074 0.770684
vt 0.332360 0.757769
vt 0.334669 0.770884
vt 0.329857 0.758467
vt 0.332578 0.771736
vt 0.327333 0.759247
vt 0.332254 0.772013
vt 0.330089 0.774433
vt 0.318516 0.765715
vt 0.329882 0.775517
vt 0.316829 0.768109
vt 0.329846 0.775717
vt 0.315600 0.770781
vt 0.359274 0.784771
vt 0.373016 0.787668
vt 0.372192 0.790281
vt 0.359370 0.784617
vt 0.373349 0.784960
vt 0.359656 0.784182
vt 0.373239 0.782287
vt 0.359805 0.783537
vt 0.372741 0.779702
vt 0.359829 0.782014
vt 0.372046 0.777239
vt 0.359800 0.781655
vt 0.370956 0.774945
vt 0.359368 0.780617
vt 0.394350 0.684891
vt 0.396849 0.685081
vt 0.399350 0.685076
vt 0.401851 0.684860
vt 0.398070 0.672318
vt 0.399501 0.672212
vt 0.404336 0.684412
vt 0.400809 0.671957
vt 0.406781 0.683709
vt 0.401969 0.671590
vt 0.409159 0.682729
vt 0.402972 0.671087
vt 0.411366 0.681348
vt 0.403217 0.670780
vt 0.413516 0.679746
vt 0.404270 0.669580
vt 0.415443 0.677810
vt 0.404601 0.668948
vt 0.417064 0.675535
vt 0.404650 0.668399
vt 0.418250 0.672994
vt 0.404694 0.668214
vt 0.362662 0.650001
vt 0.361781 0.652726
vt 0.376123 0.655858
vt 0.361412 0.655553
vt 0.376019 0.656023
vt 0.361415 0.658308
vt 0.375469 0.656916
vt 0.361893 0.661002
vt 0.375395 0.657216
vt 0.362571 0.663578
vt 0.375371 0.658833
vt 0.363510 0.666010
vt 0.375447 0.660001
vt 0.364827 0.668231
vt 0.375501 0.660403
vt 0.366357 0.670296
vt 0.376127 0.661457
vt 0.368066 0.672205
vt 0.376948 0.662532
vt 0.369928 0.673965
vt 0.377976 0.663588
vt 0.371756 0.675728
vt 0.379835 0.665519
vt 0.373669 0.677337
vt 0.380924 0.666775
vt 0.375659 0.678802
vt 0.382139 0.667918
vt 0.377853 0.679940
vt 0.382562 0.668182
vt 0.380002 0.681149
vt 0.385095 0.669580
vt 0.382315 0.682013
vt 0.385562 0.669784
vt 0.384595 0.682963
vt 0.388301 0.670855
vt 0.387000 0.683551
vt 0.388796 0.670988
vt 0.389391 0.684225
vt 0.391639 0.671690
vt 0.391867 0.684523
vt 0.392144 0.671740
vt 0.394991 0.672039
vt 0.396569 0.672241
vt 0.985571 0.420397
vt 0.966044 0.445407
vt 0.942251 0.425224
vt 0.701984 0.014987
vt 0.697529 0.114051
vt 0.697529 0.014987
vt 0.837090 0.014987
vt 0.832635 0.114051
vt 0.832635 0.014987
vt 0.828194 0.114051
vt 0.828194 0.014987
vt 0.985571 0.125958
vt 0.966044 0.150633
vt 0.942251 0.130042
vt 0.823780 0.114051
vt 0.823780 0.014987
vt 0.819399 0.114051
vt 0.819399 0.014987
vt 0.815056 0.114051
vt 0.815056 0.014987
vt 0.810748 0.114051
vt 0.810748 0.014987
vt 0.806467 0.114051
vt 0.806467 0.014987
vt 0.802200 0.114051
vt 0.802200 0.014987
vt 0.797933 0.114051
vt 0.797933 0.014987
vt 0.793651 0.114051
vt 0.793651 0.014987
vt 0.789343 0.114051
vt 0.789343 0.014987
vt 0.785000 0.114051
vt 0.785000 0.014987
vt 0.780620 0.114051
vt 0.780620 0.014987
vt 0.776205 0.114051
vt 0.776205 0.014987
vt 0.771764 0.114051
vt 0.771764 0.014987
vt 0.767310 0.114051
vt 0.767310 0.014987
vt 0.762855 0.114051
vt 0.762855 0.014987
vt 0.758414 0.114051
vt 0.758414 0.014987
vt 0.754000 0.114051
vt 0.754000 0.014987
vt 0.749619 0.114051
vt 0.749619 0.014987
vt 0.745276 0.114051
vt 0.745276 0.014987
vt 0.740968 0.114051
vt 0.740968 0.014987
vt 0.736686 0.114051
vt 0.736686 0.014987
vt 0.732420 0.114051
vt 0.732420 0.014987
vt 0.728153 0.114051
vt 0.728153 0.014987
vt 0.723871 0.114051
vt 0.723871 0.014987
vt 0.719563 0.114051
vt 0.719563 0.014987
vt 0.715220 0.114051
vt 0.715220 0.014987
vt 0.710840 0.114051
vt 0.710840 0.014987
vt 0.706425 0.114051
vt 0.706425 0.014987
vt 0.701984 0.114051
vt 0.049902 0.631246
vt 0.064115 0.720887
vt 0.015084 0.693437
vt 0.046708 0.521202
vt 0.030433 0.575938
vt 0.015084 0.532333
vt 0.114729 0.618483
vt 0.169266 0.686325
vt 0.098933 0.658696
vt 0.073927 0.611618
vt 0.062057 0.564806
vt 0.129688 0.905950
vt 0.120235 0.826059
vt 0.164907 0.870731
vt 0.164907 0.781386
vt 0.174584 0.720624
vt 0.200127 0.746166
vt 0.040343 0.905951
vt 0.059472 0.835735
vt 0.085015 0.861278
vt 0.094692 0.800516
vt 0.050019 0.755843
vt 0.139365 0.755843
vt 0.544431 0.750010
vt 0.544431 0.754465
vt 0.543599 0.758827
vt 0.541966 0.762928
vt 0.539596 0.766612
vt 0.536579 0.769736
vt 0.533031 0.772180
vt 0.529089 0.773851
vt 0.524905 0.774685
vt 0.520638 0.774648
vt 0.516453 0.773743
vt 0.512511 0.772005
vt 0.508964 0.769499
vt 0.505947 0.766324
vt 0.503576 0.762599
vt 0.501111 0.754093
vt 0.501111 0.749639
vt 0.501943 0.745277
vt 0.503576 0.741175
vt 0.505946 0.737491
vt 0.508963 0.734367
vt 0.512511 0.731923
vt 0.520638 0.729419
vt 0.524904 0.729455
vt 0.529089 0.730360
vt 0.533031 0.732099
vt 0.536579 0.734604
vt 0.539595 0.737780
vt 0.541966 0.741504
vt 0.430304 0.826644
vt 0.943083 0.353912
vt 0.942251 0.349536
vt 0.942251 0.345081
vt 0.943083 0.340719
vt 0.944716 0.336617
vt 0.947086 0.332934
vt 0.950103 0.329810
vt 0.953651 0.327365
vt 0.957593 0.325694
vt 0.961777 0.324861
vt 0.966044 0.324898
vt 0.970229 0.325803
vt 0.974171 0.327541
vt 0.977718 0.330046
vt 0.980735 0.333222
vt 0.984738 0.341076
vt 0.985571 0.345452
vt 0.985571 0.349907
vt 0.984738 0.354269
vt 0.983106 0.358371
vt 0.980735 0.362054
vt 0.977718 0.365178
vt 0.970229 0.369294
vt 0.966044 0.370127
vt 0.961777 0.370090
vt 0.957593 0.369185
vt 0.953651 0.367447
vt 0.950103 0.364942
vt 0.947086 0.361766
vt 0.058101 0.044237
vt 0.057268 0.049350
vt 0.055633 0.054198
vt 0.053260 0.058597
vt 0.050240 0.062376
vt 0.046688 0.065391
vt 0.042741 0.067525
vt 0.038552 0.068696
vt 0.034280 0.068861
vt 0.030091 0.068011
vt 0.026144 0.066181
vt 0.022593 0.063440
vt 0.019572 0.059893
vt 0.017199 0.055677
vt 0.015564 0.050954
vt 0.014731 0.040725
vt 0.015564 0.035613
vt 0.017199 0.030764
vt 0.019572 0.026366
vt 0.022593 0.022587
vt 0.026144 0.019572
vt 0.030091 0.017438
vt 0.038552 0.016102
vt 0.042742 0.016951
vt 0.046688 0.018782
vt 0.050240 0.021523
vt 0.053260 0.025070
vt 0.055633 0.029285
vt 0.057268 0.034008
vt 0.957596 0.858609
vt 0.811165 0.858609
vt 0.924985 0.510716
vt 0.924985 0.505536
vt 0.925819 0.500424
vt 0.927453 0.495575
vt 0.929827 0.491176
vt 0.932847 0.487397
vt 0.936399 0.484383
vt 0.940345 0.482248
vt 0.944535 0.481077
vt 0.948806 0.480912
vt 0.952996 0.481762
vt 0.956942 0.483592
vt 0.960494 0.486334
vt 0.963515 0.489880
vt 0.965888 0.494096
vt 0.968356 0.503868
vt 0.968356 0.509048
vt 0.967522 0.514160
vt 0.965888 0.519009
vt 0.963515 0.523408
vt 0.960494 0.527187
vt 0.956942 0.530201
vt 0.948806 0.533507
vt 0.944535 0.533672
vt 0.940345 0.532822
vt 0.936399 0.530992
vt 0.932847 0.528250
vt 0.929827 0.524704
vt 0.927453 0.520488
vt 0.821279 0.858609
vt 0.835262 0.858609
vt 0.871493 0.858609
vt 0.892087 0.858609
vt 0.915419 0.858609
vt 0.928318 0.858609
vt 0.937464 0.858609
vt 0.691960 0.933593
vt 0.697072 0.934426
vt 0.701921 0.936061
vt 0.706319 0.938434
vt 0.710099 0.941455
vt 0.713113 0.945006
vt 0.715247 0.948953
vt 0.716419 0.953142
vt 0.716583 0.957414
vt 0.715734 0.961604
vt 0.713903 0.965550
vt 0.711162 0.969102
vt 0.707615 0.972122
vt 0.703400 0.974495
vt 0.698677 0.976130
vt 0.688448 0.976963
vt 0.683335 0.976130
vt 0.678487 0.974495
vt 0.674088 0.972122
vt 0.670309 0.969101
vt 0.667294 0.965550
vt 0.665160 0.961603
vt 0.663824 0.953142
vt 0.664674 0.948953
vt 0.666504 0.945006
vt 0.669245 0.941455
vt 0.672792 0.938434
vt 0.677008 0.936061
vt 0.681731 0.934426
vt 0.199336 0.831807
vt 0.062906 0.939412
vt 0.064541 0.934563
vt 0.066914 0.930164
vt 0.069935 0.926385
vt 0.073486 0.923371
vt 0.077433 0.921236
vt 0.081622 0.920065
vt 0.085894 0.919900
vt 0.090083 0.920750
vt 0.094030 0.922580
vt 0.097581 0.925322
vt 0.100602 0.928868
vt 0.102975 0.933084
vt 0.104610 0.937807
vt 0.105443 0.942855
vt 0.104610 0.953148
vt 0.102975 0.957997
vt 0.100602 0.962395
vt 0.097581 0.966175
vt 0.094030 0.969189
vt 0.090083 0.971323
vt 0.085894 0.972495
vt 0.077433 0.971810
vt 0.073486 0.969980
vt 0.069935 0.967238
vt 0.066914 0.963692
vt 0.064541 0.959476
vt 0.062906 0.954753
vt 0.062073 0.949704
vt 0.348935 0.644158
vt 0.269090 0.681890
vt 0.301154 0.765645
vt 0.942251 0.420769
vt 0.943083 0.416393
vt 0.944716 0.412263
vt 0.947086 0.408539
vt 0.950103 0.405363
vt 0.953651 0.402858
vt 0.957593 0.401119
vt 0.961777 0.400214
vt 0.966044 0.400178
vt 0.970229 0.401011
vt 0.974171 0.402682
vt 0.977718 0.405126
vt 0.980735 0.408250
vt 0.983106 0.411934
vt 0.984738 0.416036
vt 0.985571 0.424852
vt 0.984738 0.429228
vt 0.983106 0.433358
vt 0.980735 0.437082
vt 0.977718 0.440258
vt 0.974171 0.442763
vt 0.970229 0.444502
vt 0.961777 0.445444
vt 0.957593 0.444610
vt 0.953651 0.442939
vt 0.950103 0.440495
vt 0.947086 0.437371
vt 0.944716 0.433687
vt 0.943083 0.429586
vt 0.837090 0.114051
vt 0.942251 0.125587
vt 0.943083 0.121225
vt 0.944716 0.117123
vt 0.947086 0.113440
vt 0.950103 0.110316
vt 0.953651 0.107871
vt 0.957593 0.106200
vt 0.961777 0.105367
vt 0.966044 0.105404
vt 0.970229 0.106309
vt 0.974171 0.108047
vt 0.977718 0.110552
vt 0.980735 0.113728
vt 0.983106 0.117453
vt 0.984738 0.121582
vt 0.985571 0.130413
vt 0.984739 0.134775
vt 0.983106 0.138877
vt 0.980735 0.142560
vt 0.977718 0.145684
vt 0.974171 0.148129
vt 0.970229 0.149800
vt 0.961778 0.150597
vt 0.957593 0.149692
vt 0.953651 0.147953
vt 0.950103 0.145448
vt 0.947086 0.142272
vt 0.944716 0.138548
vt 0.943083 0.134418
vt 0.185064 0.646110
vt 0.108344 0.559772
vt 0.014800 0.880408
vt 0.014800 0.791063
s 1
usemtl マテリアル.014
f 36/1/36 20/2/20 4/3/4
f 3/4/3 2/5/2 1/6/1
f 6/7/6 1/8/1 4/9/4
f 7/10/7 4/9/4 5/11/5
f 31/12/31 47/13/47 63/14/63
f 8/15/8 5/11/5 10/16/10
f 9/17/9 10/16/10 11/18/11
f 14/19/14 11/18/11 12/20/12
f 15/21/15 12/20/12 13/22/13
f 16/23/16 13/22/13 18/24/18
f 17/25/17 18/24/18 19/26/19
f 22/27/22 19/26/19 20/28/20
f 23/29/23 20/28/20 21/30/21
f 24/31/24 21/30/21 26/32/26
f 25/33/25 26/32/26 27/34/27
f 30/35/30 27/34/27 28/36/28
f 31/37/31 28/36/28 29/38/29
f 32/39/32 29/38/29 34/40/34
f 33/41/33 34/40/34 35/42/35
f 38/43/38 35/42/35 36/44/36
f 39/45/39 36/44/36 37/46/37
f 40/47/40 37/46/37 42/48/42
f 41/49/41 42/48/42 43/50/43
f 46/51/46 43/50/43 44/52/44
f 47/53/47 44/52/44 45/54/45
f 48/55/48 45/54/45 50/56/50
f 49/57/49 50/56/50 51/58/51
f 54/59/54 51/58/51 52/60/52
f 55/61/55 52/60/52 53/62/53
f 56/63/56 53/62/53 58/64/58
f 57/65/57 58/64/58 59/66/59
f 62/67/62 59/66/59 60/68/60
f 63/69/63 60/68/60 61/70/61
f 64/71/64 61/70/61 2/5/2
f 65/72/65 72/73/72 73/74/73
f 542/75/542 81/76/81 70/77/70
f 540/78/540 73/74/73 74/79/74
f 70/77/70 82/80/82 543/81/543
f 66/82/66 74/79/74 75/83/75
f 543/81/543 83/84/83 544/85/544
f 541/86/541 75/83/75 76/87/76
f 544/85/544 84/88/84 545/89/545
f 67/90/67 76/87/76 77/91/77
f 545/89/545 85/92/85 546/93/546
f 67/90/67 78/94/78 68/95/68
f 538/96/538 146/97/146 71/98/71
f 372/99/372 546/93/546 85/92/85
f 68/95/68 79/100/79 69/101/69
f 539/102/539 71/98/71 72/73/72
f 69/101/69 80/103/80 542/75/542
f 78/94/78 94/104/94 79/100/79
f 71/98/71 87/105/87 72/73/72
f 79/100/79 95/106/95 80/103/80
f 72/73/72 88/107/88 73/74/73
f 81/76/81 95/106/95 96/108/96
f 73/74/73 89/109/89 74/79/74
f 82/80/82 96/108/96 97/110/97
f 74/79/74 90/111/90 75/83/75
f 83/84/83 97/110/97 98/112/98
f 75/83/75 91/113/91 76/87/76
f 84/88/84 98/112/98 99/114/99
f 77/91/77 91/113/91 92/115/92
f 84/88/84 100/116/100 85/92/85
f 77/91/77 93/117/93 78/94/78
f 71/98/71 146/97/146 86/118/86
f 372/99/372 85/92/85 100/116/100
f 98/112/98 112/119/112 113/120/113
f 90/111/90 106/121/106 91/113/91
f 99/114/99 113/120/113 114/122/114
f 92/115/92 106/121/106 107/123/107
f 100/116/100 114/122/114 115/124/115
f 93/117/93 107/123/107 108/125/108
f 86/118/86 146/97/146 101/126/101
f 372/99/372 100/116/100 115/124/115
f 93/117/93 109/127/109 94/104/94
f 86/118/86 102/128/102 87/105/87
f 94/104/94 110/129/110 95/106/95
f 87/105/87 103/130/103 88/107/88
f 96/108/96 110/129/110 111/131/111
f 88/107/88 104/132/104 89/109/89
f 97/110/97 111/131/111 112/119/112
f 89/109/89 105/133/105 90/111/90
f 109/127/109 125/134/125 110/129/110
f 102/128/102 118/135/118 103/130/103
f 111/131/111 125/134/125 126/136/126
f 103/130/103 119/137/119 104/132/104
f 111/131/111 127/138/127 112/119/112
f 105/133/105 119/137/119 120/139/120
f 113/120/113 127/138/127 128/140/128
f 105/133/105 121/141/121 106/121/106
f 114/122/114 128/140/128 129/142/129
f 107/123/107 121/141/121 122/143/122
f 115/124/115 129/142/129 130/144/130
f 108/125/108 122/143/122 123/145/123
f 101/126/101 146/97/146 116/146/116
f 372/99/372 115/124/115 130/144/130
f 108/125/108 124/147/124 109/127/109
f 101/126/101 117/148/117 102/128/102
f 128/140/128 144/149/144 129/142/129
f 122/143/122 136/150/136 137/151/137
f 129/142/129 145/152/145 130/144/130
f 123/145/123 137/151/137 138/153/138
f 116/146/116 146/97/146 131/154/131
f 372/99/372 130/144/130 145/152/145
f 123/145/123 139/155/139 124/147/124
f 117/148/117 131/154/131 132/156/132
f 124/147/124 140/157/140 125/134/125
f 118/135/118 132/156/132 133/158/133
f 126/136/126 140/157/140 141/159/141
f 118/135/118 134/160/134 119/137/119
f 126/136/126 142/161/142 127/138/127
f 120/139/120 134/160/134 135/162/135
f 128/140/128 142/161/142 143/163/143
f 120/139/120 136/150/136 121/141/121
f 132/156/132 149/164/149 133/158/133
f 141/159/141 156/165/156 157/166/157
f 133/158/133 150/167/150 134/160/134
f 141/159/141 158/168/158 142/161/142
f 135/162/135 150/167/150 151/169/151
f 143/163/143 158/168/158 159/170/159
f 135/162/135 152/171/152 136/150/136
f 144/149/144 159/170/159 160/172/160
f 137/151/137 152/171/152 153/173/153
f 145/152/145 160/172/160 161/174/161
f 138/153/138 153/173/153 154/175/154
f 131/154/131 146/97/146 147/176/147
f 372/99/372 145/152/145 161/174/161
f 138/153/138 155/177/155 139/155/139
f 131/154/131 148/178/148 132/156/132
f 139/155/139 156/165/156 140/157/140
f 153/173/153 167/179/167 168/180/168
f 160/172/160 176/181/176 161/174/161
f 154/175/154 168/180/168 169/182/169
f 147/176/147 146/97/146 162/183/162
f 372/99/372 161/174/161 176/181/176
f 154/175/154 170/184/170 155/177/155
f 147/176/147 163/185/163 148/178/148
f 155/177/155 171/186/171 156/165/156
f 149/164/149 163/185/163 164/187/164
f 157/166/157 171/186/171 172/188/172
f 149/164/149 165/189/165 150/167/150
f 157/166/157 173/190/173 158/168/158
f 151/169/151 165/189/165 166/191/166
f 159/170/159 173/190/173 174/192/174
f 151/169/151 167/179/167 152/171/152
f 159/170/159 175/193/175 160/172/160
f 172/188/172 186/194/186 187/195/187
f 164/187/164 180/196/180 165/189/165
f 172/188/172 188/197/188 173/190/173
f 166/191/166 180/196/180 181/198/181
f 174/192/174 188/197/188 189/199/189
f 166/191/166 182/200/182 167/179/167
f 175/193/175 189/199/189 190/201/190
f 168/180/168 182/200/182 183/202/183
f 175/193/175 191/203/191 176/181/176
f 169/182/169 183/202/183 184/204/184
f 162/183/162 146/97/146 177/205/177
f 372/99/372 176/181/176 191/203/191
f 169/182/169 185/206/185 170/184/170
f 162/183/162 178/207/178 163/185/163
f 170/184/170 186/194/186 171/186/171
f 163/185/163 179/208/179 164/187/164
f 190/201/190 206/209/206 191/203/191
f 184/204/184 198/210/198 199/211/199
f 177/205/177 146/97/146 192/212/192
f 372/99/372 191/203/191 206/209/206
f 184/204/184 200/213/200 185/206/185
f 178/207/178 192/212/192 193/214/193
f 185/206/185 201/215/201 186/194/186
f 179/208/179 193/214/193 194/216/194
f 187/195/187 201/215/201 202/217/202
f 179/208/179 195/218/195 180/196/180
f 187/195/187 203/219/203 188/197/188
f 181/198/181 195/218/195 196/220/196
f 189/199/189 203/219/203 204/221/204
f 181/198/181 197/222/197 182/200/182
f 189/199/189 205/223/205 190/201/190
f 183/202/183 197/222/197 198/210/198
f 194/216/194 210/224/210 195/218/195
f 202/217/202 218/225/218 203/219/203
f 196/220/196 210/224/210 211/226/211
f 204/221/204 218/225/218 219/227/219
f 196/220/196 212/228/212 197/222/197
f 205/223/205 219/227/219 220/229/220
f 198/210/198 212/228/212 213/230/213
f 205/223/205 221/231/221 206/209/206
f 199/211/199 213/230/213 214/232/214
f 192/212/192 146/97/146 207/233/207
f 372/99/372 206/209/206 221/231/221
f 199/211/199 215/234/215 200/213/200
f 192/212/192 208/235/208 193/214/193
f 200/213/200 216/236/216 201/215/201
f 193/214/193 209/237/209 194/216/194
f 202/217/202 216/236/216 217/238/217
f 214/232/214 228/239/228 229/240/229
f 207/233/207 146/97/146 222/241/222
f 372/99/372 221/231/221 236/242/236
f 214/232/214 230/243/230 215/234/215
f 207/233/207 223/244/223 208/235/208
f 215/234/215 231/245/231 216/236/216
f 208/235/208 224/246/224 209/237/209
f 217/238/217 231/245/231 232/247/232
f 209/237/209 225/248/225 210/224/210
f 217/238/217 233/249/233 218/225/218
f 211/226/211 225/248/225 226/250/226
f 219/227/219 233/249/233 234/251/234
f 211/226/211 227/252/227 212/228/212
f 220/229/220 234/251/234 235/253/235
f 213/230/213 227/252/227 228/239/228
f 221/231/221 235/253/235 236/242/236
f 232/247/232 248/254/248 233/249/233
f 226/250/226 240/255/240 241/256/241
f 234/251/234 248/254/248 249/257/249
f 226/250/226 242/258/242 227/252/227
f 235/253/235 249/257/249 250/259/250
f 228/239/228 242/258/242 243/260/243
f 236/242/236 250/259/250 251/261/251
f 229/240/229 243/260/243 244/262/244
f 222/241/222 146/97/146 237/263/237
f 372/99/372 236/242/236 251/261/251
f 229/240/229 245/264/245 230/243/230
f 222/241/222 238/265/238 223/244/223
f 230/243/230 246/266/246 231/245/231
f 223/244/223 239/267/239 224/246/224
f 232/247/232 246/266/246 247/268/247
f 224/246/224 240/255/240 225/248/225
f 372/99/372 251/261/251 266/269/266
f 244/262/244 260/270/260 245/264/245
f 238/265/238 252/271/252 253/272/253
f 245/264/245 261/273/261 246/266/246
f 239/267/239 253/272/253 254/274/254
f 247/268/247 261/273/261 262/275/262
f 239/267/239 255/276/255 240/255/240
f 247/268/247 263/277/263 248/254/248
f 241/256/241 255/276/255 256/278/256
f 249/257/249 263/277/263 264/279/264
f 241/256/241 257/280/257 242/258/242
f 249/257/249 265/281/265 250/259/250
f 243/260/243 257/280/257 258/282/258
f 250/259/250 266/269/266 251/261/251
f 244/262/244 258/282/258 259/283/259
f 237/263/237 146/97/146 252/271/252
f 264/279/264 278/284/278 279/285/279
f 256/278/256 272/286/272 257/280/257
f 265/281/265 279/285/279 280/287/280
f 258/282/258 272/286/272 273/288/273
f 266/269/266 280/287/280 281/289/281
f 259/283/259 273/288/273 274/290/274
f 252/271/252 146/97/146 267/291/267
f 372/99/372 266/269/266 281/289/281
f 259/283/259 275/292/275 260/270/260
f 252/271/252 268/293/268 253/272/253
f 260/270/260 276/294/276 261/273/261
f 253/272/253 269/295/269 254/274/254
f 262/275/262 276/294/276 277/296/277
f 254/274/254 270/297/270 255/276/255
f 262/275/262 278/284/278 263/277/263
f 256/278/256 270/297/270 271/298/271
f 267/291/267 283/299/283 268/293/268
f 275/292/275 291/300/291 276/294/276
f 268/293/268 284/301/284 269/295/269
f 277/296/277 291/300/291 292/302/292
f 269/295/269 285/303/285 270/297/270
f 277/296/277 293/304/293 278/284/278
f 271/298/271 285/303/285 286/305/286
f 279/285/279 293/304/293 294/306/294
f 271/298/271 287/307/287 272/286/272
f 280/287/280 294/306/294 295/308/295
f 273/288/273 287/307/287 288/309/288
f 281/289/281 295/308/295 296/310/296
f 274/290/274 288/309/288 289/311/289
f 267/291/267 146/97/146 282/312/282
f 372/99/372 281/289/281 296/310/296
f 274/290/274 290/313/290 275/292/275
f 286/305/286 302/314/302 287/307/287
f 295/308/295 309/315/309 310/316/310
f 288/309/288 302/314/302 303/317/303
f 295/308/295 311/318/311 296/310/296
f 289/311/289 303/317/303 304/319/304
f 282/312/282 146/97/146 297/320/297
f 372/99/372 296/310/296 311/318/311
f 289/311/289 305/321/305 290/313/290
f 283/299/283 297/320/297 298/322/298
f 290/313/290 306/323/306 291/300/291
f 283/299/283 299/324/299 284/301/284
f 292/302/292 306/323/306 307/325/307
f 284/301/284 300/326/300 285/303/285
f 292/302/292 308/327/308 293/304/293
f 286/305/286 300/326/300 301/328/301
f 294/306/294 308/327/308 309/315/309
f 305/329/305 321/330/321 306/331/306
f 299/332/299 313/333/313 314/334/314
f 307/335/307 321/330/321 322/336/322
f 299/332/299 315/337/315 300/338/300
f 307/335/307 323/339/323 308/340/308
f 301/341/301 315/337/315 316/342/316
f 309/343/309 323/339/323 324/344/324
f 301/341/301 317/345/317 302/346/302
f 309/343/309 325/347/325 310/348/310
f 303/349/303 317/345/317 318/350/318
f 310/348/310 326/351/326 311/352/311
f 304/353/304 318/350/318 319/354/319
f 297/355/297 146/356/146 312/357/312
f 372/358/372 311/352/311 326/351/326
f 304/353/304 320/359/320 305/329/305
f 298/360/298 312/357/312 313/333/313
f 325/347/325 339/361/339 340/362/340
f 318/350/318 332/363/332 333/364/333
f 325/347/325 341/365/341 326/351/326
f 319/354/319 333/364/333 334/366/334
f 312/357/312 146/356/146 327/367/327
f 372/358/372 326/351/326 341/365/341
f 319/354/319 335/368/335 320/359/320
f 313/333/313 327/367/327 328/369/328
f 320/359/320 336/370/336 321/330/321
f 313/333/313 329/371/329 314/334/314
f 322/336/322 336/370/336 337/372/337
f 314/334/314 330/373/330 315/337/315
f 322/336/322 338/374/338 323/339/323
f 316/342/316 330/373/330 331/375/331
f 324/344/324 338/374/338 339/361/339
f 316/342/316 332/363/332 317/345/317
f 328/369/328 344/376/344 329/371/329
f 337/372/337 351/377/351 352/378/352
f 329/371/329 345/379/345 330/373/330
f 337/372/337 353/380/353 338/374/338
f 331/375/331 345/379/345 346/381/346
f 339/361/339 353/380/353 354/382/354
f 331/375/331 347/383/347 332/363/332
f 339/361/339 355/384/355 340/362/340
f 333/364/333 347/383/347 348/385/348
f 340/362/340 356/386/356 341/365/341
f 334/366/334 348/385/348 349/387/349
f 327/367/327 146/356/146 342/388/342
f 372/358/372 341/365/341 356/386/356
f 334/366/334 350/389/350 335/368/335
f 327/367/327 343/390/343 328/369/328
f 335/368/335 351/377/351 336/370/336
f 348/385/348 362/391/362 363/392/363
f 356/386/356 370/393/370 371/394/371
f 349/387/349 363/392/363 364/395/364
f 342/388/342 146/356/146 357/396/357
f 372/358/372 356/386/356 371/394/371
f 349/387/349 365/397/365 350/389/350
f 342/388/342 358/398/358 343/390/343
f 350/389/350 366/399/366 351/377/351
f 344/376/344 358/398/358 359/400/359
f 352/378/352 366/399/366 367/401/367
f 344/376/344 360/402/360 345/379/345
f 352/378/352 368/403/368 353/380/353
f 346/381/346 360/402/360 361/404/361
f 354/382/354 368/403/368 369/405/369
f 346/381/346 362/391/362 347/383/347
f 354/382/354 370/393/370 355/384/355
f 367/401/367 382/406/382 383/407/383
f 359/400/359 376/408/376 360/402/360
f 367/401/367 384/409/384 368/403/368
f 361/404/361 376/408/376 377/410/377
f 369/405/369 384/409/384 385/411/385
f 361/404/361 378/412/378 362/391/362
f 369/405/369 386/413/386 370/393/370
f 363/392/363 378/412/378 379/414/379
f 370/393/370 387/415/387 371/394/371
f 364/395/364 379/414/379 380/416/380
f 357/396/357 146/356/146 373/417/373
f 372/358/372 371/394/371 387/415/387
f 364/395/364 381/418/381 365/397/365
f 358/398/358 373/417/373 374/419/374
f 365/397/365 382/406/382 366/399/366
f 359/400/359 374/419/374 375/420/375
f 387/415/387 401/421/401 402/422/402
f 380/416/380 394/423/394 395/424/395
f 373/417/373 146/356/146 388/425/388
f 372/358/372 387/415/387 402/422/402
f 380/416/380 396/426/396 381/418/381
f 373/417/373 389/427/389 374/419/374
f 381/418/381 397/428/397 382/406/382
f 374/419/374 390/429/390 375/420/375
f 383/407/383 397/428/397 398/430/398
f 375/420/375 391/431/391 376/408/376
f 383/407/383 399/432/399 384/409/384
f 377/410/377 391/431/391 392/433/392
f 385/411/385 399/432/399 400/434/400
f 377/410/377 393/435/393 378/412/378
f 385/411/385 401/421/401 386/413/386
f 379/414/379 393/435/393 394/423/394
f 398/430/398 414/436/414 399/432/399
f 392/433/392 406/437/406 407/438/407
f 400/434/400 414/436/414 415/439/415
f 392/433/392 408/440/408 393/435/393
f 400/434/400 416/441/416 401/421/401
f 394/423/394 408/440/408 409/442/409
f 402/422/402 416/441/416 417/443/417
f 395/424/395 409/442/409 410/444/410
f 388/425/388 146/356/146 403/445/403
f 372/358/372 402/422/402 417/443/417
f 395/424/395 411/446/411 396/426/396
f 388/425/388 404/447/404 389/427/389
f 396/426/396 412/448/412 397/428/397
f 390/429/390 404/447/404 405/449/405
f 398/430/398 412/448/412 413/450/413
f 390/429/390 406/437/406 391/431/391
f 403/445/403 146/356/146 418/451/418
f 372/358/372 417/443/417 432/452/432
f 410/444/410 426/453/426 411/446/411
f 403/445/403 419/454/419 404/447/404
f 411/446/411 427/455/427 412/448/412
f 405/449/405 419/454/419 420/456/420
f 413/450/413 427/455/427 428/457/428
f 405/449/405 421/458/421 406/437/406
f 413/450/413 429/459/429 414/436/414
f 407/438/407 421/458/421 422/460/422
f 415/439/415 429/459/429 430/461/430
f 407/438/407 423/462/423 408/440/408
f 415/439/415 431/463/431 416/441/416
f 409/442/409 423/462/423 424/464/424
f 417/443/417 431/463/431 432/452/432
f 410/444/410 424/464/424 425/465/425
f 422/460/422 436/466/436 437/467/437
f 430/461/430 444/468/444 445/469/445
f 422/460/422 438/470/438 423/462/423
f 430/461/430 446/471/446 431/463/431
f 424/464/424 438/470/438 439/472/439
f 431/463/431 447/473/447 432/452/432
f 425/465/425 439/472/439 440/474/440
f 418/451/418 146/356/146 433/475/433
f 372/358/372 432/452/432 447/473/447
f 425/465/425 441/476/441 426/453/426
f 419/454/419 433/475/433 434/477/434
f 426/453/426 442/478/442 427/455/427
f 420/456/420 434/477/434 435/479/435
f 428/457/428 442/478/442 443/480/443
f 420/456/420 436/466/436 421/458/421
f 428/457/428 444/468/444 429/459/429
f 440/474/440 456/481/456 441/476/441
f 434/477/434 448/482/448 449/483/449
f 441/476/441 457/484/457 442/478/442
f 435/479/435 449/483/449 450/485/450
f 443/480/443 457/484/457 458/486/458
f 435/479/435 451/487/451 436/466/436
f 443/480/443 459/488/459 444/468/444
f 437/467/437 451/487/451 452/489/452
f 445/469/445 459/488/459 460/490/460
f 437/467/437 453/491/453 438/470/438
f 445/469/445 461/492/461 446/471/446
f 439/472/439 453/491/453 454/493/454
f 446/471/446 462/494/462 447/473/447
f 440/474/440 454/493/454 455/495/455
f 433/475/433 146/356/146 448/482/448
f 372/358/372 447/473/447 462/494/462
f 460/490/460 474/496/474 475/497/475
f 452/489/452 468/498/468 453/491/453
f 460/490/460 476/499/476 461/492/461
f 454/493/454 468/498/468 469/500/469
f 462/494/462 476/499/476 477/501/477
f 455/495/455 469/500/469 470/502/470
f 448/482/448 146/356/146 463/503/463
f 372/358/372 462/494/462 477/501/477
f 455/495/455 471/504/471 456/481/456
f 448/482/448 464/505/464 449/483/449
f 456/481/456 472/506/472 457/484/457
f 450/485/450 464/505/464 465/507/465
f 458/486/458 472/506/472 473/508/473
f 450/485/450 466/509/466 451/487/451
f 458/486/458 474/496/474 459/488/459
f 452/489/452 466/509/466 467/510/467
f 463/503/463 479/511/479 464/505/464
f 471/504/471 487/512/487 472/506/472
f 465/507/465 479/511/479 480/513/480
f 473/508/473 487/512/487 488/514/488
f 465/507/465 481/515/481 466/509/466
f 473/508/473 489/516/489 474/496/474
f 467/510/467 481/515/481 482/517/482
f 475/497/475 489/516/489 490/518/490
f 467/510/467 483/519/483 468/498/468
f 475/497/475 491/520/491 476/499/476
f 469/500/469 483/519/483 484/521/484
f 476/499/476 492/522/492 477/501/477
f 470/502/470 484/521/484 485/523/485
f 463/503/463 146/356/146 478/524/478
f 372/358/372 477/501/477 492/522/492
f 470/502/470 486/525/486 471/504/471
f 482/517/482 498/526/498 483/519/483
f 490/518/490 506/527/506 491/520/491
f 484/521/484 498/526/498 499/528/499
f 492/522/492 506/527/506 507/529/507
f 485/523/485 499/528/499 500/530/500
f 478/524/478 146/356/146 493/531/493
f 372/358/372 492/522/492 507/529/507
f 485/523/485 501/532/501 486/525/486
f 478/524/478 494/533/494 479/511/479
f 486/525/486 502/534/502 487/512/487
f 480/513/480 494/533/494 495/535/495
f 488/514/488 502/534/502 503/536/503
f 480/513/480 496/537/496 481/515/481
f 488/514/488 504/538/504 489/516/489
f 482/517/482 496/537/496 497/539/497
f 490/518/490 504/538/504 505/540/505
f 501/532/501 517/541/517 502/534/502
f 495/535/495 509/542/509 510/543/510
f 503/536/503 517/541/517 518/544/518
f 495/535/495 511/545/511 496/537/496
f 503/536/503 519/546/519 504/538/504
f 497/539/497 511/545/511 512/547/512
f 505/540/505 519/546/519 520/548/520
f 497/539/497 513/549/513 498/526/498
f 505/540/505 521/550/521 506/527/506
f 499/528/499 513/549/513 514/551/514
f 506/527/506 522/552/522 507/529/507
f 500/530/500 514/551/514 515/553/515
f 493/531/493 146/356/146 508/554/508
f 372/358/372 507/529/507 522/552/522
f 500/530/500 516/555/516 501/532/501
f 494/533/494 508/554/508 509/542/509
f 520/548/520 536/556/536 521/550/521
f 514/551/514 528/557/528 529/558/529
f 522/552/522 536/556/536 537/559/537
f 515/553/515 529/558/529 530/560/530
f 508/554/508 146/356/146 523/561/523
f 372/358/372 522/552/522 537/559/537
f 515/553/515 531/562/531 516/555/516
f 508/554/508 524/563/524 509/542/509
f 516/555/516 532/564/532 517/541/517
f 510/543/510 524/563/524 525/565/525
f 518/544/518 532/564/532 533/566/533
f 510/543/510 526/567/526 511/545/511
f 518/544/518 534/568/534 519/546/519
f 512/547/512 526/567/526 527/569/527
f 520/548/520 534/568/534 535/570/535
f 512/547/512 528/557/528 513/549/513
f 532/564/532 70/571/70 533/566/533
f 526/567/526 65/572/65 540/573/540
f 533/566/533 543/574/543 534/568/534
f 527/569/527 540/573/540 66/575/66
f 535/570/535 543/574/543 544/576/544
f 528/557/528 66/575/66 541/577/541
f 536/556/536 544/576/544 545/578/545
f 529/558/529 541/577/541 67/579/67
f 537/559/537 545/578/545 546/580/546
f 530/560/530 67/579/67 68/581/68
f 523/561/523 146/356/146 538/582/538
f 372/358/372 537/559/537 546/580/546
f 530/560/530 69/583/69 531/562/531
f 523/561/523 539/584/539 524/563/524
f 531/562/531 542/585/542 532/564/532
f 525/565/525 539/584/539 65/572/65
f 65/586/65 548/587/524 539/588/539
f 557/589/533 542/590/542 70/591/70
f 540/592/540 549/593/525 65/586/65
f 558/594/534 70/591/70 543/595/543
f 66/596/66 550/597/526 540/592/540
f 559/598/535 543/595/543 544/599/544
f 541/600/541 551/601/527 66/596/66
f 560/602/536 544/599/544 545/603/545
f 67/604/67 552/605/528 541/600/541
f 561/606/537 545/603/545 546/607/546
f 554/608/530 67/604/67 68/609/68
f 538/610/538 547/611/523 146/612/146
f 372/613/372 561/606/537 546/607/546
f 555/614/531 68/609/68 69/615/69
f 539/588/539 547/611/523 538/610/538
f 556/616/532 69/615/69 542/590/542
f 570/617/516 554/608/530 555/614/531
f 563/618/509 547/611/523 548/587/524
f 571/619/517 555/614/531 556/616/532
f 564/620/510 548/587/524 549/593/525
f 557/589/533 571/619/517 556/616/532
f 565/621/511 549/593/525 550/597/526
f 558/594/534 572/622/518 557/589/533
f 566/623/512 550/597/526 551/601/527
f 559/598/535 573/624/519 558/594/534
f 567/625/513 551/601/527 552/605/528
f 560/602/536 574/626/520 559/598/535
f 553/627/529 567/625/513 552/605/528
f 576/628/522 560/602/536 561/606/537
f 569/629/515 553/627/529 554/608/530
f 547/611/523 562/630/508 146/612/146
f 372/613/372 576/628/522 561/606/537
f 574/626/520 588/631/504 573/624/519
f 582/632/498 566/623/512 567/625/513
f 575/633/521 589/634/505 574/626/520
f 568/635/514 582/632/498 567/625/513
f 576/628/522 590/636/506 575/633/521
f 569/629/515 583/637/499 568/635/514
f 562/630/508 577/638/493 146/612/146
f 372/613/372 591/639/507 576/628/522
f 585/640/501 569/629/515 570/617/516
f 578/641/494 562/630/508 563/618/509
f 586/642/502 570/617/516 571/619/517
f 579/643/495 563/618/509 564/620/510
f 572/622/518 586/642/502 571/619/517
f 580/644/496 564/620/510 565/621/511
f 573/624/519 587/645/503 572/622/518
f 581/646/497 565/621/511 566/623/512
f 601/647/487 585/640/501 586/642/502
f 594/648/480 578/641/494 579/643/495
f 587/645/503 601/647/487 586/642/502
f 595/649/481 579/643/495 580/644/496
f 603/650/489 587/645/503 588/631/504
f 581/646/497 595/649/481 580/644/496
f 589/634/505 603/650/489 588/631/504
f 597/651/483 581/646/497 582/632/498
f 590/636/506 604/652/490 589/634/505
f 583/637/499 597/651/483 582/632/498
f 591/639/507 605/653/491 590/636/506
f 584/654/500 598/655/484 583/637/499
f 577/638/493 592/656/478 146/612/146
f 372/613/372 606/657/492 591/639/507
f 600/658/486 584/654/500 585/640/501
f 593/659/479 577/638/493 578/641/494
f 620/660/476 604/652/490 605/653/491
f 598/655/484 612/661/468 597/651/483
f 621/662/477 605/653/491 606/657/492
f 599/663/485 613/664/469 598/655/484
f 592/656/478 607/665/463 146/612/146
f 372/613/372 621/662/477 606/657/492
f 615/666/471 599/663/485 600/658/486
f 593/659/479 607/665/463 592/656/478
f 616/667/472 600/658/486 601/647/487
f 594/648/480 608/668/464 593/659/479
f 602/669/488 616/667/472 601/647/487
f 610/670/466 594/648/480 595/649/481
f 618/671/474 602/669/488 603/650/489
f 596/672/482 610/670/466 595/649/481
f 604/652/490 618/671/474 603/650/489
f 612/661/468 596/672/482 597/651/483
f 624/673/450 608/668/464 609/674/465
f 617/675/473 631/676/457 616/667/472
f 625/677/451 609/674/465 610/670/466
f 633/678/459 617/675/473 618/671/474
f 611/679/467 625/677/451 610/670/466
f 619/680/475 633/678/459 618/671/474
f 627/681/453 611/679/467 612/661/468
f 620/660/476 634/682/460 619/680/475
f 613/664/469 627/681/453 612/661/468
f 621/662/477 635/683/461 620/660/476
f 614/684/470 628/685/454 613/664/469
f 607/665/463 622/686/448 146/612/146
f 372/613/372 636/687/462 621/662/477
f 630/688/456 614/684/470 615/666/471
f 623/689/449 607/665/463 608/668/464
f 631/676/457 615/666/471 616/667/472
f 628/685/454 642/690/438 627/681/453
f 651/691/447 635/683/461 636/687/462
f 629/692/455 643/693/439 628/685/454
f 622/686/448 637/694/433 146/612/146
f 372/613/372 651/691/447 636/687/462
f 645/695/441 629/692/455 630/688/456
f 638/696/434 622/686/448 623/689/449
f 646/697/442 630/688/456 631/676/457
f 624/673/450 638/696/434 623/689/449
f 632/698/458 646/697/442 631/676/457
f 640/699/436 624/673/450 625/677/451
f 648/700/444 632/698/458 633/678/459
f 626/701/452 640/699/436 625/677/451
f 634/682/460 648/700/444 633/678/459
f 642/690/438 626/701/452 627/681/453
f 650/702/446 634/682/460 635/683/461
f 647/703/443 661/704/427 646/697/442
f 655/705/421 639/706/435 640/699/436
f 663/707/429 647/703/443 648/700/444
f 641/708/437 655/705/421 640/699/436
f 649/709/445 663/707/429 648/700/444
f 657/710/423 641/708/437 642/690/438
f 650/702/446 664/711/430 649/709/445
f 643/693/439 657/710/423 642/690/438
f 666/712/432 650/702/446 651/691/447
f 644/713/440 658/714/424 643/693/439
f 637/694/433 652/715/418 146/612/146
f 372/613/372 666/712/432 651/691/447
f 660/716/426 644/713/440 645/695/441
f 653/717/419 637/694/433 638/696/434
f 661/704/427 645/695/441 646/697/442
f 654/718/420 638/696/434 639/706/435
f 681/719/417 665/720/431 666/712/432
f 659/721/425 673/722/409 658/714/424
f 652/715/418 667/723/403 146/612/146
f 372/613/372 681/719/417 666/712/432
f 675/724/411 659/721/425 660/716/426
f 653/717/419 667/723/403 652/715/418
f 676/725/412 660/716/426 661/704/427
f 654/718/420 668/726/404 653/717/419
f 662/727/428 676/725/412 661/704/427
f 670/728/406 654/718/420 655/705/421
f 678/729/414 662/727/428 663/707/429
f 656/730/422 670/728/406 655/705/421
f 664/711/430 678/729/414 663/707/429
f 672/731/408 656/730/422 657/710/423
f 680/732/416 664/711/430 665/720/431
f 658/714/424 672/731/408 657/710/423
f 685/733/391 669/734/405 670/728/406
f 693/735/399 677/736/413 678/729/414
f 671/737/407 685/733/391 670/728/406
f 679/738/415 693/735/399 678/729/414
f 687/739/393 671/737/407 672/731/408
f 680/732/416 694/740/400 679/738/415
f 673/722/409 687/739/393 672/731/408
f 696/741/402 680/732/416 681/719/417
f 674/742/410 688/743/394 673/722/409
f 667/723/403 682/744/388 146/612/146
f 372/613/372 696/741/402 681/719/417
f 690/745/396 674/742/410 675/724/411
f 683/746/389 667/723/403 668/726/404
f 691/747/397 675/724/411 676/725/412
f 684/748/390 668/726/404 669/734/405
f 677/736/413 691/747/397 676/725/412
f 689/749/395 703/750/379 688/743/394
f 682/744/388 697/751/373 146/612/146
f 372/613/372 711/752/387 696/741/402
f 705/753/381 689/749/395 690/745/396
f 698/754/374 682/744/388 683/746/389
f 706/755/382 690/745/396 691/747/397
f 699/756/375 683/746/389 684/748/390
f 692/757/398 706/755/382 691/747/397
f 700/758/376 684/748/390 685/733/391
f 708/759/384 692/757/398 693/735/399
f 686/760/392 700/758/376 685/733/391
f 694/740/400 708/759/384 693/735/399
f 702/761/378 686/760/392 687/739/393
f 695/762/401 709/763/385 694/740/400
f 688/743/394 702/761/378 687/739/393
f 696/741/402 710/764/386 695/762/401
f 723/765/368 707/766/383 708/759/384
f 701/767/377 715/768/360 700/758/376
f 709/763/385 723/765/368 708/759/384
f 717/769/362 701/767/377 702/761/378
f 710/764/386 724/770/369 709/763/385
f 703/750/379 717/769/362 702/761/378
f 711/752/387 725/771/370 710/764/386
f 704/772/380 718/773/363 703/750/379
f 697/751/373 712/774/357 146/612/146
f 372/613/372 726/775/371 711/752/387
f 720/776/365 704/772/380 705/753/381
f 713/777/358 697/751/373 698/754/374
f 721/778/366 705/753/381 706/755/382
f 714/779/359 698/754/374 699/756/375
f 707/766/383 721/778/366 706/755/382
f 715/768/360 699/756/375 700/758/376
f 372/613/372 741/780/356 726/775/371
f 735/781/350 719/782/364 720/776/365
f 713/777/358 727/783/547 712/774/357
f 736/784/351 720/776/365 721/778/366
f 714/779/359 728/785/343 713/777/358
f 722/786/367 736/784/351 721/778/366
f 730/787/345 714/779/359 715/768/360
f 738/788/353 722/786/367 723/765/368
f 716/789/361 730/787/345 715/768/360
f 724/770/369 738/788/353 723/765/368
f 732/790/347 716/789/361 717/769/362
f 740/791/355 724/770/369 725/771/370
f 718/773/363 732/790/347 717/769/362
f 741/780/356 725/771/370 726/775/371
f 719/782/364 733/792/348 718/773/363
f 712/774/357 727/783/547 146/612/146
f 739/793/354 753/794/338 738/788/353
f 747/795/332 731/796/346 732/790/347
f 740/791/355 754/797/339 739/793/354
f 733/792/348 747/795/332 732/790/347
f 741/780/356 755/798/340 740/791/355
f 734/799/349 748/800/333 733/792/348
f 727/783/547 742/801/327 146/612/146
f 372/613/372 756/802/341 741/780/356
f 750/803/335 734/799/349 735/781/350
f 743/804/328 727/783/547 728/785/343
f 751/805/336 735/781/350 736/784/351
f 744/806/329 728/785/343 729/807/344
f 737/808/352 751/805/336 736/784/351
f 745/809/330 729/807/344 730/787/345
f 753/794/338 737/808/352 738/788/353
f 731/796/346 745/809/330 730/787/345
f 758/810/313 742/801/327 743/804/328
f 766/811/321 750/803/335 751/805/336
f 759/812/314 743/804/328 744/806/329
f 752/813/337 766/811/321 751/805/336
f 760/814/315 744/806/329 745/809/330
f 768/815/323 752/813/337 753/794/338
f 746/816/331 760/814/315 745/809/330
f 754/797/339 768/815/323 753/794/338
f 762/817/317 746/816/331 747/795/332
f 755/798/340 769/818/324 754/797/339
f 748/800/333 762/817/317 747/795/332
f 756/802/341 770/819/325 755/798/340
f 749/820/334 763/821/318 748/800/333
f 742/801/327 757/822/312 146/612/146
f 372/613/372 771/823/326 756/802/341
f 765/824/320 749/820/334 750/803/335
f 302/825/302 761/826/316 762/817/317
f 770/819/325 309/827/309 769/818/324
f 763/821/318 302/825/302 762/817/317
f 311/828/311 770/819/325 771/823/326
f 764/829/319 303/830/303 763/821/318
f 757/822/312 297/831/297 146/612/146
f 372/613/372 311/828/311 771/823/326
f 305/832/305 764/829/319 765/824/320
f 758/810/313 297/831/297 757/822/312
f 306/833/306 765/824/320 766/811/321
f 299/834/299 758/810/313 759/812/314
f 767/835/322 306/833/306 766/811/321
f 300/836/300 759/812/314 760/814/315
f 308/837/308 767/835/322 768/815/323
f 761/826/316 300/836/300 760/814/315
f 769/818/324 308/837/308 768/815/323
f 781/838/291 305/839/305 306/840/306
f 299/841/299 773/842/283 298/843/298
f 307/844/307 781/838/291 306/840/306
f 775/845/285 299/841/299 300/846/300
f 783/847/293 307/844/307 308/848/308
f 301/849/301 775/845/285 300/846/300
f 309/850/309 783/847/293 308/848/308
f 777/851/287 301/849/301 302/852/302
f 785/853/295 309/850/309 310/854/310
f 303/855/303 777/851/287 302/852/302
f 786/856/296 310/854/310 311/857/311
f 304/858/304 778/859/288 303/855/303
f 297/860/297 772/861/282 146/862/146
f 372/863/372 786/856/296 311/857/311
f 780/864/290 304/858/304 305/839/305
f 298/843/298 772/861/282 297/860/297
f 785/853/295 799/865/279 784/866/294
f 778/859/288 792/867/272 777/851/287
f 801/868/281 785/853/295 786/856/296
f 779/869/289 793/870/273 778/859/288
f 772/861/282 787/871/267 146/862/146
f 372/863/372 801/868/281 786/856/296
f 795/872/275 779/869/289 780/864/290
f 773/842/283 787/871/267 772/861/282
f 796/873/276 780/864/290 781/838/291
f 789/874/269 773/842/283 774/875/284
f 782/876/292 796/873/276 781/838/291
f 790/877/270 774/875/284 775/845/285
f 798/878/278 782/876/292 783/847/293
f 776/879/286 790/877/270 775/845/285
f 784/866/294 798/878/278 783/847/293
f 792/867/272 776/879/286 777/851/287
f 804/880/254 788/881/268 789/874/269
f 797/882/277 811/883/261 796/873/276
f 805/884/255 789/874/269 790/877/270
f 813/885/263 797/882/277 798/878/278
f 791/886/271 805/884/255 790/877/270
f 799/865/279 813/885/263 798/878/278
f 807/887/257 791/886/271 792/867/272
f 815/888/265 799/865/279 800/889/280
f 793/870/273 807/887/257 792/867/272
f 816/890/549 800/889/280 801/868/281
f 794/891/274 808/892/258 793/870/273
f 787/871/267 802/893/548 146/862/146
f 372/863/372 816/890/549 801/868/281
f 810/894/260 794/891/274 795/872/275
f 803/895/253 787/871/267 788/881/268
f 811/883/261 795/872/275 796/873/276
f 808/892/258 822/896/242 807/887/257
f 816/890/549 830/897/250 815/888/265
f 809/898/259 823/899/243 808/892/258
f 802/893/548 817/900/237 146/862/146
f 372/863/372 831/901/251 816/890/549
f 825/902/245 809/898/259 810/894/260
f 818/903/238 802/893/548 803/895/253
f 826/904/246 810/894/260 811/883/261
f 804/880/254 818/903/238 803/895/253
f 812/905/262 826/904/246 811/883/261
f 820/906/240 804/880/254 805/884/255
f 828/907/248 812/905/262 813/885/263
f 806/908/256 820/906/240 805/884/255
f 814/909/264 828/907/248 813/885/263
f 822/896/242 806/908/256 807/887/257
f 830/897/250 814/909/264 815/888/265
f 827/910/247 841/911/231 826/904/246
f 835/912/225 819/913/239 820/906/240
f 843/914/233 827/910/247 828/907/248
f 821/915/241 835/912/225 820/906/240
f 829/916/249 843/914/233 828/907/248
f 837/917/227 821/915/241 822/896/242
f 845/918/235 829/916/249 830/897/250
f 823/899/243 837/917/227 822/896/242
f 846/919/236 830/897/250 831/901/251
f 824/920/244 838/921/228 823/899/243
f 817/900/237 832/922/222 146/862/146
f 372/863/372 846/919/236 831/901/251
f 840/923/230 824/920/244 825/902/245
f 818/903/238 832/922/222 817/900/237
f 841/911/231 825/902/245 826/904/246
f 819/913/239 833/924/223 818/903/238
f 846/919/236 860/925/220 845/918/235
f 839/926/229 853/927/213 838/921/228
f 832/922/222 847/928/207 146/862/146
f 372/863/372 861/929/221 846/919/236
f 855/930/215 839/926/229 840/923/230
f 848/931/208 832/922/222 833/924/223
f 856/932/216 840/923/230 841/911/231
f 849/933/209 833/924/223 834/934/224
f 842/935/232 856/932/216 841/911/231
f 850/936/210 834/934/224 835/912/225
f 858/937/218 842/935/232 843/914/233
f 836/938/226 850/936/210 835/912/225
f 844/939/234 858/937/218 843/914/233
f 852/940/212 836/938/226 837/917/227
f 860/925/220 844/939/234 845/918/235
f 838/921/228 852/940/212 837/917/227
f 873/941/203 857/942/217 858/937/218
f 851/943/211 865/944/195 850/936/210
f 859/945/219 873/941/203 858/937/218
f 867/946/197 851/943/211 852/940/212
f 875/947/205 859/945/219 860/925/220
f 853/927/213 867/946/197 852/940/212
f 861/929/221 875/947/205 860/925/220
f 854/948/214 868/949/198 853/927/213
f 847/928/207 862/950/192 146/862/146
f 372/863/372 876/951/206 861/929/221
f 870/952/200 854/948/214 855/930/215
f 863/953/193 847/928/207 848/931/208
f 871/954/201 855/930/215 856/932/216
f 849/933/209 863/953/193 848/931/208
f 857/942/217 871/954/201 856/932/216
f 865/944/195 849/933/209 850/936/210
f 862/950/192 877/955/177 146/862/146
f 372/863/372 891/956/191 876/951/206
f 885/957/185 869/958/199 870/952/200
f 878/959/178 862/950/192 863/953/193
f 886/960/186 870/952/200 871/954/201
f 864/961/194 878/959/178 863/953/193
f 872/962/202 886/960/186 871/954/201
f 880/963/180 864/961/194 865/944/195
f 888/964/188 872/962/202 873/941/203
f 866/965/196 880/963/180 865/944/195
f 874/966/204 888/964/188 873/941/203
f 882/967/182 866/965/196 867/946/197
f 890/968/190 874/966/204 875/947/205
f 868/949/198 882/967/182 867/946/197
f 876/951/206 890/968/190 875/947/205
f 869/958/199 883/969/183 868/949/198
f 881/970/181 895/971/165 880/963/180
f 889/972/189 903/973/173 888/964/188
f 897/974/167 881/970/181 882/967/182
f 905/975/175 889/972/189 890/968/190
f 883/969/183 897/974/167 882/967/182
f 906/976/176 890/968/190 891/956/191
f 884/977/184 898/978/168 883/969/183
f 877/955/177 892/979/162 146/862/146
f 372/863/372 906/976/176 891/956/191
f 900/980/170 884/977/184 885/957/185
f 878/959/178 892/979/162 877/955/177
f 901/981/171 885/957/185 886/960/186
f 879/982/179 893/983/163 878/959/178
f 887/984/187 901/981/171 886/960/186
f 895/971/165 879/982/179 880/963/180
f 903/973/173 887/984/187 888/964/188
f 915/985/155 899/986/169 900/980/170
f 893/983/163 907/987/147 892/979/162
f 916/988/156 900/980/170 901/981/171
f 894/989/164 908/990/148 893/983/163
f 902/991/172 916/988/156 901/981/171
f 910/992/150 894/989/164 895/971/165
f 918/993/158 902/991/172 903/973/173
f 896/994/166 910/992/150 895/971/165
f 904/995/174 918/993/158 903/973/173
f 912/996/152 896/994/166 897/974/167
f 920/997/160 904/995/174 905/975/175
f 898/978/168 912/996/152 897/974/167
f 921/998/161 905/975/175 906/976/176
f 899/986/169 913/999/153 898/978/168
f 892/979/162 907/987/147 146/862/146
f 372/863/372 921/998/161 906/976/176
f 919/1000/159 933/1001/142 918/993/158
f 927/1002/136 911/1003/151 912/996/152
f 935/1004/144 919/1000/159 920/997/160
f 913/999/153 927/1002/136 912/996/152
f 921/998/161 935/1004/144 920/997/160
f 914/1005/154 928/1006/137 913/999/153
f 907/987/147 922/1007/131 146/862/146
f 372/863/372 936/1008/145 921/998/161
f 930/1009/139 914/1005/154 915/985/155
f 923/1010/132 907/987/147 908/990/148
f 931/1011/140 915/985/155 916/988/156
f 909/1012/149 923/1010/132 908/990/148
f 917/1013/157 931/1011/140 916/988/156
f 925/1014/134 909/1012/149 910/992/150
f 933/1001/142 917/1013/157 918/993/158
f 911/1003/151 925/1014/134 910/992/150
f 938/1015/117 922/1007/131 923/1010/132
f 946/1016/125 930/1009/139 931/1011/140
f 924/1017/133 938/1015/117 923/1010/132
f 932/1018/141 946/1016/125 931/1011/140
f 940/1019/119 924/1017/133 925/1014/134
f 948/1020/127 932/1018/141 933/1001/142
f 926/1021/135 940/1019/119 925/1014/134
f 934/1022/143 948/1020/127 933/1001/142
f 942/1023/121 926/1021/135 927/1002/136
f 950/1024/129 934/1022/143 935/1004/144
f 928/1006/137 942/1023/121 927/1002/136
f 951/1025/130 935/1004/144 936/1008/145
f 929/1026/138 943/1027/122 928/1006/137
f 922/1007/131 937/1028/116 146/862/146
f 372/863/372 951/1025/130 936/1008/145
f 945/1029/124 929/1026/138 930/1009/139
f 957/1030/106 941/1031/120 942/1023/121
f 965/1032/114 949/1033/128 950/1024/129
f 943/1027/122 957/1030/106 942/1023/121
f 951/1025/130 965/1032/114 950/1024/129
f 944/1034/123 958/1035/107 943/1027/122
f 937/1028/116 952/1036/101 146/862/146
f 372/863/372 966/1037/115 951/1025/130
f 960/1038/109 944/1034/123 945/1029/124
f 953/1039/102 937/1028/116 938/1015/117
f 961/1040/110 945/1029/124 946/1016/125
f 939/1041/118 953/1039/102 938/1015/117
f 947/1042/126 961/1040/110 946/1016/125
f 955/1043/104 939/1041/118 940/1019/119
f 963/1044/112 947/1042/126 948/1020/127
f 941/1031/120 955/1043/104 940/1019/119
f 949/1033/128 963/1044/112 948/1020/127
f 976/1045/95 960/1038/109 961/1040/110
f 954/1046/103 968/1047/87 953/1039/102
f 962/1048/111 976/1045/95 961/1040/110
f 970/1049/89 954/1046/103 955/1043/104
f 978/1050/97 962/1048/111 963/1044/112
f 956/1051/105 970/1049/89 955/1043/104
f 964/1052/113 978/1050/97 963/1044/112
f 972/1053/91 956/1051/105 957/1030/106
f 980/1054/99 964/1052/113 965/1032/114
f 958/1035/107 972/1053/91 957/1030/106
f 981/1055/100 965/1032/114 966/1037/115
f 959/1056/108 973/1057/92 958/1035/107
f 952/1036/101 967/1058/86 146/862/146
f 372/863/372 981/1055/100 966/1037/115
f 975/1059/94 959/1056/108 960/1038/109
f 953/1039/102 967/1058/86 952/1036/101
f 995/1060/84 979/1061/98 980/1054/99
f 973/1057/92 987/1062/76 972/1053/91
f 981/1055/100 995/1060/84 980/1054/99
f 974/1063/93 988/1064/77 973/1057/92
f 967/1058/86 982/1065/71 146/862/146
f 372/863/372 996/1066/85 981/1055/100
f 990/1067/79 974/1063/93 975/1059/94
f 983/1068/72 967/1058/86 968/1047/87
f 991/1069/80 975/1059/94 976/1045/95
f 969/1070/88 983/1068/72 968/1047/87
f 977/1071/96 991/1069/80 976/1045/95
f 985/1072/74 969/1070/88 970/1049/89
f 993/1073/82 977/1071/96 978/1050/97
f 971/1074/90 985/1072/74 970/1049/89
f 979/1061/98 993/1073/82 978/1050/97
f 987/1062/76 971/1074/90 972/1053/91
f 70/1075/70 991/1069/80 992/1076/81
f 985/1072/74 65/1077/65 984/1078/73
f 543/1079/543 992/1076/81 993/1073/82
f 986/1080/75 540/1081/540 985/1072/74
f 994/1082/83 543/1079/543 993/1073/82
f 987/1062/76 66/1083/66 986/1080/75
f 995/1060/84 544/1084/544 994/1082/83
f 988/1064/77 541/1085/541 987/1062/76
f 996/1066/85 545/1086/545 995/1060/84
f 989/1087/78 67/1088/67 988/1064/77
f 982/1065/71 538/1089/538 146/862/146
f 372/863/372 546/1090/546 996/1066/85
f 69/1091/69 989/1087/78 990/1067/79
f 539/1092/539 982/1065/71 983/1068/72
f 542/1093/542 990/1067/79 991/1069/80
f 984/1078/73 539/1092/539 983/1068/72
f 65/72/65 539/102/539 72/73/72
f 542/75/542 80/103/80 81/76/81
f 540/78/540 65/72/65 73/74/73
f 70/77/70 81/76/81 82/80/82
f 66/82/66 540/78/540 74/79/74
f 543/81/543 82/80/82 83/84/83
f 541/86/541 66/82/66 75/83/75
f 544/85/544 83/84/83 84/88/84
f 67/90/67 541/86/541 76/87/76
f 545/89/545 84/88/84 85/92/85
f 67/90/67 77/91/77 78/94/78
f 68/95/68 78/94/78 79/100/79
f 539/102/539 538/96/538 71/98/71
f 69/101/69 79/100/79 80/103/80
f 78/94/78 93/117/93 94/104/94
f 71/98/71 86/118/86 87/105/87
f 79/100/79 94/104/94 95/106/95
f 72/73/72 87/105/87 88/107/88
f 81/76/81 80/103/80 95/106/95
f 73/74/73 88/107/88 89/109/89
f 82/80/82 81/76/81 96/108/96
f 74/79/74 89/109/89 90/111/90
f 83/84/83 82/80/82 97/110/97
f 75/83/75 90/111/90 91/113/91
f 84/88/84 83/84/83 98/112/98
f 77/91/77 76/87/76 91/113/91
f 84/88/84 99/114/99 100/116/100
f 77/91/77 92/115/92 93/117/93
f 98/112/98 97/110/97 112/119/112
f 90/111/90 105/133/105 106/121/106
f 99/114/99 98/112/98 113/120/113
f 92/115/92 91/113/91 106/121/106
f 100/116/100 99/114/99 114/122/114
f 93/117/93 92/115/92 107/123/107
f 93/117/93 108/125/108 109/127/109
f 86/118/86 101/126/101 102/128/102
f 94/104/94 109/127/109 110/129/110
f 87/105/87 102/128/102 103/130/103
f 96/108/96 95/106/95 110/129/110
f 88/107/88 103/130/103 104/132/104
f 97/110/97 96/108/96 111/131/111
f 89/109/89 104/132/104 105/133/105
f 109/127/109 124/147/124 125/134/125
f 102/128/102 117/148/117 118/135/118
f 111/131/111 110/129/110 125/134/125
f 103/130/103 118/135/118 119/137/119
f 111/131/111 126/136/126 127/138/127
f 105/133/105 104/132/104 119/137/119
f 113/120/113 112/119/112 127/138/127
f 105/133/105 120/139/120 121/141/121
f 114/122/114 113/120/113 128/140/128
f 107/123/107 106/121/106 121/141/121
f 115/124/115 114/122/114 129/142/129
f 108/125/108 107/123/107 122/143/122
f 108/125/108 123/145/123 124/147/124
f 101/126/101 116/146/116 117/148/117
f 128/140/128 143/163/143 144/149/144
f 122/143/122 121/141/121 136/150/136
f 129/142/129 144/149/144 145/152/145
f 123/145/123 122/143/122 137/151/137
f 123/145/123 138/153/138 139/155/139
f 117/148/117 116/146/116 131/154/131
f 124/147/124 139/155/139 140/157/140
f 118/135/118 117/148/117 132/156/132
f 126/136/126 125/134/125 140/157/140
f 118/135/118 133/158/133 134/160/134
f 126/136/126 141/159/141 142/161/142
f 120/139/120 119/137/119 134/160/134
f 128/140/128 127/138/127 142/161/142
f 120/139/120 135/162/135 136/150/136
f 132/156/132 148/178/148 149/164/149
f 141/159/141 140/157/140 156/165/156
f 133/158/133 149/164/149 150/167/150
f 141/159/141 157/166/157 158/168/158
f 135/162/135 134/160/134 150/167/150
f 143/163/143 142/161/142 158/168/158
f 135/162/135 151/169/151 152/171/152
f 144/149/144 143/163/143 159/170/159
f 137/151/137 136/150/136 152/171/152
f 145/152/145 144/149/144 160/172/160
f 138/153/138 137/151/137 153/173/153
f 138/153/138 154/175/154 155/177/155
f 131/154/131 147/176/147 148/178/148
f 139/155/139 155/177/155 156/165/156
f 153/173/153 152/171/152 167/179/167
f 160/172/160 175/193/175 176/181/176
f 154/175/154 153/173/153 168/180/168
f 154/175/154 169/182/169 170/184/170
f 147/176/147 162/183/162 163/185/163
f 155/177/155 170/184/170 171/186/171
f 149/164/149 148/178/148 163/185/163
f 157/166/157 156/165/156 171/186/171
f 149/164/149 164/187/164 165/189/165
f 157/166/157 172/188/172 173/190/173
f 151/169/151 150/167/150 165/189/165
f 159/170/159 158/168/158 173/190/173
f 151/169/151 166/191/166 167/179/167
f 159/170/159 174/192/174 175/193/175
f 172/188/172 171/186/171 186/194/186
f 164/187/164 179/208/179 180/196/180
f 172/188/172 187/195/187 188/197/188
f 166/191/166 165/189/165 180/196/180
f 174/192/174 173/190/173 188/197/188
f 166/191/166 181/198/181 182/200/182
f 175/193/175 174/192/174 189/199/189
f 168/180/168 167/179/167 182/200/182
f 175/193/175 190/201/190 191/203/191
f 169/182/169 168/180/168 183/202/183
f 169/182/169 184/204/184 185/206/185
f 162/183/162 177/205/177 178/207/178
f 170/184/170 185/206/185 186/194/186
f 163/185/163 178/207/178 179/208/179
f 190/201/190 205/223/205 206/209/206
f 184/204/184 183/202/183 198/210/198
f 184/204/184 199/211/199 200/213/200
f 178/207/178 177/205/177 192/212/192
f 185/206/185 200/213/200 201/215/201
f 179/208/179 178/207/178 193/214/193
f 187/195/187 186/194/186 201/215/201
f 179/208/179 194/216/194 195/218/195
f 187/195/187 202/217/202 203/219/203
f 181/198/181 180/196/180 195/218/195
f 189/199/189 188/197/188 203/219/203
f 181/198/181 196/220/196 197/222/197
f 189/199/189 204/221/204 205/223/205
f 183/202/183 182/200/182 197/222/197
f 194/216/194 209/237/209 210/224/210
f 202/217/202 217/238/217 218/225/218
f 196/220/196 195/218/195 210/224/210
f 204/221/204 203/219/203 218/225/218
f 196/220/196 211/226/211 212/228/212
f 205/223/205 204/221/204 219/227/219
f 198/210/198 197/222/197 212/228/212
f 205/223/205 220/229/220 221/231/221
f 199/211/199 198/210/198 213/230/213
f 199/211/199 214/232/214 215/234/215
f 192/212/192 207/233/207 208/235/208
f 200/213/200 215/234/215 216/236/216
f 193/214/193 208/235/208 209/237/209
f 202/217/202 201/215/201 216/236/216
f 214/232/214 213/230/213 228/239/228
f 214/232/214 229/240/229 230/243/230
f 207/233/207 222/241/222 223/244/223
f 215/234/215 230/243/230 231/245/231
f 208/235/208 223/244/223 224/246/224
f 217/238/217 216/236/216 231/245/231
f 209/237/209 224/246/224 225/248/225
f 217/238/217 232/247/232 233/249/233
f 211/226/211 210/224/210 225/248/225
f 219/227/219 218/225/218 233/249/233
f 211/226/211 226/250/226 227/252/227
f 220/229/220 219/227/219 234/251/234
f 213/230/213 212/228/212 227/252/227
f 221/231/221 220/229/220 235/253/235
f 232/247/232 247/268/247 248/254/248
f 226/250/226 225/248/225 240/255/240
f 234/251/234 233/249/233 248/254/248
f 226/250/226 241/256/241 242/258/242
f 235/253/235 234/251/234 249/257/249
f 228/239/228 227/252/227 242/258/242
f 236/242/236 235/253/235 250/259/250
f 229/240/229 228/239/228 243/260/243
f 229/240/229 244/262/244 245/264/245
f 222/241/222 237/263/237 238/265/238
f 230/243/230 245/264/245 246/266/246
f 223/244/223 238/265/238 239/267/239
f 232/247/232 231/245/231 246/266/246
f 224/246/224 239/267/239 240/255/240
f 244/262/244 259/283/259 260/270/260
f 238/265/238 237/263/237 252/271/252
f 245/264/245 260/270/260 261/273/261
f 239/267/239 238/265/238 253/272/253
f 247/268/247 246/266/246 261/273/261
f 239/267/239 254/274/254 255/276/255
f 247/268/247 262/275/262 263/277/263
f 241/256/241 240/255/240 255/276/255
f 249/257/249 248/254/248 263/277/263
f 241/256/241 256/278/256 257/280/257
f 249/257/249 264/279/264 265/281/265
f 243/260/243 242/258/242 257/280/257
f 250/259/250 265/281/265 266/269/266
f 244/262/244 243/260/243 258/282/258
f 264/279/264 263/277/263 278/284/278
f 256/278/256 271/298/271 272/286/272
f 265/281/265 264/279/264 279/285/279
f 258/282/258 257/280/257 272/286/272
f 266/269/266 265/281/265 280/287/280
f 259/283/259 258/282/258 273/288/273
f 259/283/259 274/290/274 275/292/275
f 252/271/252 267/291/267 268/293/268
f 260/270/260 275/292/275 276/294/276
f 253/272/253 268/293/268 269/295/269
f 262/275/262 261/273/261 276/294/276
f 254/274/254 269/295/269 270/297/270
f 262/275/262 277/296/277 278/284/278
f 256/278/256 255/276/255 270/297/270
f 267/291/267 282/312/282 283/299/283
f 275/292/275 290/313/290 291/300/291
f 268/293/268 283/299/283 284/301/284
f 277/296/277 276/294/276 291/300/291
f 269/295/269 284/301/284 285/303/285
f 277/296/277 292/302/292 293/304/293
f 271/298/271 270/297/270 285/303/285
f 279/285/279 278/284/278 293/304/293
f 271/298/271 286/305/286 287/307/287
f 280/287/280 279/285/279 294/306/294
f 273/288/273 272/286/272 287/307/287
f 281/289/281 280/287/280 295/308/295
f 274/290/274 273/288/273 288/309/288
f 274/290/274 289/311/289 290/313/290
f 286/305/286 301/328/301 302/314/302
f 295/308/295 294/306/294 309/315/309
f 288/309/288 287/307/287 302/314/302
f 295/308/295 310/316/310 311/318/311
f 289/311/289 288/309/288 303/317/303
f 289/311/289 304/319/304 305/321/305
f 283/299/283 282/312/282 297/320/297
f 290/313/290 305/321/305 306/323/306
f 283/299/283 298/322/298 299/324/299
f 292/302/292 291/300/291 306/323/306
f 284/301/284 299/324/299 300/326/300
f 292/302/292 307/325/307 308/327/308
f 286/305/286 285/303/285 300/326/300
f 294/306/294 293/304/293 308/327/308
f 305/329/305 320/359/320 321/330/321
f 299/332/299 298/360/298 313/333/313
f 307/335/307 306/331/306 321/330/321
f 299/332/299 314/334/314 315/337/315
f 307/335/307 322/336/322 323/339/323
f 301/341/301 300/338/300 315/337/315
f 309/343/309 308/340/308 323/339/323
f 301/341/301 316/342/316 317/345/317
f 309/343/309 324/344/324 325/347/325
f 303/349/303 302/346/302 317/345/317
f 310/348/310 325/347/325 326/351/326
f 304/353/304 303/349/303 318/350/318
f 304/353/304 319/354/319 320/359/320
f 298/360/298 297/355/297 312/357/312
f 325/347/325 324/344/324 339/361/339
f 318/350/318 317/345/317 332/363/332
f 325/347/325 340/362/340 341/365/341
f 319/354/319 318/350/318 333/364/333
f 319/354/319 334/366/334 335/368/335
f 313/333/313 312/357/312 327/367/327
f 320/359/320 335/368/335 336/370/336
f 313/333/313 328/369/328 329/371/329
f 322/336/322 321/330/321 336/370/336
f 314/334/314 329/371/329 330/373/330
f 322/336/322 337/372/337 338/374/338
f 316/342/316 315/337/315 330/373/330
f 324/344/324 323/339/323 338/374/338
f 316/342/316 331/375/331 332/363/332
f 328/369/328 343/390/343 344/376/344
f 337/372/337 336/370/336 351/377/351
f 329/371/329 344/376/344 345/379/345
f 337/372/337 352/378/352 353/380/353
f 331/375/331 330/373/330 345/379/345
f 339/361/339 338/374/338 353/380/353
f 331/375/331 346/381/346 347/383/347
f 339/361/339 354/382/354 355/384/355
f 333/364/333 332/363/332 347/383/347
f 340/362/340 355/384/355 356/386/356
f 334/366/334 333/364/333 348/385/348
f 334/366/334 349/387/349 350/389/350
f 327/367/327 342/388/342 343/390/343
f 335/368/335 350/389/350 351/377/351
f 348/385/348 347/383/347 362/391/362
f 356/386/356 355/384/355 370/393/370
f 349/387/349 348/385/348 363/392/363
f 349/387/349 364/395/364 365/397/365
f 342/388/342 357/396/357 358/398/358
f 350/389/350 365/397/365 366/399/366
f 344/376/344 343/390/343 358/398/358
f 352/378/352 351/377/351 366/399/366
f 344/376/344 359/400/359 360/402/360
f 352/378/352 367/401/367 368/403/368
f 346/381/346 345/379/345 360/402/360
f 354/382/354 353/380/353 368/403/368
f 346/381/346 361/404/361 362/391/362
f 354/382/354 369/405/369 370/393/370
f 367/401/367 366/399/366 382/406/382
f 359/400/359 375/420/375 376/408/376
f 367/401/367 383/407/383 384/409/384
f 361/404/361 360/402/360 376/408/376
f 369/405/369 368/403/368 384/409/384
f 361/404/361 377/410/377 378/412/378
f 369/405/369 385/411/385 386/413/386
f 363/392/363 362/391/362 378/412/378
f 370/393/370 386/413/386 387/415/387
f 364/395/364 363/392/363 379/414/379
f 364/395/364 380/416/380 381/418/381
f 358/398/358 357/396/357 373/417/373
f 365/397/365 381/418/381 382/406/382
f 359/400/359 358/398/358 374/419/374
f 387/415/387 386/413/386 401/421/401
f 380/416/380 379/414/379 394/423/394
f 380/416/380 395/424/395 396/426/396
f 373/417/373 388/425/388 389/427/389
f 381/418/381 396/426/396 397/428/397
f 374/419/374 389/427/389 390/429/390
f 383/407/383 382/406/382 397/428/397
f 375/420/375 390/429/390 391/431/391
f 383/407/383 398/430/398 399/432/399
f 377/410/377 376/408/376 391/431/391
f 385/411/385 384/409/384 399/432/399
f 377/410/377 392/433/392 393/435/393
f 385/411/385 400/434/400 401/421/401
f 379/414/379 378/412/378 393/435/393
f 398/430/398 413/450/413 414/436/414
f 392/433/392 391/431/391 406/437/406
f 400/434/400 399/432/399 414/436/414
f 392/433/392 407/438/407 408/440/408
f 400/434/400 415/439/415 416/441/416
f 394/423/394 393/435/393 408/440/408
f 402/422/402 401/421/401 416/441/416
f 395/424/395 394/423/394 409/442/409
f 395/424/395 410/444/410 411/446/411
f 388/425/388 403/445/403 404/447/404
f 396/426/396 411/446/411 412/448/412
f 390/429/390 389/427/389 404/447/404
f 398/430/398 397/428/397 412/448/412
f 390/429/390 405/449/405 406/437/406
f 410/444/410 425/465/425 426/453/426
f 403/445/403 418/451/418 419/454/419
f 411/446/411 426/453/426 427/455/427
f 405/449/405 404/447/404 419/454/419
f 413/450/413 412/448/412 427/455/427
f 405/449/405 420/456/420 421/458/421
f 413/450/413 428/457/428 429/459/429
f 407/438/407 406/437/406 421/458/421
f 415/439/415 414/436/414 429/459/429
f 407/438/407 422/460/422 423/462/423
f 415/439/415 430/461/430 431/463/431
f 409/442/409 408/440/408 423/462/423
f 417/443/417 416/441/416 431/463/431
f 410/444/410 409/442/409 424/464/424
f 422/460/422 421/458/421 436/466/436
f 430/461/430 429/459/429 444/468/444
f 422/460/422 437/467/437 438/470/438
f 430/461/430 445/469/445 446/471/446
f 424/464/424 423/462/423 438/470/438
f 431/463/431 446/471/446 447/473/447
f 425/465/425 424/464/424 439/472/439
f 425/465/425 440/474/440 441/476/441
f 419/454/419 418/451/418 433/475/433
f 426/453/426 441/476/441 442/478/442
f 420/456/420 419/454/419 434/477/434
f 428/457/428 427/455/427 442/478/442
f 420/456/420 435/479/435 436/466/436
f 428/457/428 443/480/443 444/468/444
f 440/474/440 455/495/455 456/481/456
f 434/477/434 433/475/433 448/482/448
f 441/476/441 456/481/456 457/484/457
f 435/479/435 434/477/434 449/483/449
f 443/480/443 442/478/442 457/484/457
f 435/479/435 450/485/450 451/487/451
f 443/480/443 458/486/458 459/488/459
f 437/467/437 436/466/436 451/487/451
f 445/469/445 444/468/444 459/488/459
f 437/467/437 452/489/452 453/491/453
f 445/469/445 460/490/460 461/492/461
f 439/472/439 438/470/438 453/491/453
f 446/471/446 461/492/461 462/494/462
f 440/474/440 439/472/439 454/493/454
f 460/490/460 459/488/459 474/496/474
f 452/489/452 467/510/467 468/498/468
f 460/490/460 475/497/475 476/499/476
f 454/493/454 453/491/453 468/498/468
f 462/494/462 461/492/461 476/499/476
f 455/495/455 454/493/454 469/500/469
f 455/495/455 470/502/470 471/504/471
f 448/482/448 463/503/463 464/505/464
f 456/481/456 471/504/471 472/506/472
f 450/485/450 449/483/449 464/505/464
f 458/486/458 457/484/457 472/506/472
f 450/485/450 465/507/465 466/509/466
f 458/486/458 473/508/473 474/496/474
f 452/489/452 451/487/451 466/509/466
f 463/503/463 478/524/478 479/511/479
f 471/504/471 486/525/486 487/512/487
f 465/507/465 464/505/464 479/511/479
f 473/508/473 472/506/472 487/512/487
f 465/507/465 480/513/480 481/515/481
f 473/508/473 488/514/488 489/516/489
f 467/510/467 466/509/466 481/515/481
f 475/497/475 474/496/474 489/516/489
f 467/510/467 482/517/482 483/519/483
f 475/497/475 490/518/490 491/520/491
f 469/500/469 468/498/468 483/519/483
f 476/499/476 491/520/491 492/522/492
f 470/502/470 469/500/469 484/521/484
f 470/502/470 485/523/485 486/525/486
f 482/517/482 497/539/497 498/526/498
f 490/518/490 505/540/505 506/527/506
f 484/521/484 483/519/483 498/526/498
f 492/522/492 491/520/491 506/527/506
f 485/523/485 484/521/484 499/528/499
f 485/523/485 500/530/500 501/532/501
f 478/524/478 493/531/493 494/533/494
f 486/525/486 501/532/501 502/534/502
f 480/513/480 479/511/479 494/533/494
f 488/514/488 487/512/487 502/534/502
f 480/513/480 495/535/495 496/537/496
f 488/514/488 503/536/503 504/538/504
f 482/517/482 481/515/481 496/537/496
f 490/518/490 489/516/489 504/538/504
f 501/532/501 516/555/516 517/541/517
f 495/535/495 494/533/494 509/542/509
f 503/536/503 502/534/502 517/541/517
f 495/535/495 510/543/510 511/545/511
f 503/536/503 518/544/518 519/546/519
f 497/539/497 496/537/496 511/545/511
f 505/540/505 504/538/504 519/546/519
f 497/539/497 512/547/512 513/549/513
f 505/540/505 520/548/520 521/550/521
f 499/528/499 498/526/498 513/549/513
f 506/527/506 521/550/521 522/552/522
f 500/530/500 499/528/499 514/551/514
f 500/530/500 515/553/515 516/555/516
f 494/533/494 493/531/493 508/554/508
f 520/548/520 535/570/535 536/556/536
f 514/551/514 513/549/513 528/557/528
f 522/552/522 521/550/521 536/556/536
f 515/553/515 514/551/514 529/558/529
f 515/553/515 530/560/530 531/562/531
f 508/554/508 523/561/523 524/563/524
f 516/555/516 531/562/531 532/564/532
f 510/543/510 509/542/509 524/563/524
f 518/544/518 517/541/517 532/564/532
f 510/543/510 525/565/525 526/567/526
f 518/544/518 533/566/533 534/568/534
f 512/547/512 511/545/511 526/567/526
f 520/548/520 519/546/519 534/568/534
f 512/547/512 527/569/527 528/557/528
f 532/564/532 542/585/542 70/571/70
f 526/567/526 525/565/525 65/572/65
f 533/566/533 70/571/70 543/574/543
f 527/569/527 526/567/526 540/573/540
f 535/570/535 534/568/534 543/574/543
f 528/557/528 527/569/527 66/575/66
f 536/556/536 535/570/535 544/576/544
f 529/558/529 528/557/528 541/577/541
f 537/559/537 536/556/536 545/578/545
f 530/560/530 529/558/529 67/579/67
f 530/560/530 68/581/68 69/583/69
f 523/561/523 538/582/538 539/584/539
f 531/562/531 69/583/69 542/585/542
f 525/565/525 524/563/524 539/584/539
f 65/586/65 549/593/525 548/587/524
f 557/589/533 556/616/532 542/590/542
f 540/592/540 550/597/526 549/593/525
f 558/594/534 557/589/533 70/591/70
f 66/596/66 551/601/527 550/597/526
f 559/598/535 558/594/534 543/595/543
f 541/600/541 552/605/528 551/601/527
f 560/602/536 559/598/535 544/599/544
f 67/604/67 553/627/529 552/605/528
f 561/606/537 560/602/536 545/603/545
f 554/608/530 553/627/529 67/604/67
f 555/614/531 554/608/530 68/609/68
f 539/588/539 548/587/524 547/611/523
f 556/616/532 555/614/531 69/615/69
f 570/617/516 569/629/515 554/608/530
f 563/618/509 562/630/508 547/611/523
f 571/619/517 570/617/516 555/614/531
f 564/620/510 563/618/509 548/587/524
f 557/589/533 572/622/518 571/619/517
f 565/621/511 564/620/510 549/593/525
f 558/594/534 573/624/519 572/622/518
f 566/623/512 565/621/511 550/597/526
f 559/598/535 574/626/520 573/624/519
f 567/625/513 566/623/512 551/601/527
f 560/602/536 575/633/521 574/626/520
f 553/627/529 568/635/514 567/625/513
f 576/628/522 575/633/521 560/602/536
f 569/629/515 568/635/514 553/627/529
f 574/626/520 589/634/505 588/631/504
f 582/632/498 581/646/497 566/623/512
f 575/633/521 590/636/506 589/634/505
f 568/635/514 583/637/499 582/632/498
f 576/628/522 591/639/507 590/636/506
f 569/629/515 584/654/500 583/637/499
f 585/640/501 584/654/500 569/629/515
f 578/641/494 577/638/493 562/630/508
f 586/642/502 585/640/501 570/617/516
f 579/643/495 578/641/494 563/618/509
f 572/622/518 587/645/503 586/642/502
f 580/644/496 579/643/495 564/620/510
f 573/624/519 588/631/504 587/645/503
f 581/646/497 580/644/496 565/621/511
f 601/647/487 600/658/486 585/640/501
f 594/648/480 593/659/479 578/641/494
f 587/645/503 602/669/488 601/647/487
f 595/649/481 594/648/480 579/643/495
f 603/650/489 602/669/488 587/645/503
f 581/646/497 596/672/482 595/649/481
f 589/634/505 604/652/490 603/650/489
f 597/651/483 596/672/482 581/646/497
f 590/636/506 605/653/491 604/652/490
f 583/637/499 598/655/484 597/651/483
f 591/639/507 606/657/492 605/653/491
f 584/654/500 599/663/485 598/655/484
f 600/658/486 599/663/485 584/654/500
f 593/659/479 592/656/478 577/638/493
f 620/660/476 619/680/475 604/652/490
f 598/655/484 613/664/469 612/661/468
f 621/662/477 620/660/476 605/653/491
f 599/663/485 614/684/470 613/664/469
f 615/666/471 614/684/470 599/663/485
f 593/659/479 608/668/464 607/665/463
f 616/667/472 615/666/471 600/658/486
f 594/648/480 609/674/465 608/668/464
f 602/669/488 617/675/473 616/667/472
f 610/670/466 609/674/465 594/648/480
f 618/671/474 617/675/473 602/669/488
f 596/672/482 611/679/467 610/670/466
f 604/652/490 619/680/475 618/671/474
f 612/661/468 611/679/467 596/672/482
f 624/673/450 623/689/449 608/668/464
f 617/675/473 632/698/458 631/676/457
f 625/677/451 624/673/450 609/674/465
f 633/678/459 632/698/458 617/675/473
f 611/679/467 626/701/452 625/677/451
f 619/680/475 634/682/460 633/678/459
f 627/681/453 626/701/452 611/679/467
f 620/660/476 635/683/461 634/682/460
f 613/664/469 628/685/454 627/681/453
f 621/662/477 636/687/462 635/683/461
f 614/684/470 629/692/455 628/685/454
f 630/688/456 629/692/455 614/684/470
f 623/689/449 622/686/448 607/665/463
f 631/676/457 630/688/456 615/666/471
f 628/685/454 643/693/439 642/690/438
f 651/691/447 650/702/446 635/683/461
f 629/692/455 644/713/440 643/693/439
f 645/695/441 644/713/440 629/692/455
f 638/696/434 637/694/433 622/686/448
f 646/697/442 645/695/441 630/688/456
f 624/673/450 639/706/435 638/696/434
f 632/698/458 647/703/443 646/697/442
f 640/699/436 639/706/435 624/673/450
f 648/700/444 647/703/443 632/698/458
f 626/701/452 641/708/437 640/699/436
f 634/682/460 649/709/445 648/700/444
f 642/690/438 641/708/437 626/701/452
f 650/702/446 649/709/445 634/682/460
f 647/703/443 662/727/428 661/704/427
f 655/705/421 654/718/420 639/706/435
f 663/707/429 662/727/428 647/703/443
f 641/708/437 656/730/422 655/705/421
f 649/709/445 664/711/430 663/707/429
f 657/710/423 656/730/422 641/708/437
f 650/702/446 665/720/431 664/711/430
f 643/693/439 658/714/424 657/710/423
f 666/712/432 665/720/431 650/702/446
f 644/713/440 659/721/425 658/714/424
f 660/716/426 659/721/425 644/713/440
f 653/717/419 652/715/418 637/694/433
f 661/704/427 660/716/426 645/695/441
f 654/718/420 653/717/419 638/696/434
f 681/719/417 680/732/416 665/720/431
f 659/721/425 674/742/410 673/722/409
f 675/724/411 674/742/410 659/721/425
f 653/717/419 668/726/404 667/723/403
f 676/725/412 675/724/411 660/716/426
f 654/718/420 669/734/405 668/726/404
f 662/727/428 677/736/413 676/725/412
f 670/728/406 669/734/405 654/718/420
f 678/729/414 677/736/413 662/727/428
f 656/730/422 671/737/407 670/728/406
f 664/711/430 679/738/415 678/729/414
f 672/731/408 671/737/407 656/730/422
f 680/732/416 679/738/415 664/711/430
f 658/714/424 673/722/409 672/731/408
f 685/733/391 684/748/390 669/734/405
f 693/735/399 692/757/398 677/736/413
f 671/737/407 686/760/392 685/733/391
f 679/738/415 694/740/400 693/735/399
f 687/739/393 686/760/392 671/737/407
f 680/732/416 695/762/401 694/740/400
f 673/722/409 688/743/394 687/739/393
f 696/741/402 695/762/401 680/732/416
f 674/742/410 689/749/395 688/743/394
f 690/745/396 689/749/395 674/742/410
f 683/746/389 682/744/388 667/723/403
f 691/747/397 690/745/396 675/724/411
f 684/748/390 683/746/389 668/726/404
f 677/736/413 692/757/398 691/747/397
f 689/749/395 704/772/380 703/750/379
f 705/753/381 704/772/380 689/749/395
f 698/754/374 697/751/373 682/744/388
f 706/755/382 705/753/381 690/745/396
f 699/756/375 698/754/374 683/746/389
f 692/757/398 707/766/383 706/755/382
f 700/758/376 699/756/375 684/748/390
f 708/759/384 707/766/383 692/757/398
f 686/760/392 701/767/377 700/758/376
f 694/740/400 709/763/385 708/759/384
f 702/761/378 701/767/377 686/760/392
f 695/762/401 710/764/386 709/763/385
f 688/743/394 703/750/379 702/761/378
f 696/741/402 711/752/387 710/764/386
f 723/765/368 722/786/367 707/766/383
f 701/767/377 716/789/361 715/768/360
f 709/763/385 724/770/369 723/765/368
f 717/769/362 716/789/361 701/767/377
f 710/764/386 725/771/370 724/770/369
f 703/750/379 718/773/363 717/769/362
f 711/752/387 726/775/371 725/771/370
f 704/772/380 719/782/364 718/773/363
f 720/776/365 719/782/364 704/772/380
f 713/777/358 712/774/357 697/751/373
f 721/778/366 720/776/365 705/753/381
f 714/779/359 713/777/358 698/754/374
f 707/766/383 722/786/367 721/778/366
f 715/768/360 714/779/359 699/756/375
f 735/781/350 734/799/349 719/782/364
f 713/777/358 728/785/343 727/783/547
f 736/784/351 735/781/350 720/776/365
f 714/779/359 729/807/344 728/785/343
f 722/786/367 737/808/352 736/784/351
f 730/787/345 729/807/344 714/779/359
f 738/788/353 737/808/352 722/786/367
f 716/789/361 731/796/346 730/787/345
f 724/770/369 739/793/354 738/788/353
f 732/790/347 731/796/346 716/789/361
f 740/791/355 739/793/354 724/770/369
f 718/773/363 733/792/348 732/790/347
f 741/780/356 740/791/355 725/771/370
f 719/782/364 734/799/349 733/792/348
f 739/793/354 754/797/339 753/794/338
f 747/795/332 746/816/331 731/796/346
f 740/791/355 755/798/340 754/797/339
f 733/792/348 748/800/333 747/795/332
f 741/780/356 756/802/341 755/798/340
f 734/799/349 749/820/334 748/800/333
f 750/803/335 749/820/334 734/799/349
f 743/804/328 742/801/327 727/783/547
f 751/805/336 750/803/335 735/781/350
f 744/806/329 743/804/328 728/785/343
f 737/808/352 752/813/337 751/805/336
f 745/809/330 744/806/329 729/807/344
f 753/794/338 752/813/337 737/808/352
f 731/796/346 746/816/331 745/809/330
f 758/810/313 757/822/312 742/801/327
f 766/811/321 765/824/320 750/803/335
f 759/812/314 758/810/313 743/804/328
f 752/813/337 767/835/322 766/811/321
f 760/814/315 759/812/314 744/806/329
f 768/815/323 767/835/322 752/813/337
f 746/816/331 761/826/316 760/814/315
f 754/797/339 769/818/324 768/815/323
f 762/817/317 761/826/316 746/816/331
f 755/798/340 770/819/325 769/818/324
f 748/800/333 763/821/318 762/817/317
f 756/802/341 771/823/326 770/819/325
f 749/820/334 764/829/319 763/821/318
f 765/824/320 764/829/319 749/820/334
f 302/825/302 301/1094/301 761/826/316
f 770/819/325 310/1095/310 309/827/309
f 763/821/318 303/830/303 302/825/302
f 311/828/311 310/1095/310 770/819/325
f 764/829/319 304/1096/304 303/830/303
f 305/832/305 304/1096/304 764/829/319
f 758/810/313 298/1097/298 297/831/297
f 306/833/306 305/832/305 765/824/320
f 299/834/299 298/1097/298 758/810/313
f 767/835/322 307/1098/307 306/833/306
f 300/836/300 299/834/299 759/812/314
f 308/837/308 307/1098/307 767/835/322
f 761/826/316 301/1094/301 300/836/300
f 769/818/324 309/827/309 308/837/308
f 781/838/291 780/864/290 305/839/305
f 299/841/299 774/875/284 773/842/283
f 307/844/307 782/876/292 781/838/291
f 775/845/285 774/875/284 299/841/299
f 783/847/293 782/876/292 307/844/307
f 301/849/301 776/879/286 775/845/285
f 309/850/309 784/866/294 783/847/293
f 777/851/287 776/879/286 301/849/301
f 785/853/295 784/866/294 309/850/309
f 303/855/303 778/859/288 777/851/287
f 786/856/296 785/853/295 310/854/310
f 304/858/304 779/869/289 778/859/288
f 780/864/290 779/869/289 304/858/304
f 298/843/298 773/842/283 772/861/282
f 785/853/295 800/889/280 799/865/279
f 778/859/288 793/870/273 792/867/272
f 801/868/281 800/889/280 785/853/295
f 779/869/289 794/891/274 793/870/273
f 795/872/275 794/891/274 779/869/289
f 773/842/283 788/881/268 787/871/267
f 796/873/276 795/872/275 780/864/290
f 789/874/269 788/881/268 773/842/283
f 782/876/292 797/882/277 796/873/276
f 790/877/270 789/874/269 774/875/284
f 798/878/278 797/882/277 782/876/292
f 776/879/286 791/886/271 790/877/270
f 784/866/294 799/865/279 798/878/278
f 792/867/272 791/886/271 776/879/286
f 804/880/254 803/895/253 788/881/268
f 797/882/277 812/905/262 811/883/261
f 805/884/255 804/880/254 789/874/269
f 813/885/263 812/905/262 797/882/277
f 791/886/271 806/908/256 805/884/255
f 799/865/279 814/909/264 813/885/263
f 807/887/257 806/908/256 791/886/271
f 815/888/265 814/909/264 799/865/279
f 793/870/273 808/892/258 807/887/257
f 816/890/549 815/888/265 800/889/280
f 794/891/274 809/898/259 808/892/258
f 810/894/260 809/898/259 794/891/274
f 803/895/253 802/893/548 787/871/267
f 811/883/261 810/894/260 795/872/275
f 808/892/258 823/899/243 822/896/242
f 816/890/549 831/901/251 830/897/250
f 809/898/259 824/920/244 823/899/243
f 825/902/245 824/920/244 809/898/259
f 818/903/238 817/900/237 802/893/548
f 826/904/246 825/902/245 810/894/260
f 804/880/254 819/913/239 818/903/238
f 812/905/262 827/910/247 826/904/246
f 820/906/240 819/913/239 804/880/254
f 828/907/248 827/910/247 812/905/262
f 806/908/256 821/915/241 820/906/240
f 814/909/264 829/916/249 828/907/248
f 822/896/242 821/915/241 806/908/256
f 830/897/250 829/916/249 814/909/264
f 827/910/247 842/935/232 841/911/231
f 835/912/225 834/934/224 819/913/239
f 843/914/233 842/935/232 827/910/247
f 821/915/241 836/938/226 835/912/225
f 829/916/249 844/939/234 843/914/233
f 837/917/227 836/938/226 821/915/241
f 845/918/235 844/939/234 829/916/249
f 823/899/243 838/921/228 837/917/227
f 846/919/236 845/918/235 830/897/250
f 824/920/244 839/926/229 838/921/228
f 840/923/230 839/926/229 824/920/244
f 818/903/238 833/924/223 832/922/222
f 841/911/231 840/923/230 825/902/245
f 819/913/239 834/934/224 833/924/223
f 846/919/236 861/929/221 860/925/220
f 839/926/229 854/948/214 853/927/213
f 855/930/215 854/948/214 839/926/229
f 848/931/208 847/928/207 832/922/222
f 856/932/216 855/930/215 840/923/230
f 849/933/209 848/931/208 833/924/223
f 842/935/232 857/942/217 856/932/216
f 850/936/210 849/933/209 834/934/224
f 858/937/218 857/942/217 842/935/232
f 836/938/226 851/943/211 850/936/210
f 844/939/234 859/945/219 858/937/218
f 852/940/212 851/943/211 836/938/226
f 860/925/220 859/945/219 844/939/234
f 838/921/228 853/927/213 852/940/212
f 873/941/203 872/962/202 857/942/217
f 851/943/211 866/965/196 865/944/195
f 859/945/219 874/966/204 873/941/203
f 867/946/197 866/965/196 851/943/211
f 875/947/205 874/966/204 859/945/219
f 853/927/213 868/949/198 867/946/197
f 861/929/221 876/951/206 875/947/205
f 854/948/214 869/958/199 868/949/198
f 870/952/200 869/958/199 854/948/214
f 863/953/193 862/950/192 847/928/207
f 871/954/201 870/952/200 855/930/215
f 849/933/209 864/961/194 863/953/193
f 857/942/217 872/962/202 871/954/201
f 865/944/195 864/961/194 849/933/209
f 885/957/185 884/977/184 869/958/199
f 878/959/178 877/955/177 862/950/192
f 886/960/186 885/957/185 870/952/200
f 864/961/194 879/982/179 878/959/178
f 872/962/202 887/984/187 886/960/186
f 880/963/180 879/982/179 864/961/194
f 888/964/188 887/984/187 872/962/202
f 866/965/196 881/970/181 880/963/180
f 874/966/204 889/972/189 888/964/188
f 882/967/182 881/970/181 866/965/196
f 890/968/190 889/972/189 874/966/204
f 868/949/198 883/969/183 882/967/182
f 876/951/206 891/956/191 890/968/190
f 869/958/199 884/977/184 883/969/183
f 881/970/181 896/994/166 895/971/165
f 889/972/189 904/995/174 903/973/173
f 897/974/167 896/994/166 881/970/181
f 905/975/175 904/995/174 889/972/189
f 883/969/183 898/978/168 897/974/167
f 906/976/176 905/975/175 890/968/190
f 884/977/184 899/986/169 898/978/168
f 900/980/170 899/986/169 884/977/184
f 878/959/178 893/983/163 892/979/162
f 901/981/171 900/980/170 885/957/185
f 879/982/179 894/989/164 893/983/163
f 887/984/187 902/991/172 901/981/171
f 895/971/165 894/989/164 879/982/179
f 903/973/173 902/991/172 887/984/187
f 915/985/155 914/1005/154 899/986/169
f 893/983/163 908/990/148 907/987/147
f 916/988/156 915/985/155 900/980/170
f 894/989/164 909/1012/149 908/990/148
f 902/991/172 917/1013/157 916/988/156
f 910/992/150 909/1012/149 894/989/164
f 918/993/158 917/1013/157 902/991/172
f 896/994/166 911/1003/151 910/992/150
f 904/995/174 919/1000/159 918/993/158
f 912/996/152 911/1003/151 896/994/166
f 920/997/160 919/1000/159 904/995/174
f 898/978/168 913/999/153 912/996/152
f 921/998/161 920/997/160 905/975/175
f 899/986/169 914/1005/154 913/999/153
f 919/1000/159 934/1022/143 933/1001/142
f 927/1002/136 926/1021/135 911/1003/151
f 935/1004/144 934/1022/143 919/1000/159
f 913/999/153 928/1006/137 927/1002/136
f 921/998/161 936/1008/145 935/1004/144
f 914/1005/154 929/1026/138 928/1006/137
f 930/1009/139 929/1026/138 914/1005/154
f 923/1010/132 922/1007/131 907/987/147
f 931/1011/140 930/1009/139 915/985/155
f 909/1012/149 924/1017/133 923/1010/132
f 917/1013/157 932/1018/141 931/1011/140
f 925/1014/134 924/1017/133 909/1012/149
f 933/1001/142 932/1018/141 917/1013/157
f 911/1003/151 926/1021/135 925/1014/134
f 938/1015/117 937/1028/116 922/1007/131
f 946/1016/125 945/1029/124 930/1009/139
f 924/1017/133 939/1041/118 938/1015/117
f 932/1018/141 947/1042/126 946/1016/125
f 940/1019/119 939/1041/118 924/1017/133
f 948/1020/127 947/1042/126 932/1018/141
f 926/1021/135 941/1031/120 940/1019/119
f 934/1022/143 949/1033/128 948/1020/127
f 942/1023/121 941/1031/120 926/1021/135
f 950/1024/129 949/1033/128 934/1022/143
f 928/1006/137 943/1027/122 942/1023/121
f 951/1025/130 950/1024/129 935/1004/144
f 929/1026/138 944/1034/123 943/1027/122
f 945/1029/124 944/1034/123 929/1026/138
f 957/1030/106 956/1051/105 941/1031/120
f 965/1032/114 964/1052/113 949/1033/128
f 943/1027/122 958/1035/107 957/1030/106
f 951/1025/130 966/1037/115 965/1032/114
f 944/1034/123 959/1056/108 958/1035/107
f 960/1038/109 959/1056/108 944/1034/123
f 953/1039/102 952/1036/101 937/1028/116
f 961/1040/110 960/1038/109 945/1029/124
f 939/1041/118 954/1046/103 953/1039/102
f 947/1042/126 962/1048/111 961/1040/110
f 955/1043/104 954/1046/103 939/1041/118
f 963/1044/112 962/1048/111 947/1042/126
f 941/1031/120 956/1051/105 955/1043/104
f 949/1033/128 964/1052/113 963/1044/112
f 976/1045/95 975/1059/94 960/1038/109
f 954/1046/103 969/1070/88 968/1047/87
f 962/1048/111 977/1071/96 976/1045/95
f 970/1049/89 969/1070/88 954/1046/103
f 978/1050/97 977/1071/96 962/1048/111
f 956/1051/105 971/1074/90 970/1049/89
f 964/1052/113 979/1061/98 978/1050/97
f 972/1053/91 971/1074/90 956/1051/105
f 980/1054/99 979/1061/98 964/1052/113
f 958/1035/107 973/1057/92 972/1053/91
f 981/1055/100 980/1054/99 965/1032/114
f 959/1056/108 974/1063/93 973/1057/92
f 975/1059/94 974/1063/93 959/1056/108
f 953/1039/102 968/1047/87 967/1058/86
f 995/1060/84 994/1082/83 979/1061/98
f 973/1057/92 988/1064/77 987/1062/76
f 981/1055/100 996/1066/85 995/1060/84
f 974/1063/93 989/1087/78 988/1064/77
f 990/1067/79 989/1087/78 974/1063/93
f 983/1068/72 982/1065/71 967/1058/86
f 991/1069/80 990/1067/79 975/1059/94
f 969/1070/88 984/1078/73 983/1068/72
f 977/1071/96 992/1076/81 991/1069/80
f 985/1072/74 984/1078/73 969/1070/88
f 993/1073/82 992/1076/81 977/1071/96
f 971/1074/90 986/1080/75 985/1072/74
f 979/1061/98 994/1082/83 993/1073/82
f 987/1062/76 986/1080/75 971/1074/90
f 70/1075/70 542/1093/542 991/1069/80
f 985/1072/74 540/1081/540 65/1077/65
f 543/1079/543 70/1075/70 992/1076/81
f 986/1080/75 66/1083/66 540/1081/540
f 994/1082/83 544/1084/544 543/1079/543
f 987/1062/76 541/1085/541 66/1083/66
f 995/1060/84 545/1086/545 544/1084/544
f 988/1064/77 67/1088/67 541/1085/541
f 996/1066/85 546/1090/546 545/1086/545
f 989/1087/78 68/1099/68 67/1088/67
f 69/1091/69 68/1099/68 989/1087/78
f 539/1092/539 538/1089/538 982/1065/71
f 542/1093/542 69/1091/69 990/1067/79
f 984/1078/73 65/1077/65 539/1092/539
f 997/1100/65 998/1101/525 1004/1102/524
f 1000/1103/540 998/1101/525 997/1100/65
f 997/1104/65 999/1105/539 1006/1106/72
f 997/1100/65 1004/1102/524 999/1107/539
f 1003/1108/525 999/1109/539 997/1110/65
f 1001/1111/73 997/1112/65 999/1113/539
f 1000/1114/540 997/1104/65 1002/1115/73
f 1007/1116/526 997/1110/65 1000/1117/540
f 1005/1118/74 1000/1119/540 997/1112/65
f 1005/1118/74 997/1112/65 1001/1111/73
f 997/1104/65 1006/1106/72 1002/1115/73
f 1007/1116/526 1003/1108/525 997/1110/65
f 1010/1120/510 1003/1108/525 1007/1116/526
f 1008/1121/527 1007/1116/526 1000/1117/540
f 1011/1122/512 1007/1116/526 1008/1121/527
f 1011/1122/512 1009/1123/511 1007/1116/526
f 1010/1120/510 1007/1116/526 1009/1123/511
f 1013/1124/497 1009/1123/511 1011/1122/512
f 1013/1124/497 1011/1122/512 1012/1125/513
f 1011/1122/512 1014/1126/528 1012/1125/513
f 1011/1122/512 1008/1121/527 1014/1126/528
f 1014/1126/528 1008/1121/527 1018/1127/66
f 1015/1128/529 1014/1126/528 1016/1129/541
f 1017/1130/514 1014/1126/528 1015/1128/529
f 1017/1130/514 1012/1125/513 1014/1126/528
f 1014/1126/528 1018/1127/66 1016/1129/541
f 1018/1131/66 1019/1132/527 1022/1133/526
f 1016/1134/541 1019/1132/527 1018/1131/66
f 1018/1135/66 1000/1114/540 1024/1136/74
f 1018/1131/66 1022/1133/526 1000/1103/540
f 1008/1121/527 1000/1117/540 1018/1127/66
f 1020/1137/75 1018/1138/66 1000/1119/540
f 1016/1139/541 1018/1135/66 1021/1140/75
f 1023/1141/76 1016/1142/541 1018/1138/66
f 1023/1141/76 1018/1138/66 1020/1137/75
f 1018/1135/66 1024/1136/74 1021/1140/75
f 1002/1115/73 1025/1143/89 1024/1136/74
f 1000/1114/540 1002/1115/73 1024/1136/74
f 1024/1136/74 1026/1144/90 1021/1140/75
f 1024/1136/74 1025/1143/89 1026/1144/90
f 1026/1144/90 1025/1143/89 1030/1145/104
f 1021/1140/75 1026/1144/90 1027/1146/91
f 1026/1144/90 1029/1147/106 1027/1146/91
f 1026/1144/90 1028/1148/105 1029/1147/106
f 1026/1144/90 1030/1145/104 1028/1148/105
f 1030/1145/104 1031/1149/103 1033/1150/118
f 1025/1143/89 1031/1149/103 1030/1145/104
f 1028/1148/105 1030/1145/104 1032/1151/119
f 1030/1145/104 1033/1150/118 1032/1151/119
f 1033/1150/118 1034/1152/117 1036/1153/132
f 1031/1149/103 1034/1152/117 1033/1150/118
f 1033/1150/118 1037/1154/134 1032/1151/119
f 1033/1150/118 1035/1155/133 1037/1154/134
f 1033/1150/118 1036/1153/132 1035/1155/133
f 1037/1154/134 1035/1155/133 1041/1156/149
f 1038/1157/135 1037/1154/134 1039/1158/150
f 1040/1159/120 1037/1154/134 1038/1157/135
f 1040/1159/120 1032/1151/119 1037/1154/134
f 1037/1154/134 1041/1156/149 1039/1158/150
f 1041/1156/149 1042/1160/148 1044/1161/163
f 1036/1153/132 1042/1160/148 1041/1156/149
f 1039/1158/150 1041/1156/149 1043/1162/164
f 1036/1153/132 1041/1156/149 1035/1155/133
f 1041/1156/149 1044/1161/163 1043/1162/164
f 1045/1163/162 1046/1164/178 1044/1161/163
f 1042/1160/148 1045/1163/162 1044/1161/163
f 1044/1161/163 1047/1165/179 1043/1162/164
f 1044/1161/163 1046/1164/178 1047/1165/179
f 1047/1165/179 1046/1164/178 1050/1166/193
f 1048/1167/180 1047/1165/179 1049/1168/194
f 1043/1162/164 1047/1165/179 1048/1167/180
f 1047/1165/179 1050/1166/193 1049/1168/194
f 1051/1169/192 1052/1170/208 1050/1166/193
f 1046/1164/178 1051/1169/192 1050/1166/193
f 1050/1166/193 1053/1171/209 1049/1168/194
f 1050/1166/193 1052/1170/208 1053/1171/209
f 1053/1171/209 1052/1170/208 1056/1172/223
f 1054/1173/210 1053/1171/209 1055/1174/224
f 1049/1168/194 1053/1171/209 1054/1173/210
f 1053/1171/209 1056/1172/223 1055/1174/224
f 1057/1175/550 1058/1176/238 1056/1172/223
f 1052/1170/208 1057/1175/550 1056/1172/223
f 1056/1172/223 1059/1177/239 1055/1174/224
f 1056/1172/223 1058/1176/238 1059/1177/239
f 1058/1176/238 1061/1178/254 1059/1177/239
f 1059/1177/239 1063/1179/255 1060/1180/240
f 1062/1181/225 1059/1177/239 1060/1180/240
f 1062/1181/225 1055/1174/224 1059/1177/239
f 1059/1177/239 1061/1178/254 1063/1179/255
f 1061/1178/254 1065/1182/270 1063/1179/255
f 1063/1179/255 1067/1183/271 1064/1184/256
f 1066/1185/241 1063/1179/255 1064/1184/256
f 1066/1185/241 1060/1180/240 1063/1179/255
f 1063/1179/255 1065/1182/270 1067/1183/271
f 1065/1182/270 1069/1186/286 1067/1183/271
f 1067/1183/271 1071/1187/287 1068/1188/272
f 1070/1189/257 1067/1183/271 1068/1188/272
f 1070/1189/257 1064/1184/256 1067/1183/271
f 1067/1183/271 1069/1186/286 1071/1187/287
f 1069/1186/286 1073/1190/302 1071/1187/287
f 1072/1191/288 1071/1187/287 1073/1190/302
f 1074/1192/273 1071/1187/287 1072/1191/288
f 1074/1192/273 1068/1188/272 1071/1187/287
f 1070/1189/257 1068/1188/272 1074/1192/273
f 1075/1193/274 1074/1192/273 1072/1191/288
f 1077/1194/259 1074/1192/273 1075/1193/274
f 1077/1194/259 1076/1195/258 1074/1192/273
f 1070/1189/257 1074/1192/273 1076/1195/258
f 1079/1196/244 1076/1195/258 1077/1194/259
f 1079/1196/244 1077/1194/259 1078/1197/260
f 1077/1194/259 1080/1198/275 1078/1197/260
f 1077/1194/259 1075/1193/274 1080/1198/275
f 1075/1193/274 1082/1199/290 1080/1198/275
f 1078/1197/260 1080/1198/275 1081/1200/276
f 1080/1198/275 1083/1201/291 1081/1200/276
f 1080/1198/275 1082/1199/290 1083/1201/291
f 1082/1199/290 1085/1202/306 1083/1201/291
f 1084/1203/292 1083/1201/291 1085/1202/306
f 1086/1204/277 1083/1201/291 1084/1203/292
f 1086/1204/277 1081/1200/276 1083/1201/291
f 1089/1205/261 1081/1200/276 1086/1204/277
f 1087/1206/278 1086/1204/277 1084/1203/292
f 1090/1207/263 1086/1204/277 1087/1206/278
f 1090/1207/263 1088/1208/262 1086/1204/277
f 1089/1205/261 1086/1204/277 1088/1208/262
f 1093/1209/247 1088/1208/262 1090/1207/263
f 1091/1210/264 1090/1207/263 1087/1206/278
f 1094/1211/249 1090/1207/263 1091/1210/264
f 1094/1211/249 1092/1212/248 1090/1207/263
f 1093/1209/247 1090/1207/263 1092/1212/248
f 1097/1213/233 1092/1212/248 1094/1211/249
f 1095/1214/250 1094/1211/249 1091/1210/264
f 1098/1215/235 1094/1211/249 1095/1214/250
f 1098/1215/235 1096/1216/234 1094/1211/249
f 1097/1213/233 1094/1211/249 1096/1216/234
f 1101/1217/219 1096/1216/234 1098/1215/235
f 1099/1218/551 1098/1215/235 1095/1214/250
f 1100/1219/220 1098/1215/235 1099/1218/551
f 1101/1217/219 1098/1215/235 1100/1219/220
f 1102/1220/218 1096/1216/234 1101/1217/219
f 1103/1221/204 1102/1220/218 1101/1217/219
f 1104/1222/205 1101/1217/219 1100/1219/220
f 1104/1222/205 1103/1221/204 1101/1217/219
f 1107/1223/189 1103/1221/204 1104/1222/205
f 1105/1224/206 1104/1222/205 1100/1219/220
f 1106/1225/190 1104/1222/205 1105/1224/206
f 1107/1223/189 1104/1222/205 1106/1225/190
f 1108/1226/188 1103/1221/204 1107/1223/189
f 1109/1227/174 1108/1226/188 1107/1223/189
f 1110/1228/175 1107/1223/189 1106/1225/190
f 1110/1228/175 1109/1227/174 1107/1223/189
f 1113/1229/159 1109/1227/174 1110/1228/175
f 1111/1230/176 1110/1228/175 1106/1225/190
f 1112/1231/160 1110/1228/175 1111/1230/176
f 1113/1229/159 1110/1228/175 1112/1231/160
f 1116/1232/142 1114/1233/158 1113/1229/159
f 1114/1233/158 1109/1227/174 1113/1229/159
f 1117/1234/144 1113/1229/159 1112/1231/160
f 1117/1234/144 1115/1235/143 1113/1229/159
f 1116/1232/142 1113/1229/159 1115/1235/143
f 1120/1236/128 1115/1235/143 1117/1234/144
f 1118/1237/145 1117/1234/144 1112/1231/160
f 1119/1238/129 1117/1234/144 1118/1237/145
f 1120/1236/128 1117/1234/144 1119/1238/129
f 1120/1236/128 1121/1239/127 1116/1232/142
f 1123/1240/112 1121/1239/127 1120/1236/128
f 1122/1241/113 1120/1236/128 1119/1238/129
f 1123/1240/112 1120/1236/128 1122/1241/113
f 1120/1236/128 1116/1232/142 1115/1235/143
f 1126/1242/96 1124/1243/111 1123/1240/112
f 1124/1243/111 1121/1239/127 1123/1240/112
f 1125/1244/97 1123/1240/112 1122/1241/113
f 1126/1242/96 1123/1240/112 1125/1244/97
f 1126/1242/96 1127/1245/95 1130/1246/110
f 1128/1247/81 1127/1245/95 1126/1242/96
f 1129/1248/82 1126/1242/96 1125/1244/97
f 1129/1248/82 1128/1247/81 1126/1242/96
f 1126/1242/96 1130/1246/110 1124/1243/111
f 1133/1249/94 1131/1250/109 1130/1246/110
f 1131/1250/109 1132/1251/125 1130/1246/110
f 1124/1243/111 1130/1246/110 1132/1251/125
f 1133/1249/94 1130/1246/110 1127/1245/95
f 1133/1249/94 1134/1252/93 1136/1253/108
f 1135/1254/79 1134/1252/93 1133/1249/94
f 1135/1254/79 1133/1249/94 1127/1245/95
f 1133/1249/94 1136/1253/108 1131/1250/109
f 1139/1255/92 1137/1256/107 1136/1253/108
f 1137/1256/107 1138/1257/123 1136/1253/108
f 1131/1250/109 1136/1253/108 1138/1257/123
f 1139/1255/92 1136/1253/108 1134/1252/93
f 1139/1255/92 1027/1146/91 1029/1147/106
f 1140/1258/77 1027/1146/91 1139/1255/92
f 1140/1258/77 1139/1255/92 1134/1252/93
f 1139/1255/92 1029/1147/106 1137/1256/107
f 1140/1258/77 1141/1259/76 1027/1146/91
f 1143/1260/67 1141/1259/76 1140/1258/77
f 1143/1260/67 1140/1258/77 1142/1261/78
f 1140/1258/77 1134/1252/93 1142/1261/78
f 1149/1262/78 1144/1263/68 1143/1264/67
f 1148/1265/530 1143/1266/67 1144/1267/68
f 1143/1260/67 1142/1261/78 1144/1268/68
f 1150/1269/530 1143/1270/67 1144/1271/68
f 1148/1265/530 1145/1272/529 1143/1266/67
f 1143/1266/67 1145/1272/529 1147/1273/528
f 1143/1260/67 1016/1139/541 1141/1259/76
f 1143/1266/67 1147/1273/528 1016/1134/541
f 1015/1128/529 1016/1129/541 1143/1270/67
f 1146/1274/77 1143/1264/67 1016/1142/541
f 1149/1262/78 1143/1264/67 1146/1274/77
f 1150/1269/530 1015/1128/529 1143/1270/67
f 1152/1275/515 1015/1128/529 1150/1269/530
f 1152/1275/515 1150/1269/530 1151/1276/531
f 1150/1269/530 1153/1277/69 1151/1276/531
f 1150/1269/530 1144/1271/68 1153/1277/69
f 1153/1278/69 1148/1265/530 1144/1267/68
f 1153/1279/69 1144/1263/68 1149/1262/78
f 1153/1280/69 1144/1268/68 1142/1261/78
f 1157/1281/532 1154/1282/531 1153/1278/69
f 1153/1278/69 1154/1282/531 1148/1265/530
f 1151/1276/531 1153/1277/69 1155/1283/542
f 1157/1281/532 1153/1278/69 1155/1284/542
f 1153/1280/69 1158/1285/80 1155/1286/542
f 1155/1287/542 1153/1279/69 1156/1288/79
f 1153/1279/69 1149/1262/78 1156/1288/79
f 1153/1280/69 1135/1254/79 1158/1285/80
f 1153/1280/69 1142/1261/78 1135/1254/79
f 1135/1254/79 1127/1245/95 1158/1285/80
f 1128/1247/81 1158/1285/80 1127/1245/95
f 1155/1286/542 1158/1285/80 1128/1247/81
f 1160/1289/517 1154/1282/531 1157/1281/532
f 1159/1290/533 1157/1281/532 1155/1284/542
f 1159/1290/533 1160/1289/517 1157/1281/532
f 1160/1289/517 1161/1291/516 1154/1282/531
f 1163/1292/502 1161/1291/516 1160/1289/517
f 1159/1290/533 1162/1293/518 1160/1289/517
f 1162/1293/518 1163/1292/502 1160/1289/517
f 1163/1292/502 1164/1294/501 1161/1291/516
f 1166/1295/487 1164/1294/501 1163/1292/502
f 1162/1293/518 1165/1296/503 1163/1292/502
f 1165/1296/503 1166/1295/487 1163/1292/502
f 1166/1295/487 1167/1297/486 1164/1294/501
f 1169/1298/472 1167/1297/486 1166/1295/487
f 1165/1296/503 1168/1299/488 1166/1295/487
f 1168/1299/488 1169/1298/472 1166/1295/487
f 1169/1298/472 1170/1300/471 1167/1297/486
f 1172/1301/457 1170/1300/471 1169/1298/472
f 1168/1299/488 1171/1302/473 1169/1298/472
f 1171/1302/473 1172/1301/457 1169/1298/472
f 1172/1301/457 1173/1303/456 1170/1300/471
f 1175/1304/442 1173/1303/456 1172/1301/457
f 1171/1302/473 1174/1305/458 1172/1301/457
f 1174/1305/458 1175/1304/442 1172/1301/457
f 1175/1304/442 1176/1306/441 1173/1303/456
f 1178/1307/427 1176/1306/441 1175/1304/442
f 1174/1305/458 1177/1308/443 1175/1304/442
f 1177/1308/443 1178/1307/427 1175/1304/442
f 1178/1307/427 1179/1309/426 1176/1306/441
f 1181/1310/412 1179/1309/426 1178/1307/427
f 1177/1308/443 1180/1311/428 1178/1307/427
f 1180/1311/428 1181/1310/412 1178/1307/427
f 1181/1310/412 1182/1312/411 1179/1309/426
f 1184/1313/397 1182/1312/411 1181/1310/412
f 1180/1311/428 1183/1314/413 1181/1310/412
f 1183/1314/413 1184/1313/397 1181/1310/412
f 1184/1313/397 1185/1315/396 1182/1312/411
f 1187/1316/382 1185/1315/396 1184/1313/397
f 1183/1314/413 1186/1317/398 1184/1313/397
f 1186/1317/398 1187/1316/382 1184/1313/397
f 1187/1316/382 1188/1318/381 1185/1315/396
f 1190/1319/366 1188/1318/381 1187/1316/382
f 1186/1317/398 1189/1320/383 1187/1316/382
f 1189/1320/383 1190/1319/366 1187/1316/382
f 1190/1319/366 1191/1321/365 1188/1318/381
f 1193/1322/351 1191/1321/365 1190/1319/366
f 1189/1320/383 1192/1323/367 1190/1319/366
f 1194/1324/352 1190/1319/366 1192/1323/367
f 1194/1324/352 1193/1322/351 1190/1319/366
f 1196/1325/337 1193/1322/351 1194/1324/352
f 1195/1326/353 1194/1324/352 1192/1323/367
f 1195/1326/353 1196/1325/337 1194/1324/352
f 1196/1325/337 1197/1327/336 1193/1322/351
f 1196/1325/337 1200/1328/321 1197/1327/336
f 1195/1326/353 1198/1329/338 1196/1325/337
f 1198/1329/338 1199/1330/322 1196/1325/337
f 1196/1325/337 1199/1330/322 1200/1328/321
f 1200/1328/321 1201/1331/320 1202/1332/335
f 1085/1333/306 1201/1331/320 1200/1328/321
f 1199/1330/322 1085/1333/306 1200/1328/321
f 1200/1328/321 1202/1332/335 1197/1327/336
f 1202/1332/335 1203/1334/334 1205/1335/349
f 1201/1331/320 1203/1334/334 1202/1332/335
f 1197/1327/336 1202/1332/335 1204/1336/350
f 1202/1332/335 1205/1335/349 1204/1336/350
f 1207/1337/364 1205/1335/349 1206/1338/348
f 1205/1335/349 1208/1339/333 1206/1338/348
f 1204/1336/350 1205/1335/349 1207/1337/364
f 1205/1335/349 1203/1334/334 1208/1339/333
f 1208/1339/333 1209/1340/332 1211/1341/347
f 1208/1339/333 1212/1342/317 1209/1340/332
f 1203/1334/334 1210/1343/318 1208/1339/333
f 1208/1339/333 1211/1341/347 1206/1338/348
f 1208/1339/333 1210/1343/318 1212/1342/317
f 1212/1342/317 1213/1344/316 1214/1345/331
f 1073/1346/302 1213/1344/316 1212/1342/317
f 1210/1343/318 1073/1346/302 1212/1342/317
f 1212/1342/317 1214/1345/331 1209/1340/332
f 1214/1345/331 1215/1347/330 1217/1348/345
f 1213/1344/316 1215/1347/330 1214/1345/331
f 1211/1341/347 1209/1340/332 1214/1345/331
f 1214/1345/331 1217/1348/345 1216/1349/346
f 1211/1341/347 1214/1345/331 1216/1349/346
f 1217/1348/345 1218/1350/344 1220/1351/359
f 1215/1347/330 1218/1350/344 1217/1348/345
f 1221/1352/361 1216/1349/346 1217/1348/345
f 1221/1352/361 1217/1348/345 1219/1353/360
f 1217/1348/345 1220/1351/359 1219/1353/360
f 1223/1354/377 1221/1352/361 1219/1353/360
f 1222/1355/362 1221/1352/361 1223/1354/377
f 1222/1355/362 1216/1349/346 1221/1352/361
f 1226/1356/392 1223/1354/377 1224/1357/376
f 1223/1354/377 1219/1353/360 1224/1357/376
f 1225/1358/378 1223/1354/377 1226/1356/392
f 1222/1355/362 1223/1354/377 1225/1358/378
f 1226/1356/392 1227/1359/391 1230/1360/406
f 1226/1356/392 1224/1357/376 1227/1359/391
f 1228/1361/393 1226/1356/392 1229/1362/407
f 1225/1358/378 1226/1356/392 1228/1361/393
f 1226/1356/392 1230/1360/406 1229/1362/407
f 1232/1363/421 1230/1360/406 1231/1364/405
f 1227/1359/391 1231/1364/405 1230/1360/406
f 1233/1365/422 1229/1362/407 1230/1360/406
f 1233/1365/422 1230/1360/406 1232/1363/421
f 1233/1365/422 1232/1363/421 1236/1366/436
f 1234/1367/423 1233/1365/422 1235/1368/437
f 1237/1369/408 1233/1365/422 1234/1367/423
f 1233/1365/422 1236/1366/436 1235/1368/437
f 1237/1369/408 1229/1362/407 1233/1365/422
f 1228/1361/393 1229/1362/407 1237/1369/408
f 1239/1370/424 1238/1371/409 1237/1369/408
f 1238/1371/409 1228/1361/393 1237/1369/408
f 1239/1370/424 1237/1369/408 1234/1367/423
f 1241/1372/439 1239/1370/424 1234/1367/423
f 1242/1373/440 1240/1374/425 1239/1370/424
f 1240/1374/425 1238/1371/409 1239/1370/424
f 1242/1373/440 1239/1370/424 1241/1372/439
f 1243/1375/455 1242/1373/440 1241/1372/439
f 1176/1306/441 1242/1373/440 1243/1375/455
f 1179/1309/426 1242/1373/440 1176/1306/441
f 1179/1309/426 1240/1374/425 1242/1373/440
f 1245/1376/470 1243/1375/455 1244/1377/454
f 1243/1375/455 1241/1372/439 1244/1377/454
f 1173/1303/456 1243/1375/455 1245/1376/470
f 1176/1306/441 1243/1375/455 1173/1303/456
f 1245/1376/470 1246/1378/469 1248/1379/484
f 1245/1376/470 1244/1377/454 1246/1378/469
f 1167/1297/486 1170/1300/471 1245/1376/470
f 1173/1303/456 1245/1376/470 1170/1300/471
f 1167/1297/486 1245/1376/470 1247/1380/485
f 1245/1376/470 1248/1379/484 1247/1380/485
f 1250/1381/499 1248/1379/484 1249/1382/483
f 1248/1379/484 1251/1383/468 1249/1382/483
f 1247/1380/485 1248/1379/484 1250/1381/499
f 1248/1379/484 1246/1378/469 1251/1383/468
f 1251/1383/468 1252/1384/467 1254/1385/482
f 1253/1386/453 1252/1384/467 1251/1383/468
f 1246/1378/469 1253/1386/453 1251/1383/468
f 1251/1383/468 1254/1385/482 1249/1382/483
f 1256/1387/497 1254/1385/482 1255/1388/481
f 1254/1385/482 1257/1389/466 1255/1388/481
f 1249/1382/483 1254/1385/482 1256/1387/497
f 1254/1385/482 1252/1384/467 1257/1389/466
f 1257/1389/466 1258/1390/465 1260/1391/480
f 1257/1389/466 1261/1392/450 1258/1390/465
f 1252/1384/467 1259/1393/451 1257/1389/466
f 1257/1389/466 1260/1391/480 1255/1388/481
f 1257/1389/466 1259/1393/451 1261/1392/450
f 1261/1392/450 1262/1394/449 1264/1395/464
f 1261/1392/450 1265/1396/434 1262/1394/449
f 1259/1393/451 1263/1397/435 1261/1392/450
f 1261/1392/450 1264/1395/464 1258/1390/465
f 1261/1392/450 1263/1397/435 1265/1396/434
f 1262/1394/449 1265/1396/434 1266/1398/433
f 1267/1399/419 1266/1398/433 1265/1396/434
f 1268/1400/420 1265/1396/434 1263/1397/435
f 1268/1400/420 1267/1399/419 1265/1396/434
f 1268/1400/420 1269/1401/404 1267/1399/419
f 1232/1363/421 1268/1400/420 1263/1397/435
f 1232/1363/421 1231/1364/405 1268/1400/420
f 1268/1400/420 1231/1364/405 1269/1401/404
f 1267/1399/419 1269/1401/404 1270/1402/403
f 1271/1403/389 1270/1402/403 1269/1401/404
f 1272/1404/390 1269/1401/404 1231/1364/405
f 1272/1404/390 1271/1403/389 1269/1401/404
f 1272/1404/390 1274/1405/374 1271/1403/389
f 1227/1359/391 1272/1404/390 1231/1364/405
f 1227/1359/391 1273/1406/375 1272/1404/390
f 1272/1404/390 1273/1406/375 1274/1405/374
f 1271/1403/389 1274/1405/374 1275/1407/373
f 1276/1408/358 1275/1407/373 1274/1405/374
f 1220/1351/359 1274/1405/374 1273/1406/375
f 1220/1351/359 1276/1408/358 1274/1405/374
f 1276/1408/358 1277/1409/357 1275/1407/373
f 1276/1408/358 1279/1410/342 1277/1409/357
f 1218/1350/344 1276/1408/358 1220/1351/359
f 1218/1350/344 1278/1411/343 1276/1408/358
f 1276/1408/358 1278/1411/343 1279/1410/342
f 1278/1411/343 1280/1412/327 1279/1410/342
f 1277/1409/357 1279/1410/342 1281/1413/146
f 1279/1410/342 1280/1412/327 1281/1413/146
f 1282/1414/448 1266/1398/433 1281/1413/146
f 1288/1415/463 1282/1414/448 1281/1413/146
f 1334/1416/523 1281/1417/146 1283/1418/538
f 1283/1419/538 1284/1420/523 1281/1413/146
f 1307/1421/71 1283/1422/538 1281/1423/146
f 1283/1424/538 1281/1425/146 1309/1426/71
f 1284/1420/523 1285/1427/508 1281/1413/146
f 1285/1427/508 1286/1428/493 1281/1413/146
f 1286/1428/493 1287/1429/478 1281/1413/146
f 1287/1429/478 1288/1415/463 1281/1413/146
f 1266/1398/433 1289/1430/418 1281/1413/146
f 1289/1430/418 1270/1402/403 1281/1413/146
f 1270/1402/403 1290/1431/388 1281/1413/146
f 1290/1431/388 1275/1407/373 1281/1413/146
f 1275/1407/373 1277/1409/357 1281/1413/146
f 1280/1412/327 1291/1432/312 1281/1413/146
f 1291/1432/312 1292/1433/297 1281/1413/146
f 1292/1434/297 1281/1417/146 1320/1435/312
f 1292/1436/297 1293/1437/282 1281/1423/146
f 1319/1438/282 1281/1425/146 1292/1439/297
f 1293/1437/282 1294/1440/267 1281/1423/146
f 1294/1440/267 1295/1441/548 1281/1423/146
f 1295/1441/548 1296/1442/237 1281/1423/146
f 1296/1442/237 1297/1443/222 1281/1423/146
f 1297/1443/222 1298/1444/207 1281/1423/146
f 1298/1444/207 1299/1445/192 1281/1423/146
f 1299/1445/192 1300/1446/177 1281/1423/146
f 1300/1446/177 1301/1447/162 1281/1423/146
f 1301/1447/162 1302/1448/147 1281/1423/146
f 1302/1448/147 1303/1449/131 1281/1423/146
f 1303/1449/131 1304/1450/116 1281/1423/146
f 1304/1450/116 1305/1451/101 1281/1423/146
f 1305/1451/101 1306/1452/86 1281/1423/146
f 1306/1452/86 1307/1421/71 1281/1423/146
f 1308/1453/147 1281/1425/146 1045/1163/162
f 1313/1454/131 1281/1425/146 1308/1453/147
f 1309/1426/71 1281/1425/146 1310/1455/86
f 1310/1455/86 1281/1425/146 1311/1456/101
f 1311/1456/101 1281/1425/146 1312/1457/116
f 1312/1457/116 1281/1425/146 1313/1454/131
f 1045/1163/162 1281/1425/146 1314/1458/177
f 1314/1458/177 1281/1425/146 1051/1169/192
f 1051/1169/192 1281/1425/146 1315/1459/207
f 1315/1459/207 1281/1425/146 1057/1175/550
f 1057/1175/550 1281/1425/146 1316/1460/237
f 1316/1460/237 1281/1425/146 1317/1461/548
f 1317/1461/548 1281/1425/146 1318/1462/267
f 1318/1462/267 1281/1425/146 1319/1438/282
f 1320/1435/312 1281/1417/146 1321/1463/327
f 1321/1463/327 1281/1417/146 1322/1464/342
f 1322/1464/342 1281/1417/146 1323/1465/357
f 1323/1465/357 1281/1417/146 1324/1466/373
f 1324/1466/373 1281/1417/146 1325/1467/388
f 1325/1467/388 1281/1417/146 1326/1468/403
f 1326/1468/403 1281/1417/146 1327/1469/418
f 1327/1469/418 1281/1417/146 1328/1470/433
f 1328/1470/433 1281/1417/146 1329/1471/448
f 1329/1471/448 1281/1417/146 1330/1472/552
f 1330/1472/552 1281/1417/146 1331/1473/478
f 1331/1473/478 1281/1417/146 1332/1474/493
f 1332/1474/493 1281/1417/146 1333/1475/508
f 1333/1475/508 1281/1417/146 1334/1416/523
f 1333/1475/508 1334/1416/523 1335/1476/524
f 1334/1416/523 999/1109/539 1335/1476/524
f 1334/1416/523 1283/1418/538 999/1109/539
f 1003/1108/525 1335/1476/524 999/1109/539
f 1010/1120/510 1335/1476/524 1003/1108/525
f 1010/1120/510 1336/1477/509 1335/1476/524
f 1333/1475/508 1335/1476/524 1336/1477/509
f 1337/1478/494 1333/1475/508 1336/1477/509
f 1338/1479/495 1336/1477/509 1010/1120/510
f 1338/1479/495 1337/1478/494 1336/1477/509
f 1341/1480/479 1337/1478/494 1338/1479/495
f 1340/1481/480 1338/1479/495 1339/1482/496
f 1338/1479/495 1009/1123/511 1339/1482/496
f 1341/1480/479 1338/1479/495 1340/1481/480
f 1338/1479/495 1010/1120/510 1009/1123/511
f 1330/1472/552 1331/1473/478 1341/1480/479
f 1331/1473/478 1337/1478/494 1341/1480/479
f 1343/1483/465 1341/1480/479 1340/1481/480
f 1343/1483/465 1342/1484/464 1341/1480/479
f 1330/1472/552 1341/1480/479 1342/1484/464
f 1345/1485/450 1342/1484/464 1343/1483/465
f 1343/1483/465 1347/1486/481 1344/1487/466
f 1346/1488/451 1343/1483/465 1344/1487/466
f 1346/1488/451 1345/1485/450 1343/1483/465
f 1343/1483/465 1340/1481/480 1347/1486/481
f 1340/1481/480 1339/1482/496 1347/1486/481
f 1348/1489/482 1347/1486/481 1339/1482/496
f 1349/1490/467 1347/1486/481 1348/1489/482
f 1349/1490/467 1344/1487/466 1347/1486/481
f 1351/1491/452 1344/1487/466 1349/1490/467
f 1351/1491/452 1349/1490/467 1350/1492/468
f 1349/1490/467 1352/1493/483 1350/1492/468
f 1349/1490/467 1348/1489/482 1352/1493/483
f 1348/1489/482 1354/1494/498 1352/1493/483
f 1353/1495/484 1352/1493/483 1354/1494/498
f 1355/1496/469 1352/1493/483 1353/1495/484
f 1355/1496/469 1350/1492/468 1352/1493/483
f 1357/1497/454 1350/1492/468 1355/1496/469
f 1356/1498/470 1355/1496/469 1353/1495/484
f 1358/1499/455 1355/1496/469 1356/1498/470
f 1358/1499/455 1357/1497/454 1355/1496/469
f 1360/1500/440 1357/1497/454 1358/1499/455
f 1360/1500/440 1358/1499/455 1359/1501/456
f 1358/1499/455 1361/1502/471 1359/1501/456
f 1358/1499/455 1356/1498/470 1361/1502/471
f 1356/1498/470 1363/1503/486 1361/1502/471
f 1359/1501/456 1361/1502/471 1362/1504/472
f 1361/1502/471 1364/1505/487 1362/1504/472
f 1361/1502/471 1363/1503/486 1364/1505/487
f 1363/1503/486 1366/1506/502 1364/1505/487
f 1365/1507/488 1364/1505/487 1366/1506/502
f 1367/1508/473 1364/1505/487 1365/1507/488
f 1367/1508/473 1362/1504/472 1364/1505/487
f 1369/1509/458 1362/1504/472 1367/1508/473
f 1369/1509/458 1367/1508/473 1368/1510/474
f 1367/1508/473 1370/1511/489 1368/1510/474
f 1367/1508/473 1365/1507/488 1370/1511/489
f 1365/1507/488 1372/1512/504 1370/1511/489
f 1371/1513/490 1370/1511/489 1372/1512/504
f 1373/1514/475 1370/1511/489 1371/1513/490
f 1373/1514/475 1368/1510/474 1370/1511/489
f 1376/1515/459 1368/1510/474 1373/1514/475
f 1375/1516/460 1373/1514/475 1374/1517/476
f 1373/1514/475 1377/1518/491 1374/1517/476
f 1376/1515/459 1373/1514/475 1375/1516/460
f 1373/1514/475 1371/1513/490 1377/1518/491
f 1377/1518/491 1371/1513/490 1381/1519/505
f 1378/1520/492 1377/1518/491 1379/1521/506
f 1380/1522/477 1377/1518/491 1378/1520/492
f 1380/1522/477 1374/1517/476 1377/1518/491
f 1377/1518/491 1381/1519/505 1379/1521/506
f 1381/1519/505 1372/1512/504 1383/1523/519
f 1371/1513/490 1372/1512/504 1381/1519/505
f 1381/1519/505 1384/1524/521 1379/1521/506
f 1381/1519/505 1382/1525/520 1384/1524/521
f 1381/1519/505 1383/1523/519 1382/1525/520
f 1382/1525/520 1386/1526/536 1384/1524/521
f 1385/1527/522 1384/1524/521 1386/1526/536
f 1379/1521/506 1384/1524/521 1385/1527/522
f 1382/1525/520 1387/1528/535 1386/1526/536
f 1387/1528/535 1389/1529/545 1386/1526/536
f 1388/1530/537 1386/1526/536 1389/1529/545
f 1385/1527/522 1386/1526/536 1388/1530/537
f 1387/1528/535 1390/1531/544 1389/1529/545
f 1393/1532/536 1390/1533/544 1389/1534/545
f 1390/1535/544 1394/1536/84 1389/1537/545
f 1389/1538/545 1390/1539/544 1396/1540/83
f 1397/1541/85 1391/1542/546 1389/1538/545
f 1395/1543/537 1389/1534/545 1391/1544/546
f 1389/1537/545 1398/1545/85 1391/1546/546
f 1388/1530/537 1389/1529/545 1391/1547/546
f 1397/1541/85 1389/1538/545 1392/1548/84
f 1389/1538/545 1396/1540/83 1392/1548/84
f 1395/1543/537 1393/1532/536 1389/1534/545
f 1389/1537/545 1394/1536/84 1398/1545/85
f 1394/1536/84 1399/1549/100 1398/1545/85
f 1400/1550/372 1398/1545/85 1399/1549/100
f 1400/1550/372 1391/1546/546 1398/1545/85
f 1400/1551/372 1420/1552/236 1401/1553/251
f 1400/1551/372 1401/1553/251 1419/1554/549
f 1400/1555/372 1388/1530/537 1391/1547/546
f 1400/1556/372 1395/1543/537 1391/1544/546
f 1400/1551/372 1391/1542/546 1397/1541/85
f 1400/1556/372 1402/1557/522 1395/1543/537
f 1400/1556/372 1403/1558/507 1402/1557/522
f 1400/1556/372 1404/1559/492 1403/1558/507
f 1400/1556/372 1405/1560/477 1404/1559/492
f 1400/1556/372 1406/1561/462 1405/1560/477
f 1400/1556/372 1407/1562/447 1406/1561/462
f 1400/1556/372 1408/1563/432 1407/1562/447
f 1400/1556/372 1409/1564/417 1408/1563/432
f 1400/1556/372 1410/1565/402 1409/1564/417
f 1400/1556/372 1411/1566/553 1410/1565/402
f 1400/1556/372 1412/1567/371 1411/1566/553
f 1400/1556/372 1413/1568/356 1412/1567/371
f 1400/1556/372 1414/1569/341 1413/1568/356
f 1400/1556/372 1415/1570/326 1414/1569/341
f 1400/1556/372 1416/1571/311 1415/1570/326
f 1400/1555/372 1416/1572/311 1440/1573/326
f 1400/1551/372 1417/1574/296 1416/1575/311
f 1400/1550/372 1439/1576/296 1416/1577/311
f 1400/1551/372 1418/1578/281 1417/1574/296
f 1400/1551/372 1419/1554/549 1418/1578/281
f 1400/1551/372 1421/1579/221 1420/1552/236
f 1400/1551/372 1422/1580/206 1421/1579/221
f 1400/1551/372 1423/1581/191 1422/1580/206
f 1400/1551/372 1424/1582/176 1423/1581/191
f 1400/1551/372 1425/1583/161 1424/1582/176
f 1400/1551/372 1426/1584/145 1425/1583/161
f 1400/1551/372 1427/1585/130 1426/1584/145
f 1400/1551/372 1428/1586/115 1427/1585/130
f 1400/1551/372 1429/1587/100 1428/1586/115
f 1400/1551/372 1397/1541/85 1429/1587/100
f 1400/1555/372 1430/1588/371 1443/1589/553
f 1400/1555/372 1442/1590/356 1430/1588/371
f 1400/1550/372 1399/1549/100 1431/1591/115
f 1400/1550/372 1431/1591/115 1432/1592/130
f 1400/1550/372 1432/1592/130 1118/1237/145
f 1400/1550/372 1118/1237/145 1433/1593/161
f 1400/1550/372 1433/1593/161 1111/1230/176
f 1400/1550/372 1111/1230/176 1434/1594/191
f 1400/1550/372 1434/1594/191 1105/1224/206
f 1400/1550/372 1105/1224/206 1435/1595/221
f 1400/1550/372 1435/1595/221 1099/1218/551
f 1400/1550/372 1099/1218/551 1436/1596/251
f 1400/1550/372 1436/1596/251 1437/1597/549
f 1400/1550/372 1437/1597/549 1438/1598/281
f 1400/1550/372 1438/1598/281 1439/1576/296
f 1400/1555/372 1440/1573/326 1441/1599/341
f 1400/1555/372 1441/1599/341 1442/1590/356
f 1400/1555/372 1443/1589/553 1444/1600/402
f 1400/1555/372 1444/1600/402 1445/1601/417
f 1400/1555/372 1445/1601/417 1446/1602/432
f 1400/1555/372 1446/1602/432 1447/1603/447
f 1400/1555/372 1447/1603/447 1448/1604/462
f 1400/1555/372 1448/1604/462 1380/1522/477
f 1400/1555/372 1380/1522/477 1378/1520/492
f 1400/1555/372 1378/1520/492 1449/1605/507
f 1400/1555/372 1449/1605/507 1385/1527/522
f 1400/1555/372 1385/1527/522 1388/1530/537
f 1379/1521/506 1385/1527/522 1449/1605/507
f 1378/1520/492 1379/1521/506 1449/1605/507
f 1451/1606/446 1450/1607/461 1448/1604/462
f 1450/1607/461 1380/1522/477 1448/1604/462
f 1451/1606/446 1448/1604/462 1447/1603/447
f 1454/1608/430 1452/1609/445 1451/1606/446
f 1452/1609/445 1450/1607/461 1451/1606/446
f 1446/1602/432 1451/1606/446 1447/1603/447
f 1446/1602/432 1453/1610/431 1451/1606/446
f 1454/1608/430 1451/1606/446 1453/1610/431
f 1454/1608/430 1455/1611/429 1457/1612/444
f 1456/1613/415 1455/1611/429 1454/1608/430
f 1456/1613/415 1454/1608/430 1453/1610/431
f 1454/1608/430 1457/1612/444 1452/1609/445
f 1458/1614/443 1376/1515/459 1457/1612/444
f 1455/1611/429 1458/1614/443 1457/1612/444
f 1452/1609/445 1457/1612/444 1376/1515/459
f 1458/1614/443 1459/1615/442 1461/1616/457
f 1460/1617/428 1459/1615/442 1458/1614/443
f 1455/1611/429 1460/1617/428 1458/1614/443
f 1458/1614/443 1369/1509/458 1376/1515/459
f 1458/1614/443 1461/1616/457 1369/1509/458
f 1462/1618/441 1359/1501/456 1461/1616/457
f 1359/1501/456 1362/1504/472 1461/1616/457
f 1369/1509/458 1461/1616/457 1362/1504/472
f 1462/1618/441 1461/1616/457 1459/1615/442
f 1464/1619/425 1360/1500/440 1462/1618/441
f 1360/1500/440 1359/1501/456 1462/1618/441
f 1463/1620/426 1462/1618/441 1459/1615/442
f 1464/1619/425 1462/1618/441 1463/1620/426
f 1464/1619/425 1465/1621/424 1467/1622/439
f 1466/1623/410 1465/1621/424 1464/1619/425
f 1466/1623/410 1464/1619/425 1463/1620/426
f 1464/1619/425 1467/1622/439 1360/1500/440
f 1467/1622/439 1468/1624/438 1469/1625/453
f 1465/1621/424 1468/1624/438 1467/1622/439
f 1360/1500/440 1467/1622/439 1357/1497/454
f 1467/1622/439 1469/1625/453 1357/1497/454
f 1470/1626/437 1351/1491/452 1469/1625/453
f 1351/1491/452 1350/1492/468 1469/1625/453
f 1357/1497/454 1469/1625/453 1350/1492/468
f 1470/1626/437 1469/1625/453 1468/1624/438
f 1470/1626/437 1471/1627/436 1346/1488/451
f 1473/1628/421 1471/1627/436 1470/1626/437
f 1472/1629/422 1470/1626/437 1468/1624/438
f 1473/1628/421 1470/1626/437 1472/1629/422
f 1470/1626/437 1346/1488/451 1351/1491/452
f 1476/1630/405 1474/1631/420 1473/1628/421
f 1474/1631/420 1471/1627/436 1473/1628/421
f 1477/1632/407 1473/1628/421 1472/1629/422
f 1477/1632/407 1475/1633/406 1473/1628/421
f 1476/1630/405 1473/1628/421 1475/1633/406
f 1479/1634/392 1475/1633/406 1477/1632/407
f 1479/1634/392 1477/1632/407 1478/1635/408
f 1477/1632/407 1480/1636/423 1478/1635/408
f 1477/1632/407 1472/1629/422 1480/1636/423
f 1472/1629/422 1468/1624/438 1480/1636/423
f 1465/1621/424 1480/1636/423 1468/1624/438
f 1481/1637/409 1480/1636/423 1465/1621/424
f 1481/1637/409 1478/1635/408 1480/1636/423
f 1482/1638/394 1478/1635/408 1481/1637/409
f 1466/1623/410 1481/1637/409 1465/1621/424
f 1483/1639/395 1481/1637/409 1466/1623/410
f 1483/1639/395 1482/1638/394 1481/1637/409
f 1485/1640/380 1482/1638/394 1483/1639/395
f 1485/1640/380 1483/1639/395 1484/1641/396
f 1483/1639/395 1486/1642/411 1484/1641/396
f 1483/1639/395 1466/1623/410 1486/1642/411
f 1466/1623/410 1463/1620/426 1486/1642/411
f 1484/1641/396 1486/1642/411 1487/1643/412
f 1486/1642/411 1488/1644/427 1487/1643/412
f 1486/1642/411 1463/1620/426 1488/1644/427
f 1463/1620/426 1459/1615/442 1488/1644/427
f 1460/1617/428 1488/1644/427 1459/1615/442
f 1489/1645/413 1488/1644/427 1460/1617/428
f 1489/1645/413 1487/1643/412 1488/1644/427
f 1491/1646/398 1487/1643/412 1489/1645/413
f 1491/1646/398 1489/1645/413 1490/1647/414
f 1489/1645/413 1455/1611/429 1490/1647/414
f 1489/1645/413 1460/1617/428 1455/1611/429
f 1491/1646/398 1492/1648/397 1487/1643/412
f 1494/1649/383 1492/1648/397 1491/1646/398
f 1494/1649/383 1491/1646/398 1493/1650/399
f 1491/1646/398 1490/1647/414 1493/1650/399
f 1494/1649/383 1495/1651/382 1492/1648/397
f 1497/1652/367 1495/1651/382 1494/1649/383
f 1497/1652/367 1494/1649/383 1496/1653/384
f 1494/1649/383 1493/1650/399 1496/1653/384
f 1497/1652/367 1498/1654/366 1495/1651/382
f 1500/1655/352 1498/1654/366 1497/1652/367
f 1500/1655/352 1497/1652/367 1499/1656/368
f 1497/1652/367 1496/1653/384 1499/1656/368
f 1500/1655/352 1501/1657/351 1498/1654/366
f 1503/1658/337 1501/1657/351 1500/1655/352
f 1503/1658/337 1500/1655/352 1502/1659/353
f 1500/1655/352 1499/1656/368 1502/1659/353
f 1503/1658/337 1504/1660/336 1501/1657/351
f 1506/1661/322 1504/1660/336 1503/1658/337
f 1506/1661/322 1503/1658/337 1505/1662/338
f 1503/1658/337 1502/1659/353 1505/1662/338
f 1506/1661/322 1507/1663/321 1504/1660/336
f 1509/1664/307 1507/1663/321 1506/1661/322
f 1509/1664/307 1506/1661/322 1508/1665/323
f 1506/1661/322 1505/1662/338 1508/1665/323
f 1509/1664/307 1085/1666/306 1507/1663/321
f 1509/1667/307 1513/1668/291 1085/1669/306
f 1084/1203/292 1085/1202/306 1509/1670/307
f 1199/1330/322 1509/1671/307 1085/1333/306
f 1512/1672/323 1510/1673/308 1509/1671/307
f 1514/1674/293 1509/1667/307 1510/1675/308
f 1515/1676/293 1509/1670/307 1510/1677/308
f 1509/1664/307 1508/1665/323 1510/1678/308
f 1512/1672/323 1509/1671/307 1199/1330/322
f 1514/1674/293 1511/1679/292 1509/1667/307
f 1509/1667/307 1511/1679/292 1513/1668/291
f 1515/1676/293 1084/1203/292 1509/1670/307
f 1087/1206/278 1084/1203/292 1515/1676/293
f 1516/1680/294 1515/1676/293 1510/1677/308
f 1517/1681/279 1515/1676/293 1516/1680/294
f 1517/1681/279 1087/1206/278 1515/1676/293
f 1091/1210/264 1087/1206/278 1517/1681/279
f 1091/1210/264 1517/1681/279 1518/1682/280
f 1517/1681/279 1519/1683/295 1518/1682/280
f 1517/1681/279 1516/1680/294 1519/1683/295
f 1516/1680/294 1520/1684/310 1519/1683/295
f 1439/1576/296 1519/1683/295 1520/1684/310
f 1438/1598/281 1519/1683/295 1439/1576/296
f 1438/1598/281 1518/1682/280 1519/1683/295
f 1516/1680/294 1521/1685/309 1520/1684/310
f 1523/1686/295 1521/1687/309 1520/1688/310
f 1521/1689/309 1524/1690/325 1520/1691/310
f 1520/1692/310 1521/1693/309 1525/1694/324
f 1415/1570/326 1416/1571/311 1520/1692/310
f 1417/1574/296 1520/1688/310 1416/1575/311
f 1439/1576/296 1520/1684/310 1416/1577/311
f 1520/1691/310 1440/1573/326 1416/1572/311
f 1415/1570/326 1520/1692/310 1522/1695/325
f 1520/1692/310 1525/1694/324 1522/1695/325
f 1417/1574/296 1523/1686/295 1520/1688/310
f 1520/1691/310 1524/1690/325 1440/1573/326
f 1526/1696/339 1525/1694/324 1512/1672/323
f 1525/1694/324 1510/1673/308 1512/1672/323
f 1522/1695/325 1525/1694/324 1526/1696/339
f 1525/1694/324 1521/1693/309 1510/1673/308
f 1528/1697/354 1526/1696/339 1198/1329/338
f 1526/1696/339 1512/1672/323 1198/1329/338
f 1527/1698/340 1526/1696/339 1528/1697/354
f 1522/1695/325 1526/1696/339 1527/1698/340
f 1530/1699/369 1528/1697/354 1195/1326/353
f 1528/1697/354 1198/1329/338 1195/1326/353
f 1531/1700/370 1529/1701/355 1528/1697/354
f 1527/1698/340 1528/1697/354 1529/1701/355
f 1531/1700/370 1528/1697/354 1530/1699/369
f 1532/1702/386 1531/1700/370 1530/1699/369
f 1411/1566/553 1412/1567/371 1531/1700/370
f 1413/1568/356 1531/1700/370 1412/1567/371
f 1411/1566/553 1531/1700/370 1532/1702/386
f 1413/1568/356 1529/1701/355 1531/1700/370
f 1532/1702/386 1533/1703/385 1535/1704/400
f 1532/1702/386 1530/1699/369 1533/1703/385
f 1411/1566/553 1532/1702/386 1534/1705/401
f 1532/1702/386 1535/1704/400 1534/1705/401
f 1537/1706/415 1535/1704/400 1536/1707/399
f 1533/1703/385 1536/1707/399 1535/1704/400
f 1538/1708/416 1534/1705/401 1535/1704/400
f 1538/1708/416 1535/1704/400 1537/1706/415
f 1538/1708/416 1537/1706/415 1540/1709/430
f 1409/1564/417 1538/1708/416 1539/1710/431
f 1409/1564/417 1534/1705/401 1538/1708/416
f 1538/1708/416 1540/1709/430 1539/1710/431
f 1542/1711/445 1540/1709/430 1541/1712/429
f 1537/1706/415 1541/1712/429 1540/1709/430
f 1543/1713/446 1539/1710/431 1540/1709/430
f 1543/1713/446 1540/1709/430 1542/1711/445
f 1543/1713/446 1542/1711/445 1545/1714/460
f 1407/1562/447 1543/1713/446 1544/1715/461
f 1407/1562/447 1539/1710/431 1543/1713/446
f 1543/1713/446 1545/1714/460 1544/1715/461
f 1545/1714/460 1546/1716/459 1548/1717/474
f 1542/1711/445 1546/1716/459 1545/1714/460
f 1549/1718/476 1544/1715/461 1545/1714/460
f 1549/1718/476 1545/1714/460 1547/1719/475
f 1545/1714/460 1548/1717/474 1547/1719/475
f 1549/1718/476 1547/1719/475 1551/1720/490
f 1405/1560/477 1549/1718/476 1550/1721/491
f 1405/1560/477 1544/1715/461 1549/1718/476
f 1549/1718/476 1551/1720/490 1550/1721/491
f 1551/1720/490 1552/1722/489 1554/1723/504
f 1551/1720/490 1548/1717/474 1552/1722/489
f 1550/1721/491 1551/1720/490 1553/1724/505
f 1551/1720/490 1554/1723/504 1553/1724/505
f 1551/1720/490 1547/1719/475 1548/1717/474
f 1554/1723/504 1165/1296/503 1162/1293/518
f 1552/1722/489 1165/1296/503 1554/1723/504
f 1553/1724/505 1554/1723/504 1555/1725/519
f 1554/1723/504 1162/1293/518 1555/1725/519
f 1557/1726/534 1555/1725/519 1162/1293/518
f 1558/1727/535 1556/1728/520 1555/1725/519
f 1553/1724/505 1555/1725/519 1556/1728/520
f 1558/1727/535 1555/1725/519 1557/1726/534
f 1558/1727/535 1557/1726/534 1559/1729/543
f 1393/1532/536 1558/1727/535 1390/1533/544
f 1393/1532/536 1556/1728/520 1558/1727/535
f 1558/1727/535 1559/1729/543 1390/1533/544
f 1396/1540/83 1390/1539/544 1559/1730/543
f 1559/1731/543 1564/1732/83 1390/1535/544
f 1387/1528/535 1559/1733/543 1390/1531/544
f 1396/1540/83 1559/1730/543 1560/1734/82
f 1559/1730/543 1563/1735/81 1560/1734/82
f 1565/1736/533 1561/1737/70 1559/1733/543
f 1557/1726/534 1561/1738/70 1559/1729/543
f 1561/1739/70 1129/1248/82 1559/1731/543
f 1559/1730/543 1561/1740/70 1563/1735/81
f 1387/1528/535 1562/1741/534 1559/1733/543
f 1565/1736/533 1559/1733/543 1562/1741/534
f 1559/1731/543 1129/1248/82 1564/1732/83
f 1566/1742/532 1561/1737/70 1565/1736/533
f 1567/1743/518 1566/1742/532 1565/1736/533
f 1567/1743/518 1565/1736/533 1562/1741/534
f 1567/1743/518 1568/1744/517 1566/1742/532
f 1569/1745/503 1568/1744/517 1567/1743/518
f 1569/1745/503 1567/1743/518 1383/1523/519
f 1567/1743/518 1562/1741/534 1383/1523/519
f 1569/1745/503 1366/1506/502 1568/1744/517
f 1365/1507/488 1366/1506/502 1569/1745/503
f 1365/1507/488 1569/1745/503 1372/1512/504
f 1569/1745/503 1383/1523/519 1372/1512/504
f 1571/1746/501 1570/1747/516 1568/1744/517
f 1570/1747/516 1566/1742/532 1568/1744/517
f 1571/1746/501 1568/1744/517 1366/1506/502
f 1573/1748/485 1572/1749/500 1571/1746/501
f 1572/1749/500 1570/1747/516 1571/1746/501
f 1363/1503/486 1571/1746/501 1366/1506/502
f 1573/1748/485 1571/1746/501 1363/1503/486
f 1573/1748/485 1353/1495/484 1574/1750/499
f 1356/1498/470 1353/1495/484 1573/1748/485
f 1356/1498/470 1573/1748/485 1363/1503/486
f 1573/1748/485 1574/1750/499 1572/1749/500
f 1574/1750/499 1354/1494/498 1012/1125/513
f 1353/1495/484 1354/1494/498 1574/1750/499
f 1572/1749/500 1574/1750/499 1017/1130/514
f 1574/1750/499 1012/1125/513 1017/1130/514
f 1572/1749/500 1152/1275/515 1570/1747/516
f 1572/1749/500 1017/1130/514 1152/1275/515
f 1152/1275/515 1151/1276/531 1570/1747/516
f 1570/1747/516 1151/1276/531 1566/1742/532
f 1151/1276/531 1155/1283/542 1566/1742/532
f 1566/1742/532 1155/1283/542 1561/1737/70
f 1564/1732/83 1129/1248/82 1125/1244/97
f 1394/1536/84 1564/1732/83 1575/1751/98
f 1390/1535/544 1564/1732/83 1394/1536/84
f 1564/1732/83 1125/1244/97 1575/1751/98
f 1125/1244/97 1122/1241/113 1575/1751/98
f 1576/1752/99 1575/1751/98 1122/1241/113
f 1394/1536/84 1575/1751/98 1576/1752/99
f 1399/1549/100 1576/1752/99 1577/1753/114
f 1394/1536/84 1576/1752/99 1399/1549/100
f 1576/1752/99 1122/1241/113 1577/1753/114
f 1122/1241/113 1119/1238/129 1577/1753/114
f 1431/1591/115 1577/1753/114 1119/1238/129
f 1399/1549/100 1577/1753/114 1431/1591/115
f 1579/1754/96 1563/1735/81 1578/1755/80
f 1561/1740/70 1578/1755/80 1563/1735/81
f 1560/1734/82 1563/1735/81 1579/1754/96
f 1582/1756/111 1579/1754/96 1580/1757/95
f 1579/1754/96 1578/1755/80 1580/1757/95
f 1581/1758/97 1579/1754/96 1582/1756/111
f 1560/1734/82 1579/1754/96 1581/1758/97
f 1585/1759/126 1582/1756/111 1583/1760/110
f 1582/1756/111 1580/1757/95 1583/1760/110
f 1584/1761/112 1582/1756/111 1585/1759/126
f 1581/1758/97 1582/1756/111 1584/1761/112
f 1588/1762/141 1585/1759/126 1586/1763/125
f 1585/1759/126 1583/1760/110 1586/1763/125
f 1587/1764/127 1585/1759/126 1588/1762/141
f 1584/1761/112 1585/1759/126 1587/1764/127
f 1591/1765/157 1588/1762/141 1589/1766/140
f 1588/1762/141 1586/1763/125 1589/1766/140
f 1590/1767/142 1588/1762/141 1591/1765/157
f 1587/1764/127 1588/1762/141 1590/1767/142
f 1594/1768/172 1591/1765/157 1592/1769/156
f 1591/1765/157 1589/1766/140 1592/1769/156
f 1593/1770/158 1591/1765/157 1594/1768/172
f 1590/1767/142 1591/1765/157 1593/1770/158
f 1597/1771/187 1594/1768/172 1595/1772/171
f 1594/1768/172 1592/1769/156 1595/1772/171
f 1598/1773/188 1596/1774/173 1594/1768/172
f 1593/1770/158 1594/1768/172 1596/1774/173
f 1598/1773/188 1594/1768/172 1597/1771/187
f 1598/1773/188 1597/1771/187 1601/1775/202
f 1602/1776/204 1599/1777/189 1598/1773/188
f 1599/1777/189 1596/1774/173 1598/1773/188
f 1602/1776/204 1598/1773/188 1600/1778/203
f 1598/1773/188 1601/1775/202 1600/1778/203
f 1604/1779/219 1602/1776/204 1600/1778/203
f 1605/1780/220 1603/1781/205 1602/1776/204
f 1606/1782/190 1602/1776/204 1603/1781/205
f 1605/1780/220 1602/1776/204 1604/1779/219
f 1606/1782/190 1599/1777/189 1602/1776/204
f 1607/1783/175 1599/1777/189 1606/1782/190
f 1423/1581/191 1606/1782/190 1603/1781/205
f 1423/1581/191 1607/1783/175 1606/1782/190
f 1607/1783/175 1608/1784/174 1599/1777/189
f 1609/1785/160 1608/1784/174 1607/1783/175
f 1423/1581/191 1424/1582/176 1607/1783/175
f 1425/1583/161 1607/1783/175 1424/1582/176
f 1425/1583/161 1609/1785/160 1607/1783/175
f 1609/1785/160 1610/1786/159 1608/1784/174
f 1611/1787/144 1610/1786/159 1609/1785/160
f 1426/1584/145 1609/1785/160 1425/1583/161
f 1426/1584/145 1611/1787/144 1609/1785/160
f 1611/1787/144 1612/1788/143 1610/1786/159
f 1613/1789/129 1612/1788/143 1611/1787/144
f 1426/1584/145 1613/1789/129 1611/1787/144
f 1613/1789/129 1614/1790/128 1612/1788/143
f 1613/1789/129 1616/1791/113 1614/1790/128
f 1426/1584/145 1427/1585/130 1613/1789/129
f 1427/1585/130 1615/1792/114 1613/1789/129
f 1613/1789/129 1615/1792/114 1616/1791/113
f 1614/1790/128 1616/1791/113 1584/1761/112
f 1616/1791/113 1581/1758/97 1584/1761/112
f 1618/1793/99 1616/1791/113 1615/1792/114
f 1618/1793/99 1617/1794/98 1616/1791/113
f 1616/1791/113 1617/1794/98 1581/1758/97
f 1392/1548/84 1617/1794/98 1618/1793/99
f 1429/1587/100 1618/1793/99 1615/1792/114
f 1429/1587/100 1392/1548/84 1618/1793/99
f 1617/1794/98 1560/1734/82 1581/1758/97
f 1617/1794/98 1396/1540/83 1560/1734/82
f 1392/1548/84 1396/1540/83 1617/1794/98
f 1427/1585/130 1428/1586/115 1615/1792/114
f 1429/1587/100 1615/1792/114 1428/1586/115
f 1612/1788/143 1614/1790/128 1587/1764/127
f 1614/1790/128 1584/1761/112 1587/1764/127
f 1612/1788/143 1590/1767/142 1593/1770/158
f 1612/1788/143 1587/1764/127 1590/1767/142
f 1612/1788/143 1593/1770/158 1610/1786/159
f 1608/1784/174 1610/1786/159 1593/1770/158
f 1599/1777/189 1608/1784/174 1596/1774/173
f 1608/1784/174 1593/1770/158 1596/1774/173
f 1605/1780/220 1604/1779/219 1620/1795/234
f 1421/1579/221 1605/1780/220 1619/1796/235
f 1421/1579/221 1603/1781/205 1605/1780/220
f 1605/1780/220 1620/1795/234 1619/1796/235
f 1622/1797/249 1620/1795/234 1621/1798/233
f 1620/1795/234 1623/1799/218 1621/1798/233
f 1619/1796/235 1620/1795/234 1622/1797/249
f 1620/1795/234 1604/1779/219 1623/1799/218
f 1623/1799/218 1624/1800/217 1625/1801/232
f 1600/1778/203 1624/1800/217 1623/1799/218
f 1604/1779/219 1600/1778/203 1623/1799/218
f 1623/1799/218 1625/1801/232 1621/1798/233
f 1627/1802/247 1625/1801/232 1626/1803/231
f 1625/1801/232 1628/1804/216 1626/1803/231
f 1621/1798/233 1625/1801/232 1627/1802/247
f 1625/1801/232 1624/1800/217 1628/1804/216
f 1628/1804/216 1629/1805/215 1631/1806/230
f 1630/1807/201 1629/1805/215 1628/1804/216
f 1624/1800/217 1630/1807/201 1628/1804/216
f 1628/1804/216 1631/1806/230 1626/1803/231
f 1631/1806/230 1632/1808/229 1634/1809/244
f 1629/1805/215 1632/1808/229 1631/1806/230
f 1626/1803/231 1631/1806/230 1633/1810/245
f 1631/1806/230 1634/1809/244 1633/1810/245
f 1636/1811/259 1634/1809/244 1635/1812/243
f 1634/1809/244 1637/1813/228 1635/1812/243
f 1633/1810/245 1634/1809/244 1636/1811/259
f 1634/1809/244 1632/1808/229 1637/1813/228
f 1635/1812/243 1637/1813/228 1638/1814/227
f 1637/1813/228 1640/1815/212 1638/1814/227
f 1632/1808/229 1639/1816/213 1637/1813/228
f 1637/1813/228 1639/1816/213 1640/1815/212
f 1640/1815/212 1641/1817/211 1643/1818/226
f 1642/1819/197 1641/1817/211 1640/1815/212
f 1639/1816/213 1642/1819/197 1640/1815/212
f 1640/1815/212 1643/1818/226 1638/1814/227
f 1643/1818/226 1644/1820/225 1646/1821/240
f 1643/1818/226 1647/1822/210 1644/1820/225
f 1638/1814/227 1643/1818/226 1645/1823/241
f 1643/1818/226 1646/1821/240 1645/1823/241
f 1643/1818/226 1641/1817/211 1647/1822/210
f 1647/1822/210 1648/1824/209 1650/1825/224
f 1649/1826/195 1648/1824/209 1647/1822/210
f 1641/1817/211 1649/1826/195 1647/1822/210
f 1647/1822/210 1650/1825/224 1644/1820/225
f 1652/1827/239 1650/1825/224 1651/1828/223
f 1650/1825/224 1653/1829/208 1651/1828/223
f 1644/1820/225 1650/1825/224 1652/1827/239
f 1650/1825/224 1648/1824/209 1653/1829/208
f 1653/1829/208 1298/1444/207 1297/1443/222
f 1654/1830/193 1298/1444/207 1653/1829/208
f 1655/1831/194 1653/1829/208 1648/1824/209
f 1653/1829/208 1297/1443/222 1651/1828/223
f 1655/1831/194 1654/1830/193 1653/1829/208
f 1655/1831/194 1657/1832/178 1654/1830/193
f 1649/1826/195 1655/1831/194 1648/1824/209
f 1658/1833/180 1655/1831/194 1649/1826/195
f 1658/1833/180 1656/1834/179 1655/1831/194
f 1655/1831/194 1656/1834/179 1657/1832/178
f 1660/1835/165 1656/1834/179 1658/1833/180
f 1661/1836/196 1659/1837/181 1658/1833/180
f 1662/1838/166 1658/1833/180 1659/1837/181
f 1661/1836/196 1658/1833/180 1649/1826/195
f 1662/1838/166 1660/1835/165 1658/1833/180
f 1662/1838/166 1665/1839/150 1660/1835/165
f 1663/1840/167 1662/1838/166 1659/1837/181
f 1666/1841/152 1662/1838/166 1663/1840/167
f 1666/1841/152 1664/1842/151 1662/1838/166
f 1662/1838/166 1664/1842/151 1665/1839/150
f 1668/1843/136 1664/1842/151 1666/1841/152
f 1669/1844/168 1667/1845/153 1666/1841/152
f 1667/1845/153 1668/1843/136 1666/1841/152
f 1669/1844/168 1666/1841/152 1663/1840/167
f 1671/1846/183 1669/1844/168 1663/1840/167
f 1672/1847/184 1670/1848/169 1669/1844/168
f 1670/1848/169 1667/1845/153 1669/1844/168
f 1672/1847/184 1669/1844/168 1671/1846/183
f 1674/1849/199 1672/1847/184 1671/1846/183
f 1673/1850/185 1672/1847/184 1674/1849/199
f 1675/1851/170 1672/1847/184 1673/1850/185
f 1675/1851/170 1670/1848/169 1672/1847/184
f 1676/1852/155 1670/1848/169 1675/1851/170
f 1595/1772/171 1675/1851/170 1673/1850/185
f 1592/1769/156 1675/1851/170 1595/1772/171
f 1592/1769/156 1676/1852/155 1675/1851/170
f 1676/1852/155 1677/1853/154 1670/1848/169
f 1678/1854/139 1677/1853/154 1676/1852/155
f 1589/1766/140 1676/1852/155 1592/1769/156
f 1589/1766/140 1678/1854/139 1676/1852/155
f 1678/1854/139 1679/1855/138 1677/1853/154
f 1680/1856/124 1679/1855/138 1678/1854/139
f 1586/1763/125 1678/1854/139 1589/1766/140
f 1586/1763/125 1680/1856/124 1678/1854/139
f 1680/1856/124 1681/1857/123 1679/1855/138
f 1682/1858/109 1681/1857/123 1680/1856/124
f 1583/1760/110 1680/1856/124 1586/1763/125
f 1583/1760/110 1682/1858/109 1680/1856/124
f 1682/1858/109 1683/1859/108 1681/1857/123
f 1684/1860/94 1683/1859/108 1682/1858/109
f 1580/1757/95 1682/1858/109 1583/1760/110
f 1580/1757/95 1684/1860/94 1682/1858/109
f 1684/1860/94 1685/1861/93 1683/1859/108
f 1156/1288/79 1685/1861/93 1684/1860/94
f 1578/1755/80 1684/1860/94 1580/1757/95
f 1578/1755/80 1156/1288/79 1684/1860/94
f 1683/1859/108 1685/1861/93 1686/1862/92
f 1685/1861/93 1146/1274/77 1686/1862/92
f 1156/1288/79 1149/1262/78 1685/1861/93
f 1685/1861/93 1149/1262/78 1146/1274/77
f 1688/1863/107 1686/1862/92 1687/1864/91
f 1686/1862/92 1023/1141/76 1687/1864/91
f 1683/1859/108 1686/1862/92 1688/1863/107
f 1686/1862/92 1146/1274/77 1023/1141/76
f 1690/1865/122 1688/1863/107 1689/1866/106
f 1688/1863/107 1687/1864/91 1689/1866/106
f 1681/1857/123 1683/1859/108 1688/1863/107
f 1681/1857/123 1688/1863/107 1690/1865/122
f 1692/1867/137 1690/1865/122 1691/1868/121
f 1690/1865/122 1689/1866/106 1691/1868/121
f 1679/1855/138 1681/1857/123 1690/1865/122
f 1679/1855/138 1690/1865/122 1692/1867/137
f 1667/1845/153 1692/1867/137 1668/1843/136
f 1692/1867/137 1691/1868/121 1668/1843/136
f 1677/1853/154 1679/1855/138 1692/1867/137
f 1677/1853/154 1692/1867/137 1667/1845/153
f 1691/1868/121 1693/1869/120 1694/1870/135
f 1689/1866/106 1693/1869/120 1691/1868/121
f 1691/1868/121 1694/1870/135 1668/1843/136
f 1664/1842/151 1694/1870/135 1695/1871/134
f 1694/1870/135 1696/1872/119 1695/1871/134
f 1668/1843/136 1694/1870/135 1664/1842/151
f 1694/1870/135 1693/1869/120 1696/1872/119
f 1696/1872/119 1697/1873/118 1699/1874/133
f 1698/1875/104 1697/1873/118 1696/1872/119
f 1693/1869/120 1698/1875/104 1696/1872/119
f 1696/1872/119 1699/1874/133 1695/1871/134
f 1701/1876/149 1699/1874/133 1700/1877/132
f 1699/1874/133 1702/1878/117 1700/1877/132
f 1665/1839/150 1695/1871/134 1699/1874/133
f 1665/1839/150 1699/1874/133 1701/1876/149
f 1699/1874/133 1697/1873/118 1702/1878/117
f 1702/1878/117 1304/1450/116 1303/1449/131
f 1703/1879/102 1304/1450/116 1702/1878/117
f 1704/1880/103 1702/1878/117 1697/1873/118
f 1702/1878/117 1303/1449/131 1700/1877/132
f 1704/1880/103 1703/1879/102 1702/1878/117
f 1704/1880/103 1706/1881/87 1703/1879/102
f 1698/1875/104 1704/1880/103 1697/1873/118
f 1707/1882/89 1704/1880/103 1698/1875/104
f 1707/1882/89 1705/1883/88 1704/1880/103
f 1704/1880/103 1705/1883/88 1706/1881/87
f 1005/1118/74 1705/1883/88 1707/1882/89
f 1709/1884/105 1708/1885/90 1707/1882/89
f 1708/1885/90 1005/1118/74 1707/1882/89
f 1709/1884/105 1707/1882/89 1698/1875/104
f 1693/1869/120 1709/1884/105 1698/1875/104
f 1689/1866/106 1709/1884/105 1693/1869/120
f 1687/1864/91 1709/1884/105 1689/1866/106
f 1687/1864/91 1708/1885/90 1709/1884/105
f 1023/1141/76 1708/1885/90 1687/1864/91
f 1023/1141/76 1020/1137/75 1708/1885/90
f 1708/1885/90 1020/1137/75 1005/1118/74
f 1703/1879/102 1706/1881/87 1306/1452/86
f 1710/1886/72 1306/1452/86 1706/1881/87
f 1705/1883/88 1710/1886/72 1706/1881/87
f 1710/1886/72 1307/1421/71 1306/1452/86
f 999/1113/539 1307/1421/71 1710/1886/72
f 1705/1883/88 1001/1111/73 1710/1886/72
f 1001/1111/73 999/1113/539 1710/1886/72
f 1005/1118/74 1001/1111/73 1705/1883/88
f 1703/1879/102 1305/1451/101 1304/1450/116
f 1703/1879/102 1306/1452/86 1305/1451/101
f 1712/1887/164 1701/1876/149 1711/1888/148
f 1701/1876/149 1700/1877/132 1711/1888/148
f 1665/1839/150 1701/1876/149 1712/1887/164
f 1656/1834/179 1712/1887/164 1713/1889/163
f 1712/1887/164 1711/1888/148 1713/1889/163
f 1660/1835/165 1712/1887/164 1656/1834/179
f 1665/1839/150 1712/1887/164 1660/1835/165
f 1713/1889/163 1301/1447/162 1300/1446/177
f 1713/1889/163 1302/1448/147 1301/1447/162
f 1656/1834/179 1713/1889/163 1657/1832/178
f 1713/1889/163 1300/1446/177 1657/1832/178
f 1713/1889/163 1711/1888/148 1302/1448/147
f 1700/1877/132 1302/1448/147 1711/1888/148
f 1700/1877/132 1303/1449/131 1302/1448/147
f 1664/1842/151 1695/1871/134 1665/1839/150
f 1670/1848/169 1677/1853/154 1667/1845/153
f 1716/1890/214 1674/1849/199 1714/1891/198
f 1674/1849/199 1671/1846/183 1714/1891/198
f 1715/1892/200 1674/1849/199 1716/1890/214
f 1673/1850/185 1674/1849/199 1715/1892/200
f 1632/1808/229 1716/1890/214 1639/1816/213
f 1716/1890/214 1714/1891/198 1639/1816/213
f 1629/1805/215 1716/1890/214 1632/1808/229
f 1715/1892/200 1716/1890/214 1629/1805/215
f 1630/1807/201 1715/1892/200 1629/1805/215
f 1717/1893/186 1715/1892/200 1630/1807/201
f 1717/1893/186 1673/1850/185 1715/1892/200
f 1595/1772/171 1673/1850/185 1717/1893/186
f 1601/1775/202 1597/1771/187 1717/1893/186
f 1597/1771/187 1595/1772/171 1717/1893/186
f 1601/1775/202 1717/1893/186 1630/1807/201
f 1639/1816/213 1714/1891/198 1642/1819/197
f 1714/1891/198 1718/1894/182 1642/1819/197
f 1714/1891/198 1671/1846/183 1718/1894/182
f 1718/1894/182 1659/1837/181 1661/1836/196
f 1663/1840/167 1659/1837/181 1718/1894/182
f 1671/1846/183 1663/1840/167 1718/1894/182
f 1718/1894/182 1661/1836/196 1642/1819/197
f 1641/1817/211 1661/1836/196 1649/1826/195
f 1642/1819/197 1661/1836/196 1641/1817/211
f 1654/1830/193 1657/1832/178 1300/1446/177
f 1654/1830/193 1299/1445/192 1298/1444/207
f 1654/1830/193 1300/1446/177 1299/1445/192
f 1720/1895/254 1652/1827/239 1719/1896/238
f 1652/1827/239 1651/1828/223 1719/1896/238
f 1646/1821/240 1652/1827/239 1720/1895/254
f 1644/1820/225 1652/1827/239 1646/1821/240
f 1720/1895/254 1721/1897/253 1724/1898/268
f 1720/1895/254 1719/1896/238 1721/1897/253
f 1725/1899/270 1722/1900/255 1720/1895/254
f 1646/1821/240 1720/1895/254 1722/1900/255
f 1725/1899/270 1720/1895/254 1723/1901/269
f 1720/1895/254 1724/1898/268 1723/1901/269
f 1725/1899/270 1723/1901/269 1728/1902/284
f 1729/1903/286 1726/1904/271 1725/1899/270
f 1726/1904/271 1722/1900/255 1725/1899/270
f 1729/1903/286 1725/1899/270 1727/1905/285
f 1725/1899/270 1728/1902/284 1727/1905/285
f 1731/1906/301 1729/1903/286 1727/1905/285
f 1730/1907/287 1729/1903/286 1731/1906/301
f 1732/1908/272 1729/1903/286 1730/1907/287
f 1732/1908/272 1726/1904/271 1729/1903/286
f 1734/1909/257 1726/1904/271 1732/1908/272
f 1735/1910/288 1733/1911/273 1732/1908/272
f 1733/1911/273 1734/1909/257 1732/1908/272
f 1735/1910/288 1732/1908/272 1730/1907/287
f 1737/1912/303 1735/1910/288 1730/1907/287
f 1738/1913/304 1736/1914/289 1735/1910/288
f 1736/1914/289 1733/1911/273 1735/1910/288
f 1738/1913/304 1735/1910/288 1737/1912/303
f 1738/1915/304 1737/1916/303 1744/1917/318
f 1741/1918/289 1737/1919/303 1738/1920/304
f 1740/1921/319 1738/1922/304 1737/1923/303
f 1741/1918/289 1738/1920/304 1739/1924/305
f 1743/1925/290 1738/1913/304 1739/1926/305
f 1738/1915/304 1745/1927/320 1739/1928/305
f 1739/1929/305 1738/1922/304 1740/1921/319
f 1743/1925/290 1736/1914/289 1738/1913/304
f 1738/1915/304 1742/1930/319 1745/1927/320
f 1738/1915/304 1744/1917/318 1742/1930/319
f 1742/1930/319 1746/1931/335 1745/1927/320
f 1739/1928/305 1745/1927/320 1507/1663/321
f 1745/1927/320 1504/1660/336 1507/1663/321
f 1745/1927/320 1746/1931/335 1504/1660/336
f 1742/1930/319 1747/1932/334 1746/1931/335
f 1747/1932/334 1748/1933/350 1746/1931/335
f 1746/1931/335 1501/1657/351 1504/1660/336
f 1746/1931/335 1748/1933/350 1501/1657/351
f 1747/1932/334 1749/1934/349 1748/1933/350
f 1749/1934/349 1750/1935/365 1748/1933/350
f 1748/1933/350 1498/1654/366 1501/1657/351
f 1748/1933/350 1750/1935/365 1498/1654/366
f 1749/1934/349 1751/1936/364 1750/1935/365
f 1751/1936/364 1752/1937/381 1750/1935/365
f 1750/1935/365 1495/1651/382 1498/1654/366
f 1750/1935/365 1752/1937/381 1495/1651/382
f 1751/1936/364 1485/1640/380 1752/1937/381
f 1485/1640/380 1484/1641/396 1752/1937/381
f 1752/1937/381 1492/1648/397 1495/1651/382
f 1752/1937/381 1484/1641/396 1492/1648/397
f 1751/1936/364 1753/1938/363 1754/1939/379
f 1749/1934/349 1753/1938/363 1751/1936/364
f 1751/1936/364 1754/1939/379 1485/1640/380
f 1754/1939/379 1755/1940/378 1756/1941/393
f 1753/1938/363 1755/1940/378 1754/1939/379
f 1485/1640/380 1754/1939/379 1482/1638/394
f 1754/1939/379 1756/1941/393 1482/1638/394
f 1757/1942/377 1479/1634/392 1756/1941/393
f 1479/1634/392 1478/1635/408 1756/1941/393
f 1482/1638/394 1756/1941/393 1478/1635/408
f 1757/1942/377 1756/1941/393 1755/1940/378
f 1757/1942/377 1758/1943/376 1761/1944/391
f 1760/1945/360 1758/1943/376 1757/1942/377
f 1759/1946/361 1757/1942/377 1755/1940/378
f 1760/1945/360 1757/1942/377 1759/1946/361
f 1757/1942/377 1761/1944/391 1479/1634/392
f 1763/1947/375 1762/1948/390 1761/1944/391
f 1762/1948/390 1475/1633/406 1761/1944/391
f 1479/1634/392 1761/1944/391 1475/1633/406
f 1763/1947/375 1761/1944/391 1758/1943/376
f 1763/1947/375 1764/1949/374 1766/1950/389
f 1765/1951/359 1764/1949/374 1763/1947/375
f 1765/1951/359 1763/1947/375 1758/1943/376
f 1763/1947/375 1766/1950/389 1762/1948/390
f 1324/1466/373 1325/1467/388 1766/1950/389
f 1325/1467/388 1767/1952/404 1766/1950/389
f 1766/1950/389 1476/1630/405 1762/1948/390
f 1324/1466/373 1766/1950/389 1764/1949/374
f 1766/1950/389 1767/1952/404 1476/1630/405
f 1767/1952/404 1326/1468/403 1327/1469/418
f 1325/1467/388 1326/1468/403 1767/1952/404
f 1476/1630/405 1767/1952/404 1768/1953/419
f 1767/1952/404 1327/1469/418 1768/1953/419
f 1327/1469/418 1769/1954/434 1768/1953/419
f 1474/1631/420 1768/1953/419 1769/1954/434
f 1476/1630/405 1768/1953/419 1474/1631/420
f 1769/1954/434 1328/1470/433 1329/1471/448
f 1327/1469/418 1328/1470/433 1769/1954/434
f 1770/1955/435 1769/1954/434 1771/1956/449
f 1474/1631/420 1769/1954/434 1770/1955/435
f 1769/1954/434 1329/1471/448 1771/1956/449
f 1329/1471/448 1342/1484/464 1771/1956/449
f 1345/1485/450 1771/1956/449 1342/1484/464
f 1770/1955/435 1771/1956/449 1345/1485/450
f 1474/1631/420 1770/1955/435 1471/1627/436
f 1770/1955/435 1346/1488/451 1471/1627/436
f 1770/1955/435 1345/1485/450 1346/1488/451
f 1765/1951/359 1772/1957/358 1764/1949/374
f 1773/1958/344 1772/1957/358 1765/1951/359
f 1773/1958/344 1765/1951/359 1760/1945/360
f 1765/1951/359 1758/1943/376 1760/1945/360
f 1773/1958/344 1774/1959/343 1772/1957/358
f 1777/1960/328 1774/1959/343 1773/1958/344
f 1773/1958/344 1760/1945/360 1775/1961/345
f 1778/1962/330 1773/1958/344 1775/1961/345
f 1778/1962/330 1776/1963/329 1773/1958/344
f 1777/1960/328 1773/1958/344 1776/1963/329
f 1781/1964/314 1776/1963/329 1778/1962/330
f 1779/1965/331 1778/1962/330 1775/1961/345
f 1782/1966/316 1778/1962/330 1779/1965/331
f 1782/1966/316 1780/1967/315 1778/1962/330
f 1781/1964/314 1778/1962/330 1780/1967/315
f 1731/1968/301 1780/1967/315 1782/1966/316
f 1731/1968/301 1782/1966/316 1783/1969/317
f 1782/1966/316 1784/1970/332 1783/1969/317
f 1782/1966/316 1779/1965/331 1784/1970/332
f 1779/1965/331 1786/1971/347 1784/1970/332
f 1785/1972/333 1784/1970/332 1786/1971/347
f 1744/1917/318 1784/1970/332 1785/1972/333
f 1744/1917/318 1783/1969/317 1784/1970/332
f 1779/1965/331 1787/1973/346 1786/1971/347
f 1787/1973/346 1789/1974/362 1786/1971/347
f 1788/1975/348 1786/1971/347 1789/1974/362
f 1785/1972/333 1786/1971/347 1788/1975/348
f 1787/1973/346 1759/1946/361 1789/1974/362
f 1759/1946/361 1755/1940/378 1789/1974/362
f 1753/1938/363 1789/1974/362 1755/1940/378
f 1788/1975/348 1789/1974/362 1753/1938/363
f 1749/1934/349 1788/1975/348 1753/1938/363
f 1747/1932/334 1788/1975/348 1749/1934/349
f 1747/1932/334 1785/1972/333 1788/1975/348
f 1787/1973/346 1775/1961/345 1760/1945/360
f 1779/1965/331 1775/1961/345 1787/1973/346
f 1787/1973/346 1760/1945/360 1759/1946/361
f 1742/1930/319 1785/1972/333 1747/1932/334
f 1742/1930/319 1744/1917/318 1785/1972/333
f 1737/1916/303 1783/1969/317 1744/1917/318
f 1737/1916/303 1073/1976/302 1783/1969/317
f 1731/1968/301 1783/1969/317 1073/1976/302
f 1790/1977/313 1776/1963/329 1781/1964/314
f 1791/1978/299 1790/1977/313 1781/1964/314
f 1791/1978/299 1781/1964/314 1780/1967/315
f 1791/1978/299 1792/1979/298 1790/1977/313
f 1791/1980/299 1796/1981/283 1792/1982/298
f 1795/1983/284 1792/1984/298 1791/1985/299
f 1794/1986/314 1791/1987/299 1792/1988/298
f 1795/1983/284 1791/1985/299 1793/1989/300
f 1727/1905/285 1791/1980/299 1793/1990/300
f 1791/1978/299 1780/1967/315 1793/1991/300
f 1793/1992/300 1791/1987/299 1794/1986/314
f 1727/1905/285 1728/1902/284 1791/1980/299
f 1791/1980/299 1728/1902/284 1796/1981/283
f 1792/1982/298 1796/1981/283 1293/1437/282
f 1796/1981/283 1294/1440/267 1293/1437/282
f 1723/1901/269 1796/1981/283 1728/1902/284
f 1723/1901/269 1724/1898/268 1796/1981/283
f 1796/1981/283 1724/1898/268 1294/1440/267
f 1795/1983/284 1797/1993/283 1792/1984/298
f 1799/1994/269 1797/1993/283 1795/1983/284
f 1799/1994/269 1795/1983/284 1798/1995/285
f 1795/1983/284 1793/1989/300 1798/1995/285
f 1799/1994/269 1800/1996/268 1797/1993/283
f 1061/1178/254 1800/1996/268 1799/1994/269
f 1061/1178/254 1799/1994/269 1065/1182/270
f 1799/1994/269 1798/1995/285 1065/1182/270
f 1318/1462/267 1797/1993/283 1800/1996/268
f 1801/1997/253 1318/1462/267 1800/1996/268
f 1061/1178/254 1801/1997/253 1800/1996/268
f 1801/1997/253 1317/1461/548 1318/1462/267
f 1058/1176/238 1317/1461/548 1801/1997/253
f 1058/1176/238 1801/1997/253 1061/1178/254
f 1065/1182/270 1798/1995/285 1069/1186/286
f 1798/1995/285 1731/1998/301 1069/1186/286
f 1798/1995/285 1793/1989/300 1731/1998/301
f 1318/1462/267 1319/1438/282 1797/1993/283
f 1319/1438/282 1792/1984/298 1797/1993/283
f 1804/1999/329 1794/1986/314 1802/2000/313
f 1794/1986/314 1792/1988/298 1802/2000/313
f 1803/2001/315 1794/1986/314 1804/1999/329
f 1793/1992/300 1794/1986/314 1803/2001/315
f 1218/1350/344 1804/1999/329 1805/2002/328
f 1804/1999/329 1802/2000/313 1805/2002/328
f 1215/1347/330 1804/1999/329 1218/1350/344
f 1803/2001/315 1804/1999/329 1215/1347/330
f 1278/1411/343 1805/2002/328 1280/1412/327
f 1802/2000/313 1280/1412/327 1805/2002/328
f 1218/1350/344 1805/2002/328 1278/1411/343
f 1213/1344/316 1803/2001/315 1215/1347/330
f 1731/2003/301 1803/2001/315 1213/1344/316
f 1731/2003/301 1793/1992/300 1803/2001/315
f 1802/2000/313 1291/1432/312 1280/1412/327
f 1792/1988/298 1291/1432/312 1802/2000/313
f 1731/1968/301 1793/1991/300 1780/1967/315
f 1731/1906/301 1727/1905/285 1793/1990/300
f 1792/1979/298 1292/1434/297 1320/1435/312
f 1792/1982/298 1293/1437/282 1292/1436/297
f 1792/1988/298 1292/1433/297 1291/1432/312
f 1319/1438/282 1292/1439/297 1792/1984/298
f 1792/1979/298 1320/1435/312 1790/1977/313
f 1790/1977/313 1320/1435/312 1321/1463/327
f 1790/1977/313 1777/1960/328 1776/1963/329
f 1790/1977/313 1321/1463/327 1777/1960/328
f 1321/1463/327 1774/1959/343 1777/1960/328
f 1321/1463/327 1322/1464/342 1774/1959/343
f 1322/1464/342 1772/1957/358 1774/1959/343
f 1772/1957/358 1323/1465/357 1324/1466/373
f 1322/1464/342 1323/1465/357 1772/1957/358
f 1772/1957/358 1324/1466/373 1764/1949/374
f 1762/1948/390 1476/1630/405 1475/1633/406
f 1806/2004/275 1736/1914/289 1743/1925/290
f 1513/1668/291 1743/1925/290 1739/1926/305
f 1807/2005/276 1743/1925/290 1513/1668/291
f 1807/2005/276 1806/2004/275 1743/1925/290
f 1809/2006/261 1806/2004/275 1807/2005/276
f 1511/1679/292 1808/2007/277 1807/2005/276
f 1808/2007/277 1809/2006/261 1807/2005/276
f 1511/1679/292 1807/2005/276 1513/1668/291
f 1809/2006/261 1810/2008/260 1806/2004/275
f 1812/2009/246 1810/2008/260 1809/2006/261
f 1808/2007/277 1811/2010/262 1809/2006/261
f 1811/2010/262 1812/2009/246 1809/2006/261
f 1812/2009/246 1633/1810/245 1810/2008/260
f 1626/1803/231 1633/1810/245 1812/2009/246
f 1811/2010/262 1627/1802/247 1812/2009/246
f 1627/1802/247 1626/1803/231 1812/2009/246
f 1813/2011/263 1811/2010/262 1808/2007/277
f 1814/2012/248 1811/2010/262 1813/2011/263
f 1814/2012/248 1627/1802/247 1811/2010/262
f 1621/1798/233 1627/1802/247 1814/2012/248
f 1622/1797/249 1814/2012/248 1813/2011/263
f 1622/1797/249 1621/1798/233 1814/2012/248
f 1815/2013/264 1813/2011/263 1816/2014/278
f 1622/1797/249 1813/2011/263 1815/2013/264
f 1813/2011/263 1808/2007/277 1816/2014/278
f 1816/2014/278 1808/2007/277 1511/1679/292
f 1818/2015/294 1817/2016/279 1816/2014/278
f 1815/2013/264 1816/2014/278 1817/2016/279
f 1818/2015/294 1816/2014/278 1514/1674/293
f 1816/2014/278 1511/1679/292 1514/1674/293
f 1521/1687/309 1818/2015/294 1514/1674/293
f 1523/1686/295 1818/2015/294 1521/1687/309
f 1523/1686/295 1817/2016/279 1818/2015/294
f 1523/1686/295 1819/2017/280 1817/2016/279
f 1819/2017/280 1815/2013/264 1817/2016/279
f 1418/1578/281 1819/2017/280 1523/1686/295
f 1418/1578/281 1820/2018/265 1819/2017/280
f 1819/2017/280 1820/2018/265 1815/2013/264
f 1821/2019/250 1815/2013/264 1820/2018/265
f 1418/1578/281 1419/1554/549 1820/2018/265
f 1419/1554/549 1821/2019/250 1820/2018/265
f 1821/2019/250 1622/1797/249 1815/2013/264
f 1619/1796/235 1622/1797/249 1821/2019/250
f 1419/1554/549 1401/1553/251 1821/2019/250
f 1420/1552/236 1821/2019/250 1401/1553/251
f 1420/1552/236 1619/1796/235 1821/2019/250
f 1810/2008/260 1636/1811/259 1822/2020/274
f 1633/1810/245 1636/1811/259 1810/2008/260
f 1810/2008/260 1822/2020/274 1806/2004/275
f 1736/1914/289 1822/2020/274 1733/1911/273
f 1822/2020/274 1823/2021/258 1733/1911/273
f 1806/2004/275 1822/2020/274 1736/1914/289
f 1822/2020/274 1636/1811/259 1823/2021/258
f 1733/1911/273 1823/2021/258 1734/1909/257
f 1823/2021/258 1824/2022/242 1734/1909/257
f 1636/1811/259 1635/1812/243 1823/2021/258
f 1823/2021/258 1635/1812/243 1824/2022/242
f 1824/2022/242 1645/1823/241 1825/2023/256
f 1638/1814/227 1645/1823/241 1824/2022/242
f 1635/1812/243 1638/1814/227 1824/2022/242
f 1824/2022/242 1825/2023/256 1734/1909/257
f 1726/1904/271 1825/2023/256 1722/1900/255
f 1825/2023/256 1646/1821/240 1722/1900/255
f 1734/1909/257 1825/2023/256 1726/1904/271
f 1825/2023/256 1645/1823/241 1646/1821/240
f 1741/1918/289 1072/1191/288 1737/1919/303
f 1075/1193/274 1072/1191/288 1741/1918/289
f 1075/1193/274 1741/1918/289 1082/1199/290
f 1741/1918/289 1739/1924/305 1082/1199/290
f 1203/1334/334 1740/1921/319 1210/1343/318
f 1740/1921/319 1737/1923/303 1210/1343/318
f 1201/1331/320 1740/1921/319 1203/1334/334
f 1739/1929/305 1740/1921/319 1201/1331/320
f 1082/1199/290 1739/1924/305 1085/1202/306
f 1513/1668/291 1739/1926/305 1085/1669/306
f 1739/1928/305 1507/1663/321 1085/1666/306
f 1085/1333/306 1739/1929/305 1201/1331/320
f 1737/1912/303 1730/1907/287 1073/2024/302
f 1072/1191/288 1073/1190/302 1737/1919/303
f 1210/1343/318 1737/1923/303 1073/1346/302
f 1069/1186/286 1731/1998/301 1073/1190/302
f 1730/1907/287 1731/1906/301 1073/2024/302
f 1073/1346/302 1731/2003/301 1213/1344/316
f 1721/1897/253 1294/1440/267 1724/1898/268
f 1721/1897/253 1295/1441/548 1294/1440/267
f 1719/1896/238 1295/1441/548 1721/1897/253
f 1719/1896/238 1296/1442/237 1295/1441/548
f 1719/1896/238 1297/1443/222 1296/1442/237
f 1719/1896/238 1651/1828/223 1297/1443/222
f 1624/1800/217 1601/1775/202 1630/1807/201
f 1600/1778/203 1601/1775/202 1624/1800/217
f 1421/1579/221 1619/1796/235 1420/1552/236
f 1421/1579/221 1422/1580/206 1603/1781/205
f 1423/1581/191 1603/1781/205 1422/1580/206
f 1155/1287/542 1156/1288/79 1578/1755/80
f 1561/1740/70 1155/1287/542 1578/1755/80
f 1382/1525/520 1562/1741/534 1387/1528/535
f 1382/1525/520 1383/1523/519 1562/1741/534
f 1557/1726/534 1159/1290/533 1561/1738/70
f 1159/1290/533 1155/1284/542 1561/1738/70
f 1155/1286/542 1128/1247/81 1561/1739/70
f 1561/1739/70 1128/1247/81 1129/1248/82
f 1557/1726/534 1162/1293/518 1159/1290/533
f 1393/1532/536 1826/2025/521 1556/1728/520
f 1826/2025/521 1553/1724/505 1556/1728/520
f 1402/1557/522 1826/2025/521 1393/1532/536
f 1402/1557/522 1827/2026/506 1826/2025/521
f 1826/2025/521 1827/2026/506 1553/1724/505
f 1550/1721/491 1553/1724/505 1827/2026/506
f 1402/1557/522 1403/1558/507 1827/2026/506
f 1403/1558/507 1550/1721/491 1827/2026/506
f 1552/1722/489 1168/1299/488 1165/1296/503
f 1548/1717/474 1168/1299/488 1552/1722/489
f 1403/1558/507 1404/1559/492 1550/1721/491
f 1405/1560/477 1550/1721/491 1404/1559/492
f 1548/1717/474 1171/1302/473 1168/1299/488
f 1546/1716/459 1171/1302/473 1548/1717/474
f 1546/1716/459 1174/1305/458 1171/1302/473
f 1546/1716/459 1177/1308/443 1174/1305/458
f 1542/1711/445 1828/2027/444 1546/1716/459
f 1546/1716/459 1828/2027/444 1177/1308/443
f 1828/2027/444 1180/1311/428 1177/1308/443
f 1542/1711/445 1541/1712/429 1828/2027/444
f 1828/2027/444 1541/1712/429 1180/1311/428
f 1405/1560/477 1406/1561/462 1544/1715/461
f 1407/1562/447 1544/1715/461 1406/1561/462
f 1829/2028/414 1180/1311/428 1541/1712/429
f 1537/1706/415 1829/2028/414 1541/1712/429
f 1829/2028/414 1183/1314/413 1180/1311/428
f 1829/2028/414 1186/1317/398 1183/1314/413
f 1537/1706/415 1536/1707/399 1829/2028/414
f 1829/2028/414 1536/1707/399 1186/1317/398
f 1407/1562/447 1408/1563/432 1539/1710/431
f 1409/1564/417 1539/1710/431 1408/1563/432
f 1830/2029/384 1186/1317/398 1536/1707/399
f 1533/1703/385 1830/2029/384 1536/1707/399
f 1830/2029/384 1189/1320/383 1186/1317/398
f 1831/2030/368 1189/1320/383 1830/2029/384
f 1530/1699/369 1830/2029/384 1533/1703/385
f 1530/1699/369 1831/2030/368 1830/2029/384
f 1831/2030/368 1192/1323/367 1189/1320/383
f 1195/1326/353 1192/1323/367 1831/2030/368
f 1530/1699/369 1195/1326/353 1831/2030/368
f 1409/1564/417 1410/1565/402 1534/1705/401
f 1411/1566/553 1534/1705/401 1410/1565/402
f 1414/1569/341 1529/1701/355 1413/1568/356
f 1414/1569/341 1527/1698/340 1529/1701/355
f 1414/1569/341 1522/1695/325 1527/1698/340
f 1524/1690/325 1832/2031/324 1834/2032/339
f 1521/1689/309 1832/2031/324 1524/1690/325
f 1524/1690/325 1441/1599/341 1440/1573/326
f 1524/1690/325 1833/2033/340 1441/1599/341
f 1524/1690/325 1834/2032/339 1833/2033/340
f 1505/1662/338 1835/2034/354 1834/2032/339
f 1832/2031/324 1505/1662/338 1834/2032/339
f 1833/2033/340 1834/2032/339 1835/2034/354
f 1505/1662/338 1502/1659/353 1835/2034/354
f 1502/1659/353 1837/2035/369 1835/2034/354
f 1835/2034/354 1838/2036/370 1836/2037/355
f 1833/2033/340 1835/2034/354 1836/2037/355
f 1835/2034/354 1837/2035/369 1838/2036/370
f 1837/2035/369 1839/2038/386 1838/2036/370
f 1838/2036/370 1443/1589/553 1430/1588/371
f 1442/1590/356 1838/2036/370 1430/1588/371
f 1442/1590/356 1836/2037/355 1838/2036/370
f 1838/2036/370 1839/2038/386 1443/1589/553
f 1837/2035/369 1840/2039/385 1839/2038/386
f 1840/2039/385 1841/2040/401 1839/2038/386
f 1839/2038/386 1444/1600/402 1443/1589/553
f 1839/2038/386 1841/2040/401 1444/1600/402
f 1841/2040/401 1842/2041/400 1456/1613/415
f 1840/2039/385 1842/2041/400 1841/2040/401
f 1444/1600/402 1841/2040/401 1843/2042/416
f 1841/2040/401 1456/1613/415 1843/2042/416
f 1456/1613/415 1453/1610/431 1843/2042/416
f 1843/2042/416 1446/1602/432 1445/1601/417
f 1444/1600/402 1843/2042/416 1445/1601/417
f 1843/2042/416 1453/1610/431 1446/1602/432
f 1842/2041/400 1493/1650/399 1490/1647/414
f 1840/2039/385 1493/1650/399 1842/2041/400
f 1842/2041/400 1490/1647/414 1456/1613/415
f 1840/2039/385 1496/1653/384 1493/1650/399
f 1837/2035/369 1496/1653/384 1840/2039/385
f 1837/2035/369 1499/1656/368 1496/1653/384
f 1502/1659/353 1499/1656/368 1837/2035/369
f 1441/1599/341 1836/2037/355 1442/1590/356
f 1441/1599/341 1833/2033/340 1836/2037/355
f 1832/2031/324 1508/1665/323 1505/1662/338
f 1521/1689/309 1508/1665/323 1832/2031/324
f 1418/1578/281 1523/1686/295 1417/1574/296
f 1414/1569/341 1415/1570/326 1522/1695/325
f 1521/1689/309 1510/1678/308 1508/1665/323
f 1521/1687/309 1514/1674/293 1510/1675/308
f 1516/1680/294 1510/1677/308 1521/1685/309
f 1844/2043/265 1518/1682/280 1438/1598/281
f 1091/1210/264 1518/1682/280 1844/2043/265
f 1095/1214/250 1091/1210/264 1844/2043/265
f 1095/1214/250 1844/2043/265 1437/1597/549
f 1844/2043/265 1438/1598/281 1437/1597/549
f 1198/1329/338 1512/1672/323 1199/1330/322
f 1484/1641/396 1487/1643/412 1492/1648/397
f 1456/1613/415 1490/1647/414 1455/1611/429
f 1452/1609/445 1375/1516/460 1450/1607/461
f 1452/1609/445 1376/1515/459 1375/1516/460
f 1375/1516/460 1374/1517/476 1450/1607/461
f 1450/1607/461 1374/1517/476 1380/1522/477
f 1095/1214/250 1437/1597/549 1436/1596/251
f 1099/1218/551 1095/1214/250 1436/1596/251
f 1100/1219/220 1099/1218/551 1435/1595/221
f 1105/1224/206 1100/1219/220 1435/1595/221
f 1106/1225/190 1105/1224/206 1434/1594/191
f 1111/1230/176 1106/1225/190 1434/1594/191
f 1112/1231/160 1111/1230/176 1433/1593/161
f 1118/1237/145 1112/1231/160 1433/1593/161
f 1119/1238/129 1118/1237/145 1432/1592/130
f 1431/1591/115 1119/1238/129 1432/1592/130
f 1429/1587/100 1397/1541/85 1392/1548/84
f 1402/1557/522 1393/1532/536 1395/1543/537
f 1369/1509/458 1368/1510/474 1376/1515/459
f 1348/1489/482 1013/1124/497 1354/1494/498
f 1013/1124/497 1012/1125/513 1354/1494/498
f 1351/1491/452 1346/1488/451 1344/1487/466
f 1348/1489/482 1339/1482/496 1013/1124/497
f 1329/1471/448 1330/1472/552 1342/1484/464
f 1013/1124/497 1339/1482/496 1009/1123/511
f 1337/1478/494 1332/1474/493 1333/1475/508
f 1331/1473/478 1332/1474/493 1337/1478/494
f 1058/1176/238 1316/1460/237 1317/1461/548
f 1057/1175/550 1316/1460/237 1058/1176/238
f 1052/1170/208 1315/1459/207 1057/1175/550
f 1051/1169/192 1315/1459/207 1052/1170/208
f 1046/1164/178 1314/1458/177 1051/1169/192
f 1045/1163/162 1314/1458/177 1046/1164/178
f 1313/1454/131 1042/1160/148 1036/1153/132
f 1034/1152/117 1313/1454/131 1036/1153/132
f 1034/1152/117 1312/1457/116 1313/1454/131
f 1313/1454/131 1308/1453/147 1042/1160/148
f 1311/1456/101 1312/1457/116 1034/1152/117
f 1310/1455/86 1311/1456/101 1845/2044/102
f 1311/1456/101 1034/1152/117 1845/2044/102
f 1031/1149/103 1845/2044/102 1034/1152/117
f 1846/2045/87 1845/2044/102 1031/1149/103
f 1310/1455/86 1845/2044/102 1846/2045/87
f 1006/1106/72 1310/1455/86 1846/2045/87
f 1006/1106/72 1846/2045/87 1847/2046/88
f 1846/2045/87 1031/1149/103 1847/2046/88
f 1025/1143/89 1847/2046/88 1031/1149/103
f 1002/1115/73 1847/2046/88 1025/1143/89
f 1006/1106/72 1847/2046/88 1002/1115/73
f 1006/1106/72 1309/1426/71 1310/1455/86
f 999/1105/539 1309/1426/71 1006/1106/72
f 999/1105/539 1283/1424/538 1309/1426/71
f 1042/1160/148 1308/1453/147 1045/1163/162
f 999/1113/539 1283/1422/538 1307/1421/71
f 1271/1403/389 1290/1431/388 1270/1402/403
f 1271/1403/389 1275/1407/373 1290/1431/388
f 1267/1399/419 1289/1430/418 1266/1398/433
f 1267/1399/419 1270/1402/403 1289/1430/418
f 1848/2047/479 1264/1395/464 1288/1415/463
f 1262/1394/449 1288/1415/463 1264/1395/464
f 1848/2047/479 1288/1415/463 1287/1429/478
f 1262/1394/449 1282/1414/448 1288/1415/463
f 1848/2047/479 1287/1429/478 1286/1428/493
f 1850/2048/495 1260/1391/480 1848/2047/479
f 1260/1391/480 1264/1395/464 1848/2047/479
f 1848/2047/479 1286/1428/493 1849/2049/494
f 1850/2048/495 1848/2047/479 1849/2049/494
f 1850/2048/495 1849/2049/494 1853/2050/509
f 1854/2051/511 1851/2052/496 1850/2048/495
f 1851/2052/496 1260/1391/480 1850/2048/495
f 1854/2051/511 1850/2048/495 1852/2053/510
f 1850/2048/495 1853/2050/509 1852/2053/510
f 1854/2051/511 1852/2053/510 998/1101/525
f 1855/2054/512 1854/2051/511 1022/1133/526
f 1855/2054/512 1851/2052/496 1854/2051/511
f 1854/2051/511 998/1101/525 1022/1133/526
f 1856/2055/513 1855/2054/512 1019/1132/527
f 1857/2056/498 1855/2054/512 1856/2055/513
f 1855/2054/512 1022/1133/526 1019/1132/527
f 1855/2054/512 1256/1387/497 1851/2052/496
f 1857/2056/498 1256/1387/497 1855/2054/512
f 1249/1382/483 1256/1387/497 1857/2056/498
f 1858/2057/514 1250/1381/499 1857/2056/498
f 1250/1381/499 1249/1382/483 1857/2056/498
f 1858/2057/514 1857/2056/498 1856/2055/513
f 1145/1272/529 1858/2057/514 1856/2055/513
f 1859/2058/515 1858/2057/514 1145/1272/529
f 1860/2059/500 1858/2057/514 1859/2058/515
f 1860/2059/500 1250/1381/499 1858/2057/514
f 1247/1380/485 1250/1381/499 1860/2059/500
f 1161/1291/516 1164/1294/501 1860/2059/500
f 1164/1294/501 1247/1380/485 1860/2059/500
f 1161/1291/516 1860/2059/500 1859/2058/515
f 1154/1282/531 1161/1291/516 1859/2058/515
f 1859/2058/515 1145/1272/529 1148/1265/530
f 1154/1282/531 1859/2058/515 1148/1265/530
f 1145/1272/529 1856/2055/513 1147/1273/528
f 1856/2055/513 1019/1132/527 1147/1273/528
f 1004/1102/524 1853/2050/509 1285/1427/508
f 1849/2049/494 1285/1427/508 1853/2050/509
f 1852/2053/510 1853/2050/509 1004/1102/524
f 1852/2053/510 1004/1102/524 998/1101/525
f 1256/1387/497 1255/1388/481 1851/2052/496
f 1851/2052/496 1255/1388/481 1260/1391/480
f 1849/2049/494 1286/1428/493 1285/1427/508
f 1004/1102/524 1285/1427/508 1284/1420/523
f 999/1107/539 1004/1102/524 1284/1420/523
f 999/1107/539 1284/1420/523 1283/1419/538
f 1262/1394/449 1266/1398/433 1282/1414/448
f 1227/1359/391 1224/1357/376 1273/1406/375
f 1224/1357/376 1220/1351/359 1273/1406/375
f 1260/1391/480 1258/1390/465 1264/1395/464
f 1259/1393/451 1236/1366/436 1263/1397/435
f 1232/1363/421 1263/1397/435 1236/1366/436
f 1252/1384/467 1861/2060/452 1259/1393/451
f 1235/1368/437 1259/1393/451 1861/2060/452
f 1235/1368/437 1236/1366/436 1259/1393/451
f 1253/1386/453 1861/2060/452 1252/1384/467
f 1862/2061/438 1861/2060/452 1253/1386/453
f 1862/2061/438 1235/1368/437 1861/2060/452
f 1234/1367/423 1235/1368/437 1862/2061/438
f 1244/1377/454 1241/1372/439 1862/2061/438
f 1241/1372/439 1234/1367/423 1862/2061/438
f 1244/1377/454 1862/2061/438 1253/1386/453
f 1246/1378/469 1244/1377/454 1253/1386/453
f 1164/1294/501 1167/1297/486 1247/1380/485
f 1182/1312/411 1240/1374/425 1179/1309/426
f 1182/1312/411 1863/2062/410 1240/1374/425
f 1240/1374/425 1863/2062/410 1238/1371/409
f 1863/2062/410 1865/2063/394 1238/1371/409
f 1185/1315/396 1863/2062/410 1182/1312/411
f 1185/1315/396 1864/2064/395 1863/2062/410
f 1863/2062/410 1864/2064/395 1865/2063/394
f 1238/1371/409 1865/2063/394 1228/1361/393
f 1865/2063/394 1225/1358/378 1228/1361/393
f 1864/2064/395 1866/2065/379 1865/2063/394
f 1865/2063/394 1866/2065/379 1225/1358/378
f 1866/2065/379 1222/1355/362 1225/1358/378
f 1864/2064/395 1867/2066/380 1866/2065/379
f 1867/2066/380 1868/2067/363 1866/2065/379
f 1866/2065/379 1868/2067/363 1222/1355/362
f 1868/2067/363 1211/1341/347 1222/1355/362
f 1867/2066/380 1207/1337/364 1868/2067/363
f 1207/1337/364 1206/1338/348 1868/2067/363
f 1868/2067/363 1206/1338/348 1211/1341/347
f 1188/1318/381 1867/2066/380 1864/2064/395
f 1191/1321/365 1867/2066/380 1188/1318/381
f 1191/1321/365 1207/1337/364 1867/2066/380
f 1188/1318/381 1864/2064/395 1185/1315/396
f 1224/1357/376 1219/1353/360 1220/1351/359
f 1222/1355/362 1211/1341/347 1216/1349/346
f 1204/1336/350 1207/1337/364 1191/1321/365
f 1193/1322/351 1204/1336/350 1191/1321/365
f 1197/1327/336 1204/1336/350 1193/1322/351
f 1152/1275/515 1017/1130/514 1015/1128/529
f 1016/1134/541 1147/1273/528 1019/1132/527
f 1146/1274/77 1016/1142/541 1023/1141/76
f 1135/1254/79 1142/1261/78 1134/1252/93
f 1021/1140/75 1027/1146/91 1141/1259/76
f 1016/1139/541 1021/1140/75 1141/1259/76
f 1137/1256/107 1869/2068/122 1138/1257/123
f 1869/2068/122 1871/2069/138 1138/1257/123
f 1870/2070/124 1138/1257/123 1871/2069/138
f 1131/1250/109 1138/1257/123 1870/2070/124
f 1871/2069/138 1872/2071/137 1875/2072/153
f 1869/2068/122 1872/2071/137 1871/2069/138
f 1871/2069/138 1876/2073/155 1873/2074/139
f 1870/2070/124 1871/2069/138 1873/2074/139
f 1871/2069/138 1874/2075/154 1876/2073/155
f 1871/2069/138 1875/2072/153 1874/2075/154
f 1874/2075/154 1878/2076/170 1876/2073/155
f 1873/2074/139 1876/2073/155 1877/2077/156
f 1876/2073/155 1879/2078/171 1877/2077/156
f 1876/2073/155 1878/2076/170 1879/2078/171
f 1878/2076/170 1881/2079/186 1879/2078/171
f 1880/2080/172 1879/2078/171 1881/2079/186
f 1882/2081/157 1879/2078/171 1880/2080/172
f 1882/2081/157 1877/2077/156 1879/2078/171
f 1883/2082/141 1877/2077/156 1882/2081/157
f 1114/1233/158 1882/2081/157 1880/2080/172
f 1883/2082/141 1882/2081/157 1114/1233/158
f 1883/2082/141 1884/2083/140 1877/2077/156
f 1885/2084/126 1884/2083/140 1883/2082/141
f 1885/2084/126 1883/2082/141 1116/1232/142
f 1883/2082/141 1114/1233/158 1116/1232/142
f 1885/2084/126 1132/1251/125 1884/2083/140
f 1124/1243/111 1132/1251/125 1885/2084/126
f 1124/1243/111 1885/2084/126 1121/1239/127
f 1885/2084/126 1116/1232/142 1121/1239/127
f 1870/2070/124 1873/2074/139 1884/2083/140
f 1873/2074/139 1877/2077/156 1884/2083/140
f 1870/2070/124 1884/2083/140 1132/1251/125
f 1878/2076/170 1886/2085/185 1881/2079/186
f 1886/2085/185 1888/2086/201 1881/2079/186
f 1887/2087/187 1881/2079/186 1888/2086/201
f 1880/2080/172 1881/2079/186 1887/2087/187
f 1886/2085/185 1889/2088/200 1888/2086/201
f 1889/2088/200 1891/2089/216 1888/2086/201
f 1890/2090/202 1888/2086/201 1891/2089/216
f 1887/2087/187 1888/2086/201 1890/2090/202
f 1889/2088/200 1892/2091/215 1891/2089/216
f 1892/2091/215 1894/2092/231 1891/2089/216
f 1893/2093/217 1891/2089/216 1894/2092/231
f 1890/2090/202 1891/2089/216 1893/2093/217
f 1892/2091/215 1895/2094/230 1894/2092/231
f 1895/2094/230 1897/2095/246 1894/2092/231
f 1896/2096/232 1894/2092/231 1897/2095/246
f 1893/2093/217 1894/2092/231 1896/2096/232
f 1895/2094/230 1898/2097/245 1897/2095/246
f 1898/2097/245 1089/1205/261 1897/2095/246
f 1897/2095/246 1088/1208/262 1093/1209/247
f 1896/2096/232 1897/2095/246 1093/1209/247
f 1897/2095/246 1089/1205/261 1088/1208/262
f 1899/2098/229 1079/1196/244 1898/2097/245
f 1079/1196/244 1078/1197/260 1898/2097/245
f 1899/2098/229 1898/2097/245 1895/2094/230
f 1898/2097/245 1078/1197/260 1089/1205/261
f 1899/2098/229 1900/2099/228 1902/2100/243
f 1901/2101/214 1900/2099/228 1899/2098/229
f 1901/2101/214 1899/2098/229 1895/2094/230
f 1899/2098/229 1902/2100/243 1079/1196/244
f 1902/2100/243 1903/2102/242 1070/1189/257
f 1900/2099/228 1903/2102/242 1902/2100/243
f 1079/1196/244 1902/2100/243 1076/1195/258
f 1902/2100/243 1070/1189/257 1076/1195/258
f 1903/2102/242 1066/1185/241 1064/1184/256
f 1905/2103/226 1066/1185/241 1903/2102/242
f 1900/2099/228 1904/2104/227 1903/2102/242
f 1905/2103/226 1903/2102/242 1904/2104/227
f 1903/2102/242 1064/1184/256 1070/1189/257
f 1905/2103/226 1062/1181/225 1060/1180/240
f 1906/2105/211 1062/1181/225 1905/2103/226
f 1906/2105/211 1905/2103/226 1904/2104/227
f 1905/2103/226 1060/1180/240 1066/1185/241
f 1906/2105/211 1054/1173/210 1062/1181/225
f 1909/2106/195 1054/1173/210 1906/2105/211
f 1908/2107/196 1906/2105/211 1907/2108/212
f 1906/2105/211 1904/2104/227 1907/2108/212
f 1909/2106/195 1906/2105/211 1908/2107/196
f 1049/1168/194 1054/1173/210 1909/2106/195
f 1048/1167/180 1049/1168/194 1909/2106/195
f 1910/2109/181 1909/2106/195 1908/2107/196
f 1910/2109/181 1048/1167/180 1909/2106/195
f 1913/2110/165 1048/1167/180 1910/2109/181
f 1912/2111/166 1910/2109/181 1911/2112/182
f 1910/2109/181 1914/2113/197 1911/2112/182
f 1913/2110/165 1910/2109/181 1912/2111/166
f 1910/2109/181 1908/2107/196 1914/2113/197
f 1908/2107/196 1907/2108/212 1914/2113/197
f 1915/2114/198 1914/2113/197 1907/2108/212
f 1916/2115/183 1914/2113/197 1915/2114/198
f 1916/2115/183 1911/2112/182 1914/2113/197
f 1918/2116/168 1911/2112/182 1916/2115/183
f 1917/2117/184 1916/2115/183 1915/2114/198
f 1919/2118/169 1916/2115/183 1917/2117/184
f 1919/2118/169 1918/2116/168 1916/2115/183
f 1874/2075/154 1918/2116/168 1919/2118/169
f 1874/2075/154 1919/2118/169 1878/2076/170
f 1919/2118/169 1886/2085/185 1878/2076/170
f 1919/2118/169 1917/2117/184 1886/2085/185
f 1918/2116/168 1920/2119/167 1911/2112/182
f 1875/2072/153 1920/2119/167 1918/2116/168
f 1874/2075/154 1875/2072/153 1918/2116/168
f 1922/2120/151 1912/2111/166 1920/2119/167
f 1912/2111/166 1911/2112/182 1920/2119/167
f 1875/2072/153 1921/2121/152 1920/2119/167
f 1922/2120/151 1920/2119/167 1921/2121/152
f 1039/1158/150 1912/2111/166 1922/2120/151
f 1038/1157/135 1039/1158/150 1922/2120/151
f 1038/1157/135 1922/2120/151 1921/2121/152
f 1872/2071/137 1921/2121/152 1875/2072/153
f 1872/2071/137 1923/2122/136 1921/2121/152
f 1038/1157/135 1921/2121/152 1923/2122/136
f 1040/1159/120 1038/1157/135 1923/2122/136
f 1869/2068/122 1923/2122/136 1872/2071/137
f 1869/2068/122 1924/2123/121 1923/2122/136
f 1040/1159/120 1923/2122/136 1924/2123/121
f 1028/1148/105 1040/1159/120 1924/2123/121
f 1137/1256/107 1924/2123/121 1869/2068/122
f 1137/1256/107 1029/1147/106 1924/2123/121
f 1028/1148/105 1924/2123/121 1029/1147/106
f 1917/2117/184 1889/2088/200 1886/2085/185
f 1917/2117/184 1925/2124/199 1889/2088/200
f 1917/2117/184 1915/2114/198 1925/2124/199
f 1925/2124/199 1915/2114/198 1926/2125/213
f 1925/2124/199 1892/2091/215 1889/2088/200
f 1925/2124/199 1901/2101/214 1892/2091/215
f 1925/2124/199 1926/2125/213 1901/2101/214
f 1926/2125/213 1907/2108/212 1904/2104/227
f 1915/2114/198 1907/2108/212 1926/2125/213
f 1901/2101/214 1926/2125/213 1900/2099/228
f 1926/2125/213 1904/2104/227 1900/2099/228
f 1043/1162/164 1048/1167/180 1913/2110/165
f 1039/1158/150 1043/1162/164 1913/2110/165
f 1039/1158/150 1913/2110/165 1912/2111/166
f 1901/2101/214 1895/2094/230 1892/2091/215
f 1893/2093/217 1896/2096/232 1097/1213/233
f 1896/2096/232 1092/1212/248 1097/1213/233
f 1896/2096/232 1093/1209/247 1092/1212/248
f 1893/2093/217 1097/1213/233 1102/1220/218
f 1927/2126/203 1893/2093/217 1102/1220/218
f 1927/2126/203 1890/2090/202 1893/2093/217
f 1887/2087/187 1890/2090/202 1927/2126/203
f 1103/1221/204 1927/2126/203 1102/1220/218
f 1108/1226/188 1927/2126/203 1103/1221/204
f 1887/2087/187 1927/2126/203 1108/1226/188
f 1928/2127/173 1887/2087/187 1108/1226/188
f 1928/2127/173 1880/2080/172 1887/2087/187
f 1114/1233/158 1880/2080/172 1928/2127/173
f 1109/1227/174 1928/2127/173 1108/1226/188
f 1114/1233/158 1928/2127/173 1109/1227/174
f 1131/1250/109 1870/2070/124 1132/1251/125
f 1102/1220/218 1097/1213/233 1096/1216/234
f 1078/1197/260 1081/1200/276 1089/1205/261
f 1054/1173/210 1055/1174/224 1062/1181/225
f 1028/1148/105 1032/1151/119 1040/1159/120
f 1000/1103/540 1022/1133/526 998/1101/525
f 1020/1137/75 1000/1119/540 1005/1118/74
f 1929/2128/554 2378/2129/998 1930/2130/555
f 1932/2131/557 1930/2130/555 2024/2132/649
f 1934/2133/559 1929/2128/554 1933/2134/558
f 1933/2134/558 1932/2131/557 1935/2135/560
f 1937/2136/562 1933/2134/558 1936/2137/561
f 1936/2137/561 1935/2135/560 1938/2138/563
f 1940/2139/565 1936/2137/561 1939/2140/564
f 1939/2140/564 1938/2138/563 1941/2141/566
f 1943/2142/568 1939/2140/564 1942/2143/567
f 1942/2143/567 1941/2141/566 1944/2144/569
f 1946/2145/571 1942/2143/567 1945/2146/570
f 1945/2146/570 1944/2144/569 1947/2147/572
f 1949/2148/574 1945/2146/570 1948/2149/573
f 1948/2149/573 1947/2147/572 1950/2150/575
f 1952/2151/577 1948/2149/573 1951/2152/576
f 1951/2152/576 1950/2150/575 1953/2153/578
f 1955/2154/580 1951/2152/576 1954/2155/579
f 1954/2155/579 1953/2153/578 1956/2156/581
f 1957/2157/582 1955/2158/580 1954/2159/579
f 1959/2160/584 1954/2159/579 1956/2161/581
f 1960/2162/585 1958/2163/583 1957/2157/582
f 1962/2164/587 1957/2157/582 1959/2160/584
f 1963/2165/588 1961/2166/586 1960/2162/585
f 1965/2167/590 1960/2162/585 1962/2164/587
f 1966/2168/591 1964/2169/589 1963/2165/588
f 1968/2170/593 1963/2165/588 1965/2167/590
f 1969/2171/594 1967/2172/592 1966/2168/591
f 1971/2173/596 1966/2168/591 1968/2170/593
f 1972/2174/597 1970/2175/595 1969/2171/594
f 1974/2176/599 1969/2171/594 1971/2173/596
f 1975/2177/600 1973/2178/598 1972/2174/597
f 1977/2179/602 1972/2174/597 1974/2176/599
f 1978/2180/603 1976/2181/601 1975/2177/600
f 1980/2182/605 1975/2177/600 1977/2179/602
f 1982/2183/607 1978/2180/603 1981/2184/606
f 1981/2184/606 1980/2182/605 1983/2185/608
f 1985/2186/610 1981/2184/606 1984/2187/609
f 1984/2187/609 1983/2185/608 1986/2188/611
f 1988/2189/613 1984/2187/609 1987/2190/612
f 1987/2190/612 1986/2188/611 1989/2191/614
f 1991/2192/616 1987/2190/612 1990/2193/615
f 1990/2193/615 1989/2191/614 1992/2194/617
f 1994/2195/619 1990/2193/615 1993/2196/618
f 1993/2196/618 1992/2194/617 1995/2197/620
f 1997/2198/622 1993/2196/618 1996/2199/621
f 1996/2199/621 1995/2197/620 1998/2200/623
f 2000/2201/625 1996/2199/621 1999/2202/624
f 1999/2202/624 1998/2200/623 2001/2203/626
f 2003/2204/628 1999/2202/624 2002/2205/627
f 2002/2205/627 2001/2203/626 2004/2206/629
f 2005/2207/630 2003/2204/628 2002/2205/627
f 2007/2208/632 2002/2205/627 2004/2206/629
f 2008/2209/633 2006/2210/631 2005/2207/630
f 2010/2211/635 2005/2207/630 2007/2208/632
f 2011/2212/636 2009/2213/634 2008/2209/633
f 2013/2214/638 2008/2209/633 2010/2211/635
f 2014/2215/639 2012/2216/637 2011/2212/636
f 2016/2217/641 2011/2212/636 2013/2214/638
f 2017/2218/642 2015/2219/640 2014/2215/639
f 2019/2220/644 2014/2215/639 2016/2217/641
f 2020/2221/645 2018/2222/643 2017/2218/642
f 2022/2223/647 2017/2218/642 2019/2220/644
f 1930/2130/555 2021/2224/646 2020/2221/645
f 2024/2132/649 2020/2221/645 2022/2223/647
f 2023/2225/648 2019/2220/644 2085/2226/710
f 2025/2227/650 2022/2223/647 2023/2225/648
f 2027/2228/652 2024/2132/649 2025/2227/650
f 2026/2229/651 2023/2225/648 2088/2230/713
f 2028/2231/653 2025/2227/650 2026/2229/651
f 1935/2135/560 2027/2228/652 2029/2232/654
f 2029/2232/654 2028/2231/653 2030/2233/655
f 1938/2138/563 2029/2232/654 2031/2234/656
f 2031/2234/656 2030/2233/655 2032/2235/657
f 1941/2141/566 2031/2234/656 2033/2236/658
f 2033/2236/658 2032/2235/657 2034/2237/659
f 1944/2144/569 2033/2236/658 2035/2238/660
f 2035/2238/660 2034/2237/659 2036/2239/661
f 1947/2147/572 2035/2238/660 2037/2240/662
f 2037/2240/662 2036/2239/661 2038/2241/663
f 1950/2150/575 2037/2240/662 2039/2242/664
f 2039/2242/664 2038/2241/663 2040/2243/665
f 1953/2153/578 2039/2242/664 2041/2244/666
f 2041/2244/666 2040/2243/665 2042/2245/667
f 1956/2156/581 2041/2244/666 2043/2246/668
f 2043/2246/668 2042/2245/667 2044/2247/669
f 2045/2248/670 1956/2161/581 2043/2249/668
f 2046/2250/671 2043/2249/668 2044/2251/669
f 2047/2252/672 1959/2160/584 2045/2248/670
f 2048/2253/673 2045/2248/670 2046/2250/671
f 2049/2254/674 1962/2164/587 2047/2252/672
f 2050/2255/675 2047/2252/672 2048/2253/673
f 2051/2256/676 1965/2167/590 2049/2254/674
f 2052/2257/677 2049/2254/674 2050/2255/675
f 2053/2258/678 1968/2170/593 2051/2256/676
f 2054/2259/679 2051/2256/676 2052/2257/677
f 2055/2260/680 1971/2173/596 2053/2258/678
f 2056/2261/681 2053/2258/678 2054/2259/679
f 2057/2262/682 1974/2176/599 2055/2260/680
f 2058/2263/683 2055/2260/680 2056/2261/681
f 2059/2264/684 1977/2179/602 2057/2262/682
f 2060/2265/685 2057/2262/682 2058/2263/683
f 1983/2185/608 2059/2264/684 2061/2266/686
f 2061/2266/686 2060/2265/685 2062/2267/687
f 1986/2188/611 2061/2266/686 2063/2268/688
f 2063/2268/688 2062/2267/687 2064/2269/689
f 1989/2191/614 2063/2268/688 2065/2270/690
f 2065/2270/690 2064/2269/689 2066/2271/691
f 1992/2194/617 2065/2270/690 2067/2272/692
f 2067/2272/692 2066/2271/691 2068/2273/693
f 1995/2197/620 2067/2272/692 2069/2274/694
f 2069/2274/694 2068/2273/693 2070/2275/695
f 1998/2200/623 2069/2274/694 2071/2276/696
f 2071/2276/696 2070/2275/695 2072/2277/697
f 2001/2203/626 2071/2276/696 2073/2278/698
f 2073/2278/698 2072/2277/697 2074/2279/699
f 2004/2206/629 2073/2278/698 2075/2280/700
f 2075/2280/700 2074/2279/699 2076/2281/701
f 2077/2282/702 2004/2206/629 2075/2280/700
f 2078/2283/703 2075/2280/700 2076/2281/701
f 2079/2284/704 2007/2208/632 2077/2282/702
f 2080/2285/705 2077/2282/702 2078/2283/703
f 2081/2286/706 2010/2211/635 2079/2284/704
f 2082/2287/707 2079/2284/704 2080/2285/705
f 2083/2288/708 2013/2214/638 2081/2286/706
f 2084/2289/709 2081/2286/706 2082/2287/707
f 2085/2226/710 2016/2217/641 2083/2288/708
f 2086/2290/711 2083/2288/708 2084/2289/709
f 2088/2230/713 2085/2226/710 2086/2290/711
f 2087/2291/712 2084/2289/709 2149/2292/770
f 2089/2293/714 2086/2290/711 2087/2291/712
f 2091/2294/716 2088/2230/713 2089/2293/714
f 2090/2295/715 2087/2291/712 2152/2296/773
f 2092/2297/717 2089/2293/714 2090/2295/715
f 2093/2298/718 2026/2229/651 2091/2294/716
f 2094/2299/68 2091/2294/716 2092/2297/717
f 2095/2300/719 2094/2299/68 2096/2301/720
f 2030/2233/655 2093/2298/718 2095/2300/719
f 2032/2235/657 2095/2300/719 2097/2302/721
f 2097/2302/721 2096/2301/720 2098/2303/722
f 2034/2237/659 2097/2302/721 2099/2304/723
f 2099/2304/723 2098/2303/722 2100/2305/724
f 2036/2239/661 2099/2304/723 2101/2306/725
f 2101/2306/725 2100/2305/724 2102/2307/726
f 2038/2241/663 2101/2306/725 2103/2308/727
f 2103/2308/727 2102/2307/726 2104/2309/728
f 2040/2243/665 2103/2308/727 2105/2310/729
f 2105/2310/729 2104/2309/728 2106/2311/730
f 2042/2245/667 2105/2310/729 2107/2312/731
f 2107/2312/731 2106/2311/730 2108/2313/732
f 2044/2247/669 2107/2312/731 2109/2314/733
f 2109/2314/733 2108/2313/732 2110/2315/425
f 2111/2316/734 2044/2251/669 2109/2317/733
f 2112/2318/735 2109/2317/733 2110/2319/425
f 2113/2320/736 2046/2250/671 2111/2316/734
f 2114/2321/737 2111/2316/734 2112/2318/735
f 2115/2322/738 2048/2253/673 2113/2320/736
f 2116/2323/739 2113/2320/736 2114/2321/737
f 2117/2324/740 2050/2255/675 2115/2322/738
f 2118/2325/741 2115/2322/738 2116/2323/739
f 2119/2326/742 2052/2257/677 2117/2324/740
f 2120/2327/743 2117/2324/740 2118/2325/741
f 2121/2328/744 2054/2259/679 2119/2326/742
f 2122/2329/745 2119/2326/742 2120/2327/743
f 2123/2330/746 2056/2261/681 2121/2328/744
f 2124/2331/747 2121/2328/744 2122/2329/745
f 2125/2332/748 2058/2263/683 2123/2330/746
f 2126/2333/304 2123/2330/746 2124/2331/747
f 2062/2267/687 2125/2332/748 2127/2334/749
f 2127/2334/749 2126/2333/304 2128/2335/750
f 2064/2269/689 2127/2334/749 2129/2336/751
f 2129/2336/751 2128/2335/750 2130/2337/752
f 2066/2271/691 2129/2336/751 2131/2338/753
f 2131/2338/753 2130/2337/752 2132/2339/754
f 2068/2273/693 2131/2338/753 2133/2340/755
f 2133/2340/755 2132/2339/754 2134/2341/756
f 2070/2275/695 2133/2340/755 2135/2342/757
f 2135/2342/757 2134/2341/756 2136/2343/758
f 2072/2277/697 2135/2342/757 2137/2344/759
f 2137/2344/759 2136/2343/758 2138/2345/760
f 2074/2279/699 2137/2344/759 2139/2346/761
f 2139/2346/761 2138/2345/760 2140/2347/762
f 2076/2281/701 2139/2346/761 2141/2348/763
f 2141/2348/763 2140/2347/762 2142/2349/184
f 2143/2350/764 2076/2281/701 2141/2348/763
f 2144/2351/765 2141/2348/763 2142/2349/184
f 2145/2352/766 2078/2283/703 2143/2350/764
f 2146/2353/767 2143/2350/764 2144/2351/765
f 2147/2354/768 2080/2285/705 2145/2352/766
f 2148/2355/769 2145/2352/766 2146/2353/767
f 2149/2292/770 2082/2287/707 2147/2354/768
f 2150/2356/771 2147/2354/768 2148/2355/769
f 2152/2296/773 2149/2292/770 2150/2356/771
f 2150/2356/771 2213/2357/834 2151/2358/772
f 2152/2296/773 2151/2358/772 2153/2359/774
f 2090/2295/715 2153/2359/774 2155/2360/776
f 2153/2359/774 2216/2361/837 2154/2362/775
f 2155/2360/776 2154/2362/775 2156/2363/777
f 2092/2297/717 2155/2360/776 2157/2364/778
f 2157/2364/778 2156/2363/777 2158/2365/779
f 2094/2299/68 2157/2364/778 2159/2366/780
f 2159/2366/780 2158/2365/779 2160/2367/781
f 2161/2368/782 2094/2299/68 2159/2366/780
f 2162/2369/783 2159/2366/780 2160/2367/781
f 2163/2370/784 2096/2301/720 2161/2368/782
f 2164/2371/785 2161/2368/782 2162/2369/783
f 2165/2372/786 2098/2303/722 2163/2370/784
f 2166/2373/787 2163/2370/784 2164/2371/785
f 2167/2374/788 2100/2305/724 2165/2372/786
f 2168/2375/789 2165/2372/786 2166/2373/787
f 2169/2376/790 2102/2307/726 2167/2374/788
f 2170/2377/791 2167/2374/788 2168/2375/789
f 2171/2378/792 2104/2309/728 2169/2376/790
f 2172/2379/793 2169/2376/790 2170/2377/791
f 2173/2380/794 2106/2311/730 2171/2378/792
f 2174/2381/795 2171/2378/792 2172/2379/793
f 2175/2382/796 2108/2313/732 2173/2380/794
f 2176/2383/797 2173/2380/794 2174/2381/795
f 2112/2318/735 2175/2384/796 2177/2385/798
f 2177/2385/798 2176/2386/797 2178/2387/799
f 2114/2321/737 2177/2385/798 2179/2388/800
f 2179/2388/800 2178/2387/799 2180/2389/801
f 2116/2323/739 2179/2388/800 2181/2390/802
f 2181/2390/802 2180/2389/801 2182/2391/803
f 2118/2325/741 2181/2390/802 2183/2392/804
f 2183/2392/804 2182/2391/803 2184/2393/805
f 2120/2327/743 2183/2392/804 2185/2394/806
f 2185/2394/806 2184/2393/805 2186/2395/807
f 2122/2329/745 2185/2394/806 2187/2396/808
f 2187/2396/808 2186/2395/807 2188/2397/809
f 2124/2331/747 2187/2396/808 2189/2398/810
f 2189/2398/810 2188/2397/809 2190/2399/811
f 2126/2333/304 2189/2398/810 2191/2400/812
f 2191/2400/812 2190/2399/811 2192/2401/813
f 2193/2402/814 2126/2333/304 2191/2400/812
f 2194/2403/815 2191/2400/812 2192/2401/813
f 2195/2404/816 2128/2335/750 2193/2402/814
f 2196/2405/817 2193/2402/814 2194/2403/815
f 2197/2406/818 2130/2337/752 2195/2404/816
f 2198/2407/819 2195/2404/816 2196/2405/817
f 2199/2408/820 2132/2339/754 2197/2406/818
f 2200/2409/821 2197/2406/818 2198/2407/819
f 2201/2410/822 2134/2341/756 2199/2408/820
f 2202/2411/823 2199/2408/820 2200/2409/821
f 2203/2412/824 2136/2343/758 2201/2410/822
f 2204/2413/825 2201/2410/822 2202/2411/823
f 2205/2414/826 2138/2345/760 2203/2412/824
f 2206/2415/827 2203/2412/824 2204/2413/825
f 2207/2416/828 2140/2347/762 2205/2414/826
f 2208/2417/829 2205/2414/826 2206/2415/827
f 2144/2351/765 2207/2416/828 2209/2418/830
f 2209/2418/830 2208/2417/829 2210/2419/831
f 2146/2353/767 2209/2418/830 2211/2420/832
f 2211/2420/832 2210/2419/831 2212/2421/833
f 2148/2355/769 2211/2420/832 2213/2357/834
f 2213/2357/834 2212/2421/833 2214/2422/835
f 2151/2358/772 2214/2422/835 2216/2361/837
f 2214/2422/835 2277/2423/898 2215/2424/836
f 2216/2361/837 2215/2424/836 2217/2425/838
f 2154/2362/775 2217/2425/838 2219/2426/840
f 2217/2425/838 2280/2427/901 2218/2428/839
f 2219/2426/840 2218/2428/839 2220/2429/841
f 2156/2363/777 2219/2426/840 2221/2430/842
f 2221/2430/842 2220/2429/841 2222/2431/843
f 2158/2365/779 2221/2430/842 2223/2432/844
f 2223/2432/844 2222/2431/843 2224/2433/845
f 2160/2367/781 2223/2432/844 2225/2434/846
f 2225/2434/846 2224/2433/845 2226/2435/847
f 2227/2436/848 2160/2367/781 2225/2434/846
f 2228/2437/849 2225/2434/846 2226/2435/847
f 2229/2438/850 2162/2369/783 2227/2436/848
f 2230/2439/851 2227/2436/848 2228/2437/849
f 2231/2440/852 2164/2371/785 2229/2438/850
f 2232/2441/853 2229/2438/850 2230/2439/851
f 2233/2442/854 2166/2373/787 2231/2440/852
f 2234/2443/855 2231/2440/852 2232/2441/853
f 2235/2444/856 2168/2375/789 2233/2442/854
f 2236/2445/857 2233/2442/854 2234/2443/855
f 2237/2446/858 2170/2377/791 2235/2444/856
f 2238/2447/859 2235/2444/856 2236/2445/857
f 2239/2448/860 2172/2379/793 2237/2446/858
f 2240/2449/861 2237/2446/858 2238/2447/859
f 2241/2450/862 2174/2381/795 2239/2448/860
f 2242/2451/863 2239/2448/860 2240/2449/861
f 2178/2387/799 2241/2452/862 2243/2453/864
f 2243/2453/864 2242/2454/863 2244/2455/865
f 2180/2389/801 2243/2453/864 2245/2456/866
f 2245/2456/866 2244/2455/865 2246/2457/867
f 2182/2391/803 2245/2456/866 2247/2458/868
f 2247/2458/868 2246/2457/867 2248/2459/869
f 2184/2393/805 2247/2458/868 2249/2460/870
f 2249/2460/870 2248/2459/869 2250/2461/871
f 2186/2395/807 2249/2460/870 2251/2462/872
f 2251/2462/872 2250/2461/871 2252/2463/873
f 2188/2397/809 2251/2462/872 2253/2464/874
f 2253/2464/874 2252/2463/873 2254/2465/875
f 2190/2399/811 2253/2464/874 2255/2466/876
f 2255/2466/876 2254/2465/875 2256/2467/877
f 2192/2401/813 2255/2466/876 2257/2468/878
f 2257/2468/878 2256/2467/877 2258/2469/879
f 2259/2470/880 2192/2401/813 2257/2468/878
f 2260/2471/881 2257/2468/878 2258/2469/879
f 2261/2472/882 2194/2403/815 2259/2470/880
f 2262/2473/883 2259/2470/880 2260/2471/881
f 2263/2474/884 2196/2405/817 2261/2472/882
f 2264/2475/885 2261/2472/882 2262/2473/883
f 2265/2476/886 2198/2407/819 2263/2474/884
f 2266/2477/887 2263/2474/884 2264/2475/885
f 2267/2478/888 2200/2409/821 2265/2476/886
f 2268/2479/889 2265/2476/886 2266/2477/887
f 2269/2480/890 2202/2411/823 2267/2478/888
f 2270/2481/891 2267/2478/888 2268/2479/889
f 2271/2482/892 2204/2413/825 2269/2480/890
f 2272/2483/893 2269/2480/890 2270/2481/891
f 2273/2484/894 2206/2415/827 2271/2482/892
f 2274/2485/895 2271/2482/892 2272/2483/893
f 2210/2419/831 2273/2484/894 2275/2486/896
f 2275/2486/896 2274/2485/895 2276/2487/897
f 2212/2421/833 2275/2486/896 2277/2423/898
f 2277/2423/898 2276/2487/897 2278/2488/899
f 2215/2424/836 2278/2488/899 2280/2427/901
f 2278/2488/899 2341/2489/962 2279/2490/900
f 2280/2427/901 2279/2490/900 2281/2491/902
f 2218/2428/839 2281/2491/902 2283/2492/904
f 2281/2491/902 2344/2493/965 2282/2494/903
f 2283/2492/904 2282/2494/903 2284/2495/905
f 2220/2429/841 2283/2492/904 2285/2496/906
f 2285/2496/906 2284/2495/905 2286/2497/907
f 2222/2431/843 2285/2496/906 2287/2498/908
f 2287/2498/908 2286/2497/907 2288/2499/909
f 2224/2433/845 2287/2498/908 2289/2500/910
f 2289/2500/910 2288/2499/909 2290/2501/911
f 2226/2435/847 2289/2500/910 2291/2502/912
f 2291/2502/912 2290/2501/911 2292/2503/913
f 2293/2504/914 2226/2435/847 2291/2502/912
f 2294/2505/915 2291/2502/912 2292/2503/913
f 2295/2506/916 2228/2437/849 2293/2504/914
f 2296/2507/917 2293/2504/914 2294/2505/915
f 2297/2508/918 2230/2439/851 2295/2506/916
f 2298/2509/919 2295/2506/916 2296/2507/917
f 2299/2510/920 2232/2441/853 2297/2508/918
f 2300/2511/921 2297/2508/918 2298/2509/919
f 2301/2512/922 2234/2443/855 2299/2510/920
f 2302/2513/923 2299/2510/920 2300/2511/921
f 2303/2514/924 2236/2445/857 2301/2512/922
f 2304/2515/925 2301/2512/922 2302/2513/923
f 2305/2516/926 2238/2447/859 2303/2514/924
f 2306/2517/927 2303/2514/924 2304/2515/925
f 2307/2518/928 2240/2449/861 2305/2516/926
f 2308/2519/929 2305/2516/926 2306/2517/927
f 2244/2455/865 2307/2520/928 2309/2521/930
f 2309/2521/930 2308/2522/929 2310/2523/931
f 2246/2457/867 2309/2521/930 2311/2524/932
f 2311/2524/932 2310/2523/931 2312/2525/933
f 2248/2459/869 2311/2524/932 2313/2526/934
f 2313/2526/934 2312/2525/933 2314/2527/935
f 2250/2461/871 2313/2526/934 2315/2528/936
f 2315/2528/936 2314/2527/935 2316/2529/937
f 2252/2463/873 2315/2528/936 2317/2530/938
f 2317/2530/938 2316/2529/937 2318/2531/939
f 2254/2465/875 2317/2530/938 2319/2532/940
f 2319/2532/940 2318/2531/939 2320/2533/941
f 2256/2467/877 2319/2532/940 2321/2534/942
f 2321/2534/942 2320/2533/941 2322/2535/943
f 2258/2469/879 2321/2534/942 2323/2536/944
f 2323/2536/944 2322/2535/943 2324/2537/945
f 2325/2538/946 2258/2469/879 2323/2536/944
f 2326/2539/947 2323/2536/944 2324/2537/945
f 2327/2540/948 2260/2471/881 2325/2538/946
f 2328/2541/949 2325/2538/946 2326/2539/947
f 2329/2542/950 2262/2473/883 2327/2540/948
f 2330/2543/951 2327/2540/948 2328/2541/949
f 2331/2544/952 2264/2475/885 2329/2542/950
f 2332/2545/953 2329/2542/950 2330/2543/951
f 2333/2546/954 2266/2477/887 2331/2544/952
f 2334/2547/955 2331/2544/952 2332/2545/953
f 2335/2548/956 2268/2479/889 2333/2546/954
f 2336/2549/957 2333/2546/954 2334/2547/955
f 2337/2550/958 2270/2481/891 2335/2548/956
f 2338/2551/959 2335/2548/956 2336/2549/957
f 2339/2552/960 2272/2483/893 2337/2550/958
f 2340/2553/961 2337/2550/958 2338/2551/959
f 2276/2487/897 2339/2552/960 2341/2489/962
f 2341/2489/962 2340/2553/961 2342/2554/963
f 2279/2490/900 2342/2554/963 2344/2493/965
f 2342/2554/963 2354/2555/974 2343/2556/964
f 2344/2493/965 2343/2556/964 2345/2557/966
f 2282/2494/903 2345/2557/966 2346/2558/967
f 2347/2559/372 2346/2558/967 2345/2557/966
f 2347/2560/372 2345/2557/966 2343/2556/964
f 2347/2561/372 2348/2562/968 2366/2563/986
f 2347/2564/372 2365/2565/985 2348/2562/968
f 2347/2566/372 2376/2567/996 2349/2568/969
f 2347/2569/372 2349/2568/969 2350/2570/970
f 2347/2571/372 2350/2570/970 2351/2572/971
f 2347/2573/372 2351/2572/971 2352/2574/972
f 2347/2575/372 2352/2574/972 2353/2576/973
f 2347/2577/372 2353/2576/973 2346/2558/967
f 2347/2578/372 2343/2556/964 2354/2555/974
f 2347/2579/372 2354/2555/974 2355/2580/975
f 2347/2581/372 2355/2580/975 2356/2582/976
f 2347/2583/372 2356/2582/976 2357/2584/977
f 2347/2585/372 2357/2584/977 2358/2586/978
f 2347/2587/372 2358/2586/978 2359/2588/979
f 2347/2589/372 2359/2588/979 2360/2590/980
f 2347/2591/372 2360/2590/980 2361/2592/981
f 2347/2593/372 2361/2592/981 2362/2594/982
f 2347/2595/372 2362/2594/982 2363/2596/983
f 2347/2597/372 2363/2596/983 2364/2598/984
f 2347/2599/372 2364/2598/984 2365/2565/985
f 2347/2600/372 2366/2563/986 2367/2601/987
f 2347/2602/372 2367/2601/987 2368/2603/988
f 2347/2604/372 2368/2603/988 2369/2605/989
f 2347/2606/372 2369/2607/989 2370/2608/990
f 2347/2609/372 2370/2608/990 2371/2610/991
f 2347/2611/372 2371/2610/991 2372/2612/992
f 2347/2613/372 2372/2612/992 2373/2614/993
f 2347/2615/372 2373/2614/993 2374/2616/994
f 2347/2617/372 2374/2616/994 2375/2618/995
f 2347/2619/372 2375/2618/995 2376/2567/996
f 2376/2567/996 2292/2503/913 2349/2568/969
f 2375/2618/995 2294/2505/915 2376/2567/996
f 2374/2616/994 2296/2507/917 2375/2618/995
f 2373/2614/993 2298/2509/919 2374/2616/994
f 2372/2612/992 2300/2511/921 2373/2614/993
f 2371/2610/991 2302/2513/923 2372/2612/992
f 2370/2608/990 2304/2515/925 2371/2610/991
f 2369/2607/989 2306/2517/927 2370/2608/990
f 2310/2523/931 2369/2605/989 2368/2603/988
f 2312/2525/933 2368/2603/988 2367/2601/987
f 2314/2527/935 2367/2601/987 2366/2563/986
f 2316/2529/937 2366/2563/986 2348/2562/968
f 2318/2531/939 2348/2562/968 2365/2565/985
f 2320/2533/941 2365/2565/985 2364/2598/984
f 2322/2535/943 2364/2598/984 2363/2596/983
f 2324/2537/945 2363/2596/983 2362/2594/982
f 2361/2592/981 2324/2537/945 2362/2594/982
f 2360/2590/980 2326/2539/947 2361/2592/981
f 2359/2588/979 2328/2541/949 2360/2590/980
f 2358/2586/978 2330/2543/951 2359/2588/979
f 2357/2584/977 2332/2545/953 2358/2586/978
f 2356/2582/976 2334/2547/955 2357/2584/977
f 2355/2580/975 2336/2549/957 2356/2582/976
f 2354/2555/974 2338/2551/959 2355/2580/975
f 2284/2495/905 2346/2558/967 2353/2576/973
f 2286/2497/907 2353/2576/973 2352/2574/972
f 2288/2499/909 2352/2574/972 2351/2572/971
f 2290/2501/911 2351/2572/971 2350/2570/970
f 2292/2503/913 2350/2570/970 2349/2568/969
f 2021/2224/646 2410/2620/1029 2018/2222/643
f 2378/2129/998 2377/2621/997 2021/2224/646
f 1931/2622/556 2379/2623/999 2378/2129/998
f 2379/2623/999 2380/2624/146 2377/2621/997
f 2381/2625/1000 2380/2626/146 2379/2623/999
f 2382/2627/1001 1931/2622/556 1934/2133/559
f 2382/2627/1001 2380/2628/146 2381/2625/1000
f 2383/2629/1002 1934/2133/559 1937/2136/562
f 2383/2629/1002 2380/2630/146 2382/2627/1001
f 2384/2631/1003 1937/2136/562 1940/2139/565
f 2384/2631/1003 2380/2632/146 2383/2629/1002
f 2385/2633/1004 1940/2139/565 1943/2142/568
f 2385/2633/1004 2380/2634/146 2384/2631/1003
f 2386/2635/1005 1943/2142/568 1946/2145/571
f 2386/2635/1005 2380/2636/146 2385/2633/1004
f 2387/2637/1006 1946/2145/571 1949/2148/574
f 2387/2637/1006 2380/2638/146 2386/2635/1005
f 2388/2639/1007 1949/2148/574 1952/2151/577
f 2388/2639/1007 2380/2640/146 2387/2637/1006
f 2389/2641/1008 1952/2151/577 1955/2154/580
f 2389/2641/1008 2380/2642/146 2388/2639/1007
f 1958/2163/583 2389/2643/1008 1955/2158/580
f 2390/2644/1009 2380/2645/146 2389/2643/1008
f 1961/2166/586 2390/2644/1009 1958/2163/583
f 2391/2646/1010 2380/2647/146 2390/2644/1009
f 1964/2169/589 2391/2646/1010 1961/2166/586
f 2392/2648/1011 2380/2649/146 2391/2646/1010
f 1967/2172/592 2392/2648/1011 1964/2169/589
f 2393/2650/1012 2380/2651/146 2392/2648/1011
f 1970/2175/595 2393/2650/1012 1967/2172/592
f 2394/2652/1013 2380/2653/146 2393/2650/1012
f 1973/2178/598 2394/2652/1013 1970/2175/595
f 2395/2654/1014 2380/2655/146 2394/2652/1013
f 1976/2181/601 2395/2654/1014 1973/2178/598
f 2396/2656/1015 2380/2657/146 2395/2654/1014
f 1979/2658/604 2396/2656/1015 1976/2181/601
f 2397/2659/1016 2380/2660/146 2396/2656/1015
f 2398/2661/1017 1979/2658/604 1982/2183/607
f 2398/2661/1017 2380/2662/146 2397/2659/1016
f 2399/2663/1018 1982/2183/607 1985/2186/610
f 2399/2663/1018 2380/2664/146 2398/2661/1017
f 2400/2665/1019 1985/2186/610 1988/2189/613
f 2400/2665/1019 2380/2666/146 2399/2663/1018
f 2401/2667/1020 1988/2189/613 1991/2192/616
f 2401/2667/1020 2380/2668/146 2400/2665/1019
f 2402/2669/1021 1991/2192/616 1994/2195/619
f 2402/2669/1021 2380/2670/146 2401/2667/1020
f 2403/2671/1022 1994/2195/619 1997/2198/622
f 2403/2671/1022 2380/2672/146 2402/2669/1021
f 2404/2673/1023 1997/2198/622 2000/2201/625
f 2404/2673/1023 2380/2674/146 2403/2671/1022
f 2405/2675/1024 2000/2201/625 2003/2204/628
f 2405/2675/1024 2380/2676/146 2404/2673/1023
f 2006/2210/631 2405/2675/1024 2003/2204/628
f 2406/2677/1025 2380/2678/146 2405/2675/1024
f 2009/2213/634 2406/2677/1025 2006/2210/631
f 2407/2679/1026 2380/2680/146 2406/2677/1025
f 2408/2681/1027 2380/2682/146 2407/2679/1026
f 2012/2216/637 2407/2679/1026 2009/2213/634
f 2015/2219/640 2408/2681/1027 2012/2216/637
f 2409/2683/1028 2380/2684/146 2408/2681/1027
f 2018/2222/643 2409/2683/1028 2015/2219/640
f 2410/2620/1029 2380/2685/146 2409/2683/1028
f 2377/2621/997 2380/2686/146 2410/2620/1029
f 2446/2687/1065 2430/2688/1049 2414/2689/1033
f 2411/2690/1030 2474/2691/1093 2412/2692/1031
f 2414/2693/1033 2413/2694/1032 2411/2695/1030
f 2417/2696/1036 2414/2693/1033 2415/2697/1034
f 2441/2698/1060 2457/2699/1076 2473/2700/1092
f 2420/2701/1039 2417/2696/1036 2415/2697/1034
f 2419/2702/1038 2420/2701/1039 2421/2703/1040
f 2422/2704/1041 2419/2702/1038 2421/2703/1040
f 2423/2705/1042 2424/2706/1043 2422/2704/1041
f 2426/2707/1045 2423/2705/1042 2428/2708/1047
f 2427/2709/1046 2428/2708/1047 2429/2710/1048
f 2432/2711/1051 2429/2710/1048 2430/2712/1049
f 2433/2713/1052 2430/2712/1049 2431/2714/1050
f 2434/2715/1053 2431/2714/1050 2436/2716/1055
f 2435/2717/1054 2436/2716/1055 2437/2718/1056
f 2440/2719/1059 2437/2718/1056 2438/2720/1057
f 2439/2721/1058 2440/2719/1059 2438/2720/1057
f 2442/2722/1061 2439/2721/1058 2444/2723/1063
f 2443/2724/1062 2444/2723/1063 2445/2725/1064
f 2446/2726/1065 2443/2724/1062 2445/2725/1064
f 2447/2727/1066 2448/2728/1067 2446/2726/1065
f 2450/2729/1069 2447/2727/1066 2452/2730/1071
f 2451/2731/1070 2452/2730/1071 2453/2732/1072
f 2456/2733/1075 2453/2732/1072 2454/2734/1073
f 2457/2735/1076 2454/2734/1073 2455/2736/1074
f 2460/2737/1079 2457/2735/1076 2455/2736/1074
f 2459/2738/1078 2460/2737/1079 2461/2739/1080
f 2462/2740/1081 2459/2738/1078 2461/2739/1080
f 2463/2741/1082 2464/2742/1083 2462/2740/1081
f 2466/2743/1085 2463/2741/1082 2468/2744/1087
f 2469/2745/1088 2466/2743/1085 2468/2744/1087
f 2472/2746/1091 2469/2745/1088 2470/2747/1089
f 2473/2748/1092 2470/2747/1089 2471/2749/1090
f 2474/2691/1093 2471/2749/1090 2412/2692/1031
f 2508/2750/1127 2524/2751/1143 2476/2752/1095
f 2476/2753/1095 2477/2754/1096 2475/2755/1094
f 2478/2756/1097 2477/2757/1096 2480/2758/1099
f 2479/2759/1098 2480/2758/1099 2481/2760/1100
f 2507/2761/1126 2491/2762/1110 2477/2763/1096
f 2484/2764/1103 2481/2760/1100 2482/2765/1101
f 2484/2764/1103 2483/2766/1102 2485/2767/1104
f 2486/2768/1105 2483/2766/1102 2488/2769/1107
f 2487/2770/1106 2488/2769/1107 2489/2771/1108
f 2487/2770/1106 2490/2772/1109 2492/2773/1111
f 2493/2774/1112 2490/2772/1109 2491/2775/1110
f 2493/2774/1112 2496/2776/1115 2494/2777/1113
f 2494/2777/1113 2497/2778/1116 2495/2779/1114
f 2495/2779/1114 2498/2780/1117 2500/2781/1119
f 2501/2782/1120 2498/2780/1117 2499/2783/1118
f 2501/2782/1120 2504/2784/1123 2502/2785/1121
f 2503/2786/1122 2504/2784/1123 2505/2787/1124
f 2508/2788/1127 2505/2787/1124 2506/2789/1125
f 2508/2788/1127 2507/2790/1126 2509/2791/1128
f 2510/2792/1129 2507/2790/1126 2512/2793/1131
f 2510/2792/1129 2513/2794/1132 2511/2795/1130
f 2516/2796/1135 2513/2794/1132 2514/2797/1133
f 2516/2796/1135 2515/2798/1134 2517/2799/1136
f 2517/2799/1136 2520/2800/1139 2518/2801/1137
f 2518/2801/1137 2521/2802/1140 2519/2803/1138
f 2524/2804/1143 2521/2802/1140 2522/2805/1141
f 2524/2804/1143 2523/2806/1142 2525/2807/1144
f 2525/2807/1144 2528/2808/1147 2526/2809/1145
f 2526/2809/1145 2529/2810/1148 2527/2811/1146
f 2527/2811/1146 2530/2812/1149 2532/2813/1151
f 2533/2814/1152 2530/2812/1149 2531/2815/1150
f 2534/2816/1153 2531/2815/1150 2536/2817/1155
f 2535/2818/1154 2536/2817/1155 2537/2819/1156
f 2535/2818/1154 2538/2820/1157 2476/2753/1095
f 2539/2821/65 2634/2822/74 2542/2823/540
f 2539/2821/65 2988/2824/72 2540/2825/73
f 2543/2826/525 2541/2827/539 2539/2821/65
f 2545/2828/526 2539/2821/65 2542/2823/540
f 2547/2829/509 2543/2826/525 2546/2830/510
f 2546/2830/510 2545/2828/526 2548/2831/511
f 2549/2832/495 2547/2829/509 2546/2830/510
f 2551/2833/496 2546/2830/510 2548/2831/511
f 2553/2834/479 2549/2832/495 2552/2835/480
f 2552/2835/480 2551/2833/496 2554/2836/481
f 2556/2837/464 2552/2835/480 2555/2838/465
f 2555/2838/465 2554/2836/481 2557/2839/466
f 2558/2840/450 2556/2837/464 2555/2838/465
f 2558/2840/450 2557/2839/466 2560/2841/451
f 2561/2842/435 2559/2843/449 2558/2840/450
f 2563/2844/436 2558/2840/450 2560/2841/451
f 2564/2845/420 2562/2846/434 2561/2842/435
f 2564/2845/420 2563/2844/436 2566/2847/421
f 2568/2848/404 2564/2849/420 2567/2850/405
f 2567/2850/405 2566/2851/421 2569/2852/406
f 2571/2853/389 2567/2850/405 2570/2854/390
f 2572/2855/391 2567/2850/405 2569/2852/406
f 2573/2856/375 2571/2853/389 2570/2854/390
f 2575/2857/376 2570/2854/390 2572/2855/391
f 2576/2858/359 2574/2859/374 2573/2856/375
f 2576/2858/359 2575/2857/376 2578/2860/360
f 2580/2861/343 2576/2858/359 2579/2862/344
f 2579/2862/344 2578/2860/360 2581/2863/345
f 2583/2864/328 2579/2862/344 2582/2865/329
f 2582/2865/329 2581/2863/345 2584/2866/330
f 2586/2867/313 2582/2865/329 2585/2868/314
f 2585/2868/314 2584/2866/330 2587/2869/315
f 2588/2870/299 2586/2867/313 2585/2868/314
f 2588/2870/299 2587/2869/315 2590/2871/300
f 2591/2872/284 2589/2873/298 2588/2870/299
f 2591/2872/284 2590/2871/300 2593/2874/285
f 2594/2875/269 2592/2876/283 2591/2872/284
f 2594/2875/269 2593/2874/285 2596/2877/270
f 2597/2878/254 2595/2879/268 2594/2875/269
f 2597/2878/254 2596/2877/270 2599/2880/255
f 2601/2881/238 2597/2878/254 2600/2882/239
f 2602/2883/240 2597/2878/254 2599/2880/255
f 2604/2884/223 2600/2882/239 2603/2885/224
f 2603/2885/224 2602/2883/240 2605/2886/225
f 2607/2887/208 2603/2885/224 2606/2888/209
f 2608/2889/210 2603/2885/224 2605/2886/225
f 2609/2890/194 2607/2887/208 2606/2888/209
f 2611/2891/195 2606/2888/209 2608/2889/210
f 2613/2892/178 2609/2890/194 2612/2893/179
f 2612/2893/179 2611/2891/195 2614/2894/180
f 2615/2895/164 2613/2892/178 2612/2893/179
f 2617/2896/165 2612/2893/179 2614/2894/180
f 2619/2897/148 2615/2895/164 2618/2898/149
f 2618/2898/149 2617/2896/165 2620/2899/150
f 2622/2900/132 2618/2898/149 2621/2901/133
f 2623/2902/134 2618/2898/149 2620/2899/150
f 2625/2903/117 2621/2901/133 2624/2904/118
f 2626/2905/119 2621/2901/133 2623/2902/134
f 2628/2906/102 2624/2904/118 2627/2907/103
f 2627/2907/103 2626/2905/119 2629/2908/104
f 2630/2909/88 2628/2906/102 2627/2907/103
f 2632/2910/89 2627/2907/103 2629/2908/104
f 2988/2824/72 2630/2909/88 2540/2825/73
f 2540/2825/73 2632/2910/89 2634/2822/74
f 2633/2911/90 2629/2908/104 2695/2912/105
f 2635/2913/75 2632/2910/89 2633/2911/90
f 2542/2823/540 2635/2913/75 2637/2914/66
f 2635/2913/75 2698/2915/91 2636/2916/76
f 2638/2917/541 2635/2913/75 2636/2916/76
f 2639/2918/527 2542/2823/540 2637/2914/66
f 2639/2918/527 2638/2917/541 2640/2919/528
f 2548/2831/511 2639/2918/527 2641/2920/512
f 2641/2920/512 2640/2919/528 2642/2921/513
f 2551/2833/496 2641/2920/512 2643/2922/497
f 2643/2922/497 2642/2921/513 2644/2923/498
f 2554/2836/481 2643/2922/497 2645/2924/482
f 2645/2924/482 2644/2923/498 2646/2925/483
f 2647/2926/467 2554/2836/481 2645/2924/482
f 2647/2926/467 2646/2925/483 2648/2927/468
f 2649/2928/452 2557/2839/466 2647/2926/467
f 2649/2928/452 2648/2927/468 2650/2929/453
f 2563/2844/436 2649/2928/452 2651/2930/437
f 2651/2930/437 2650/2929/453 2652/2931/438
f 2566/2847/421 2651/2930/437 2653/2932/422
f 2653/2932/422 2652/2931/438 2654/2933/423
f 2655/2934/407 2566/2851/421 2653/2935/422
f 2655/2934/407 2654/2936/423 2656/2937/408
f 2657/2938/392 2569/2852/406 2655/2934/407
f 2657/2938/392 2656/2937/408 2658/2939/393
f 2575/2857/376 2657/2938/392 2659/2940/377
f 2659/2940/377 2658/2939/393 2660/2941/378
f 2578/2860/360 2659/2940/377 2661/2942/361
f 2661/2942/361 2660/2941/378 2662/2943/362
f 2663/2944/346 2578/2860/360 2661/2942/361
f 2663/2944/346 2662/2943/362 2664/2945/347
f 2584/2866/330 2663/2944/346 2665/2946/331
f 2665/2946/331 2664/2945/347 2666/2947/332
f 2667/2948/316 2584/2866/330 2665/2946/331
f 2667/2948/316 2666/2947/332 2668/2949/317
f 2590/2871/300 2667/2948/316 2669/2950/301
f 2669/2950/301 2668/2949/317 2670/2951/302
f 2593/2874/285 2669/2950/301 2671/2952/286
f 2671/2952/286 2670/2951/302 2672/2953/287
f 2596/2877/270 2671/2952/286 2673/2954/271
f 2673/2954/271 2672/2953/287 2674/2955/272
f 2599/2880/255 2673/2954/271 2675/2956/256
f 2675/2956/256 2674/2955/272 2676/2957/257
f 2602/2883/240 2675/2956/256 2677/2958/241
f 2678/2959/242 2675/2956/256 2676/2957/257
f 2605/2886/225 2677/2958/241 2679/2960/226
f 2679/2960/226 2678/2959/242 2680/2961/227
f 2608/2889/210 2679/2960/226 2681/2962/211
f 2682/2963/212 2679/2960/226 2680/2961/227
f 2611/2891/195 2681/2962/211 2683/2964/196
f 2684/2965/197 2681/2962/211 2682/2963/212
f 2614/2894/180 2683/2964/196 2685/2966/181
f 2685/2966/181 2684/2965/197 2686/2967/182
f 2687/2968/166 2614/2894/180 2685/2966/181
f 2688/2969/167 2685/2966/181 2686/2967/182
f 2620/2899/150 2687/2968/166 2689/2970/151
f 2689/2970/151 2688/2969/167 2690/2971/152
f 2691/2972/135 2620/2899/150 2689/2970/151
f 2691/2972/135 2690/2971/152 2692/2973/136
f 2693/2974/120 2623/2902/134 2691/2972/135
f 2694/2975/121 2691/2972/135 2692/2973/136
f 2695/2912/105 2626/2905/119 2693/2974/120
f 2695/2912/105 2694/2975/121 2696/2976/106
f 2633/2911/90 2696/2976/106 2698/2915/91
f 2697/2977/107 2694/2975/121 2759/2978/122
f 2698/2915/91 2697/2977/107 2699/2979/92
f 2636/2916/76 2699/2979/92 2701/2980/77
f 2699/2979/92 2762/2981/108 2700/2982/93
f 2702/2983/78 2699/2979/92 2700/2982/93
f 2638/2917/541 2701/2980/77 2703/2984/67
f 2703/2984/67 2702/2983/78 2704/2985/68
f 2706/2986/530 2703/2984/67 2704/2985/68
f 2640/2919/528 2703/2984/67 2705/2987/529
f 2707/2988/514 2640/2919/528 2705/2987/529
f 2707/2988/514 2706/2986/530 2708/2989/515
f 2644/2923/498 2707/2988/514 2709/2990/499
f 2710/2991/500 2707/2988/514 2708/2989/515
f 2646/2925/483 2709/2990/499 2711/2992/484
f 2711/2992/484 2710/2991/500 2712/2993/485
f 2713/2994/469 2646/2925/483 2711/2992/484
f 2714/2995/470 2711/2992/484 2712/2993/485
f 2715/2996/454 2648/2927/468 2713/2994/469
f 2716/2997/455 2713/2994/469 2714/2995/470
f 2717/2998/439 2650/2929/453 2715/2996/454
f 2718/2999/440 2715/2996/454 2716/2997/455
f 2719/3000/424 2652/2931/438 2717/2998/439
f 2720/3001/425 2717/2998/439 2718/2999/440
f 2721/3002/409 2654/2936/423 2719/3003/424
f 2722/3004/410 2719/3003/424 2720/3005/425
f 2723/3006/394 2656/2937/408 2721/3002/409
f 2723/3006/394 2722/3004/410 2724/3007/395
f 2725/3008/379 2658/2939/393 2723/3006/394
f 2726/3009/380 2723/3006/394 2724/3007/395
f 2727/3010/363 2660/2941/378 2725/3008/379
f 2728/3011/364 2725/3008/379 2726/3009/380
f 2729/3012/348 2662/2943/362 2727/3010/363
f 2730/3013/349 2727/3010/363 2728/3011/364
f 2666/2947/332 2729/3012/348 2731/3014/333
f 2732/3015/334 2729/3012/348 2730/3013/349
f 2733/3016/318 2666/2947/332 2731/3014/333
f 2734/3017/319 2731/3014/333 2732/3015/334
f 2735/3018/303 2668/2949/317 2733/3016/318
f 2735/3018/303 2734/3017/319 2736/3019/304
f 2672/2953/287 2735/3018/303 2737/3020/288
f 2737/3020/288 2736/3019/304 2738/3021/289
f 2739/3022/273 2672/2953/287 2737/3020/288
f 2739/3022/273 2738/3021/289 2740/3023/274
f 2741/3024/258 2674/2955/272 2739/3022/273
f 2742/3025/259 2739/3022/273 2740/3023/274
f 2678/2959/242 2741/3024/258 2743/3026/243
f 2743/3026/243 2742/3025/259 2744/3027/244
f 2680/2961/227 2743/3026/243 2745/3028/228
f 2746/3029/229 2743/3026/243 2744/3027/244
f 2747/3030/213 2680/2961/227 2745/3028/228
f 2748/3031/214 2745/3028/228 2746/3029/229
f 2749/3032/198 2682/2963/212 2747/3030/213
f 2749/3032/198 2748/3031/214 2750/3033/199
f 2686/2967/182 2749/3032/198 2751/3034/183
f 2752/3035/184 2749/3032/198 2750/3033/199
f 2753/3036/168 2686/2967/182 2751/3034/183
f 2754/3037/169 2751/3034/183 2752/3035/184
f 2690/2971/152 2753/3036/168 2755/3038/153
f 2756/3039/154 2753/3036/168 2754/3037/169
f 2692/2973/136 2755/3038/153 2757/3040/137
f 2758/3041/138 2755/3038/153 2756/3039/154
f 2759/2978/122 2692/2973/136 2757/3040/137
f 2760/3042/123 2757/3040/137 2758/3041/138
f 2697/2977/107 2760/3042/123 2762/2981/108
f 2761/3043/124 2758/3041/138 2823/3044/139
f 2763/3045/109 2760/3042/123 2761/3043/124
f 2765/3046/94 2762/2981/108 2763/3045/109
f 2763/3045/109 2826/3047/125 2764/3048/110
f 2766/3049/95 2763/3045/109 2764/3048/110
f 2702/2983/78 2765/3046/94 2767/3050/79
f 2768/3051/80 2765/3046/94 2766/3049/95
f 2704/2985/68 2767/3050/79 2769/3052/69
f 2770/3053/542 2767/3050/79 2768/3051/80
f 2706/2986/530 2769/3052/69 2771/3054/531
f 2771/3054/531 2770/3053/542 2772/3055/532
f 2708/2989/515 2771/3054/531 2773/3056/516
f 2774/3057/517 2771/3054/531 2772/3055/532
f 2710/2991/500 2773/3056/516 2775/3058/501
f 2775/3058/501 2774/3057/517 2776/3059/502
f 2712/2993/485 2775/3058/501 2777/3060/486
f 2777/3060/486 2776/3059/502 2778/3061/487
f 2714/2995/470 2777/3060/486 2779/3062/471
f 2779/3062/471 2778/3061/487 2780/3063/472
f 2716/2997/455 2779/3062/471 2781/3064/456
f 2781/3064/456 2780/3063/472 2782/3065/457
f 2718/2999/440 2781/3064/456 2783/3066/441
f 2783/3066/441 2782/3065/457 2784/3067/442
f 2720/3001/425 2783/3066/441 2785/3068/426
f 2785/3068/426 2784/3067/442 2786/3069/427
f 2722/3004/410 2785/3070/426 2787/3071/411
f 2787/3071/411 2786/3072/427 2788/3073/412
f 2789/3074/396 2722/3004/410 2787/3071/411
f 2789/3074/396 2788/3073/412 2790/3075/397
f 2726/3009/380 2789/3074/396 2791/3076/381
f 2791/3076/381 2790/3075/397 2792/3077/382
f 2728/3011/364 2791/3076/381 2793/3078/365
f 2793/3078/365 2792/3077/382 2794/3079/366
f 2730/3013/349 2793/3078/365 2795/3080/350
f 2795/3080/350 2794/3079/366 2796/3081/351
f 2732/3015/334 2795/3080/350 2797/3082/335
f 2798/3083/336 2795/3080/350 2796/3081/351
f 2734/3017/319 2797/3082/335 2799/3084/320
f 2799/3084/320 2798/3083/336 2800/3085/321
f 2801/3086/305 2734/3017/319 2799/3084/320
f 2801/3086/305 2800/3085/321 2802/3087/306
f 2738/3021/289 2801/3086/305 2803/3088/290
f 2803/3088/290 2802/3087/306 2804/3089/291
f 2805/3090/275 2738/3021/289 2803/3088/290
f 2805/3090/275 2804/3089/291 2806/3091/276
f 2742/3025/259 2805/3090/275 2807/3092/260
f 2807/3092/260 2806/3091/276 2808/3093/261
f 2744/3027/244 2807/3092/260 2809/3094/245
f 2810/3095/246 2807/3092/260 2808/3093/261
f 2746/3029/229 2809/3094/245 2811/3096/230
f 2811/3096/230 2810/3095/246 2812/3097/231
f 2748/3031/214 2811/3096/230 2813/3098/215
f 2813/3098/215 2812/3097/231 2814/3099/216
f 2815/3100/200 2748/3031/214 2813/3098/215
f 2815/3100/200 2814/3099/216 2816/3101/201
f 2752/3035/184 2815/3100/200 2817/3102/185
f 2818/3103/186 2815/3100/200 2816/3101/201
f 2754/3037/169 2817/3102/185 2819/3104/170
f 2819/3104/170 2818/3103/186 2820/3105/171
f 2756/3039/154 2819/3104/170 2821/3106/155
f 2821/3106/155 2820/3105/171 2822/3107/156
f 2758/3041/138 2821/3106/155 2823/3044/139
f 2823/3044/139 2822/3107/156 2824/3108/140
f 2761/3043/124 2824/3108/140 2826/3047/125
f 2824/3108/140 2887/3109/157 2825/3110/141
f 2826/3047/125 2825/3110/141 2827/3111/126
f 2829/3112/111 2826/3047/125 2827/3111/126
f 2827/3111/126 2890/3113/142 2828/3114/127
f 2829/3112/111 2828/3114/127 2830/3115/112
f 2831/3116/96 2764/3048/110 2829/3112/111
f 2831/3116/96 2830/3115/112 2832/3117/97
f 2768/3051/80 2831/3116/96 2833/3118/81
f 2833/3118/81 2832/3117/97 2834/3119/82
f 2770/3053/542 2833/3118/81 2835/3120/70
f 2836/3121/543 2833/3118/81 2834/3119/82
f 2772/3055/532 2835/3120/70 2837/3122/533
f 2837/3122/533 2836/3121/543 2838/3123/534
f 2774/3057/517 2837/3122/533 2839/3124/518
f 2839/3124/518 2838/3123/534 2840/3125/519
f 2841/3126/503 2774/3057/517 2839/3124/518
f 2841/3126/503 2840/3125/519 2842/3127/504
f 2778/3061/487 2841/3126/503 2843/3128/488
f 2844/3129/489 2841/3126/503 2842/3127/504
f 2845/3130/473 2778/3061/487 2843/3128/488
f 2845/3130/473 2844/3129/489 2846/3131/474
f 2782/3065/457 2845/3130/473 2847/3132/458
f 2848/3133/459 2845/3130/473 2846/3131/474
f 2849/3134/443 2782/3065/457 2847/3132/458
f 2850/3135/444 2847/3132/458 2848/3133/459
f 2851/3136/428 2784/3067/442 2849/3134/443
f 2852/3137/429 2849/3134/443 2850/3135/444
f 2853/3138/413 2786/3072/427 2851/3139/428
f 2853/3138/413 2852/3140/429 2854/3141/414
f 2855/3142/398 2788/3073/412 2853/3138/413
f 2855/3142/398 2854/3141/414 2856/3143/399
f 2857/3144/383 2790/3075/397 2855/3142/398
f 2857/3144/383 2856/3143/399 2858/3145/384
f 2859/3146/367 2792/3077/382 2857/3144/383
f 2860/3147/368 2857/3144/383 2858/3145/384
f 2861/3148/352 2794/3079/366 2859/3146/367
f 2861/3148/352 2860/3147/368 2862/3149/353
f 2863/3150/337 2796/3081/351 2861/3148/352
f 2863/3150/337 2862/3149/353 2864/3151/338
f 2800/3085/321 2863/3150/337 2865/3152/322
f 2865/3152/322 2864/3151/338 2866/3153/323
f 2867/3154/307 2800/3085/321 2865/3152/322
f 2867/3154/307 2866/3153/323 2868/3155/308
f 2804/3089/291 2867/3154/307 2869/3156/292
f 2869/3156/292 2868/3155/308 2870/3157/293
f 2871/3158/277 2804/3089/291 2869/3156/292
f 2872/3159/278 2869/3156/292 2870/3157/293
f 2808/3093/261 2871/3158/277 2873/3160/262
f 2873/3160/262 2872/3159/278 2874/3161/263
f 2810/3095/246 2873/3160/262 2875/3162/247
f 2876/3163/248 2873/3160/262 2874/3161/263
f 2812/3097/231 2875/3162/247 2877/3164/232
f 2878/3165/233 2875/3162/247 2876/3163/248
f 2879/3166/217 2812/3097/231 2877/3164/232
f 2880/3167/218 2877/3164/232 2878/3165/233
f 2816/3101/201 2879/3166/217 2881/3168/202
f 2882/3169/203 2879/3166/217 2880/3167/218
f 2818/3103/186 2881/3168/202 2883/3170/187
f 2884/3171/188 2881/3168/202 2882/3169/203
f 2820/3105/171 2883/3170/187 2885/3172/172
f 2885/3172/172 2884/3171/188 2886/3173/173
f 2887/3109/157 2820/3105/171 2885/3172/172
f 2887/3109/157 2886/3173/173 2888/3174/158
f 2890/3113/142 2887/3109/157 2888/3174/158
f 2889/3175/159 2886/3173/173 2951/3176/174
f 2890/3113/142 2889/3175/159 2891/3177/143
f 2828/3114/127 2891/3177/143 2893/3178/128
f 2892/3179/144 2889/3175/159 2954/3180/160
f 2893/3178/128 2892/3179/144 2894/3181/129
f 2895/3182/113 2828/3114/127 2893/3178/128
f 2895/3182/113 2894/3181/129 2896/3183/114
f 2897/3184/98 2830/3115/112 2895/3182/113
f 2897/3184/98 2896/3183/114 2898/3185/99
f 2899/3186/83 2832/3117/97 2897/3184/98
f 2900/3187/84 2897/3184/98 2898/3185/99
f 2901/3188/544 2834/3119/82 2899/3186/83
f 2901/3188/544 2900/3187/84 2902/3189/545
f 2903/3190/535 2836/3121/543 2901/3188/544
f 2903/3190/535 2902/3189/545 2904/3191/536
f 2905/3192/520 2838/3123/534 2903/3190/535
f 2906/3193/521 2903/3190/535 2904/3191/536
f 2842/3127/504 2905/3192/520 2907/3194/505
f 2907/3194/505 2906/3193/521 2908/3195/506
f 2909/3196/490 2842/3127/504 2907/3194/505
f 2910/3197/491 2907/3194/505 2908/3195/506
f 2911/3198/475 2844/3129/489 2909/3196/490
f 2912/3199/476 2909/3196/490 2910/3197/491
f 2913/3200/460 2846/3131/474 2911/3198/475
f 2913/3200/460 2912/3199/476 2914/3201/461
f 2850/3135/444 2913/3200/460 2915/3202/445
f 2915/3202/445 2914/3201/461 2916/3203/446
f 2917/3204/430 2850/3135/444 2915/3202/445
f 2918/3205/431 2915/3202/445 2916/3203/446
f 2919/3206/415 2852/3140/429 2917/3207/430
f 2920/3208/416 2917/3207/430 2918/3209/431
f 2856/3143/399 2919/3206/415 2921/3210/400
f 2922/3211/401 2919/3206/415 2920/3208/416
f 2858/3145/384 2921/3210/400 2923/3212/385
f 2923/3212/385 2922/3211/401 2924/3213/386
f 2925/3214/369 2858/3145/384 2923/3212/385
f 2925/3214/369 2924/3213/386 2926/3215/370
f 2862/3149/353 2925/3214/369 2927/3216/354
f 2928/3217/355 2925/3214/369 2926/3215/370
f 2864/3151/338 2927/3216/354 2929/3218/339
f 2930/3219/340 2927/3216/354 2928/3217/355
f 2931/3220/324 2864/3151/338 2929/3218/339
f 2932/3221/325 2929/3218/339 2930/3219/340
f 2868/3155/308 2931/3220/324 2933/3222/309
f 2933/3222/309 2932/3221/325 2934/3223/310
f 2935/3224/294 2868/3155/308 2933/3222/309
f 2935/3224/294 2934/3223/310 2936/3225/295
f 2937/3226/279 2870/3157/293 2935/3224/294
f 2937/3226/279 2936/3225/295 2938/3227/280
f 2939/3228/264 2872/3159/278 2937/3226/279
f 2939/3228/264 2938/3227/280 2940/3229/265
f 2876/3163/248 2939/3228/264 2941/3230/249
f 2942/3231/250 2939/3228/264 2940/3229/265
f 2943/3232/234 2876/3163/248 2941/3230/249
f 2944/3233/235 2941/3230/249 2942/3231/250
f 2880/3167/218 2943/3232/234 2945/3234/219
f 2945/3234/219 2944/3233/235 2946/3235/220
f 2882/3169/203 2945/3234/219 2947/3236/204
f 2947/3236/204 2946/3235/220 2948/3237/205
f 2949/3238/189 2882/3169/203 2947/3236/204
f 2950/3239/190 2947/3236/204 2948/3237/205
f 2886/3173/173 2949/3238/189 2951/3176/174
f 2951/3176/174 2950/3239/190 2952/3240/175
f 2954/3180/160 2951/3176/174 2952/3240/175
f 2952/3240/175 2964/3241/191 2953/3242/176
f 2955/3243/161 2952/3240/175 2953/3242/176
f 2892/3179/144 2955/3243/161 2956/3244/1158
f 2957/3245/372 2956/3244/1158 2955/3243/161
f 2957/3246/372 2955/3243/161 2953/3242/176
f 2957/3247/372 2958/3248/371 2976/3249/553
f 2957/3250/372 2975/3251/1159 2958/3248/371
f 2957/3252/372 2986/3253/537 2959/3254/546
f 2957/3255/372 2959/3254/546 2960/3256/85
f 2957/3257/372 2960/3256/85 2961/3258/100
f 2957/3259/372 2961/3258/100 2962/3260/115
f 2957/3261/372 2962/3260/115 2963/3262/130
f 2957/3263/372 2963/3262/130 2956/3244/1158
f 2957/3264/372 2953/3242/176 2964/3241/191
f 2957/3265/372 2964/3241/191 2965/3266/206
f 2957/3267/372 2965/3266/206 2966/3268/221
f 2957/3269/372 2966/3268/221 2967/3270/236
f 2957/3271/372 2967/3270/236 2968/3272/251
f 2957/3273/372 2968/3272/251 2969/3274/266
f 2957/3275/372 2969/3274/266 2970/3276/281
f 2957/3277/372 2970/3276/281 2971/3278/296
f 2957/3279/372 2971/3278/296 2972/3280/311
f 2957/3281/372 2972/3280/311 2973/3282/326
f 2957/3283/372 2973/3282/326 2974/3284/341
f 2957/3285/372 2974/3284/341 2975/3251/1159
f 2957/3286/372 2976/3249/553 2977/3287/402
f 2957/3288/372 2977/3287/402 2978/3289/417
f 2957/3290/372 2978/3289/417 2979/3291/432
f 2957/3292/372 2979/3293/432 2980/3294/447
f 2957/3295/372 2980/3294/447 2981/3296/462
f 2957/3297/372 2981/3296/462 2982/3298/1160
f 2957/3299/372 2982/3298/1160 2983/3300/492
f 2957/3301/372 2983/3300/492 2984/3302/1161
f 2957/3303/372 2984/3302/1161 2985/3304/522
f 2957/3305/372 2985/3304/522 2986/3253/537
f 2904/3191/536 2959/3254/546 2986/3253/537
f 2985/3304/522 2904/3191/536 2986/3253/537
f 2908/3195/506 2985/3304/522 2984/3302/1161
f 2910/3197/491 2984/3302/1161 2983/3300/492
f 2982/3298/1160 2910/3197/491 2983/3300/492
f 2981/3296/462 2912/3199/476 2982/3298/1160
f 2980/3294/447 2914/3201/461 2981/3296/462
f 2918/3205/431 2980/3294/447 2979/3293/432
f 2978/3289/417 2918/3209/431 2979/3291/432
f 2977/3287/402 2920/3208/416 2978/3289/417
f 2924/3213/386 2977/3287/402 2976/3249/553
f 2926/3215/370 2976/3249/553 2958/3248/371
f 2975/3251/1159 2926/3215/370 2958/3248/371
f 2930/3219/340 2975/3251/1159 2974/3284/341
f 2932/3221/325 2974/3284/341 2973/3282/326
f 2934/3223/310 2973/3282/326 2972/3280/311
f 2971/3278/296 2934/3223/310 2972/3280/311
f 2938/3227/280 2971/3278/296 2970/3276/281
f 2940/3229/265 2970/3276/281 2969/3274/266
f 2942/3231/250 2969/3274/266 2968/3272/251
f 2944/3233/235 2968/3272/251 2967/3270/236
f 2946/3235/220 2967/3270/236 2966/3268/221
f 2965/3266/206 2946/3235/220 2966/3268/221
f 2950/3239/190 2965/3266/206 2964/3241/191
f 2963/3262/130 2892/3179/144 2956/3244/1158
f 2962/3260/115 2894/3181/129 2963/3262/130
f 2961/3258/100 2896/3183/114 2962/3260/115
f 2900/3187/84 2961/3258/100 2960/3256/85
f 2902/3189/545 2960/3256/85 2959/3254/546
f 2987/3306/86 2628/2906/102 2631/3307/87
f 2988/2824/72 2987/3306/86 2631/3307/87
f 2541/2827/539 2989/3308/71 2988/2824/72
f 2989/3308/71 2990/3309/146 2987/3306/86
f 2991/3310/538 2990/3311/146 2989/3308/71
f 2544/3312/524 2991/3310/538 2541/2827/539
f 2992/3313/523 2990/3314/146 2991/3310/538
f 2993/3315/508 2544/3312/524 2547/2829/509
f 2993/3315/508 2990/3316/146 2992/3313/523
f 2550/3317/494 2993/3315/508 2547/2829/509
f 2994/3318/493 2990/3319/146 2993/3315/508
f 2553/2834/479 2994/3318/493 2550/3317/494
f 2995/3320/478 2990/3321/146 2994/3318/493
f 2996/3322/463 2553/2834/479 2556/2837/464
f 2996/3322/463 2990/3323/146 2995/3320/478
f 2997/3324/448 2556/2837/464 2559/2843/449
f 2997/3324/448 2990/3325/146 2996/3322/463
f 2998/3326/433 2559/2843/449 2562/2846/434
f 2998/3326/433 2990/3327/146 2997/3324/448
f 2565/3328/419 2998/3326/433 2562/2846/434
f 2999/3329/418 2990/3330/146 2998/3326/433
f 3000/3331/403 2565/3332/419 2568/2848/404
f 3000/3331/403 2990/3333/146 2999/3334/418
f 2571/2853/389 3000/3331/403 2568/2848/404
f 3001/3335/388 2990/3336/146 3000/3331/403
f 3002/3337/373 2571/2853/389 2574/2859/374
f 3002/3337/373 2990/3338/146 3001/3335/388
f 2577/3339/358 3002/3337/373 2574/2859/374
f 3003/3340/357 2990/3341/146 3002/3337/373
f 3004/3342/342 2577/3339/358 2580/2861/343
f 3004/3342/342 2990/3343/146 3003/3340/357
f 2583/2864/328 3004/3342/342 2580/2861/343
f 3005/3344/327 2990/3345/146 3004/3342/342
f 2586/2867/313 3005/3344/327 2583/2864/328
f 3006/3346/312 2990/3347/146 3005/3344/327
f 2589/2873/298 3006/3346/312 2586/2867/313
f 3007/3348/297 2990/3349/146 3006/3346/312
f 3008/3350/282 2589/2873/298 2592/2876/283
f 3008/3350/282 2990/3351/146 3007/3348/297
f 2595/2879/268 3008/3350/282 2592/2876/283
f 3009/3352/267 2990/3353/146 3008/3350/282
f 2598/3354/253 3009/3352/267 2595/2879/268
f 3010/3355/548 2990/3356/146 3009/3352/267
f 2601/2881/238 3010/3355/548 2598/3354/253
f 3011/3357/237 2990/3358/146 3010/3355/548
f 3012/3359/222 2601/2881/238 2604/2884/223
f 3012/3359/222 2990/3360/146 3011/3357/237
f 2607/2887/208 3012/3359/222 2604/2884/223
f 3013/3361/207 2990/3362/146 3012/3359/222
f 2610/3363/193 3013/3361/207 2607/2887/208
f 3014/3364/192 2990/3365/146 3013/3361/207
f 3015/3366/177 2610/3363/193 2613/2892/178
f 3015/3366/177 2990/3367/146 3014/3364/192
f 2616/3368/163 3015/3366/177 2613/2892/178
f 3016/3369/162 2990/3370/146 3015/3366/177
f 3017/3371/147 2616/3368/163 2619/2897/148
f 3017/3371/147 2990/3372/146 3016/3369/162
f 3018/3373/1162 2990/3374/146 3017/3371/147
f 2622/2900/132 3017/3371/147 2619/2897/148
f 3019/3375/116 2622/2900/132 2625/2903/117
f 3019/3375/116 2990/3376/146 3018/3373/1162
f 3020/3377/101 2625/2903/117 2628/2906/102
f 3020/3377/101 2990/3378/146 3019/3375/116
f 2987/3306/86 2990/3379/146 3020/3377/101
f 3116/3380/526 3021/3381/65 3024/3382/540
f 3021/3381/65 3470/3383/524 3023/3384/539
f 3025/3385/73 3023/3384/539 3026/3386/72
f 3024/3382/540 3025/3385/73 3027/3387/74
f 3025/3385/73 3029/3388/87 3028/3389/88
f 3027/3387/74 3028/3389/88 3030/3390/89
f 3028/3389/88 3032/3391/102 3031/3392/103
f 3030/3390/89 3031/3392/103 3033/3393/104
f 3034/3394/118 3032/3391/102 3035/3395/117
f 3033/3393/104 3034/3394/118 3036/3396/119
f 3037/3397/133 3035/3395/117 3038/3398/132
f 3036/3396/119 3037/3397/133 3039/3399/134
f 3037/3397/133 3041/3400/148 3040/3401/149
f 3039/3399/134 3040/3401/149 3042/3402/150
f 3040/3401/149 3044/3403/163 3043/3404/164
f 3042/3402/150 3043/3404/164 3045/3405/165
f 3046/3406/179 3044/3403/163 3047/3407/178
f 3048/3408/180 3043/3404/164 3046/3406/179
f 3046/3409/179 3050/3410/193 3049/3411/194
f 3048/3412/180 3049/3411/194 3051/3413/195
f 3049/3411/194 3053/3414/208 3052/3415/209
f 3051/3413/195 3052/3415/209 3054/3416/210
f 3055/3417/224 3053/3414/208 3056/3418/223
f 3054/3416/210 3055/3417/224 3057/3419/225
f 3058/3420/239 3056/3418/223 3059/3421/238
f 3057/3419/225 3058/3420/239 3060/3422/240
f 3058/3420/239 3062/3423/253 3061/3424/254
f 3060/3422/240 3061/3424/254 3063/3425/255
f 3064/3426/269 3062/3423/253 3065/3427/268
f 3063/3425/255 3064/3426/269 3066/3428/270
f 3067/3429/284 3065/3427/268 3068/3430/283
f 3069/3431/285 3064/3426/269 3067/3429/284
f 3070/3432/299 3068/3430/283 3071/3433/298
f 3072/3434/300 3067/3429/284 3070/3432/299
f 3070/3432/299 3074/3435/313 3073/3436/314
f 3075/3437/315 3070/3432/299 3073/3436/314
f 3073/3436/314 3077/3438/328 3076/3439/329
f 3075/3437/315 3076/3439/329 3078/3440/330
f 3076/3439/329 3080/3441/343 3079/3442/344
f 3081/3443/345 3076/3439/329 3079/3442/344
f 3079/3442/344 3083/3444/358 3082/3445/359
f 3084/3446/360 3079/3442/344 3082/3445/359
f 3085/3447/375 3083/3444/358 3086/3448/374
f 3084/3446/360 3085/3447/375 3087/3449/376
f 3085/3447/375 3089/3450/389 3088/3451/390
f 3087/3449/376 3088/3451/390 3090/3452/391
f 3091/3453/405 3089/3450/389 3092/3454/404
f 3090/3452/391 3091/3453/405 3093/3455/406
f 3091/3453/405 3095/3456/419 3094/3457/420
f 3096/3458/421 3091/3453/405 3094/3457/420
f 3097/3459/435 3095/3456/419 3098/3460/434
f 3099/3461/436 3094/3457/420 3097/3459/435
f 3097/3459/435 3101/3462/449 3100/3463/450
f 3099/3461/436 3100/3463/450 3102/3464/451
f 3103/3465/465 3101/3462/449 3104/3466/464
f 3105/3467/466 3100/3463/450 3103/3465/465
f 3103/3465/465 3107/3468/479 3106/3469/480
f 3108/3470/481 3103/3465/465 3106/3469/480
f 3109/3471/495 3107/3468/479 3110/3472/494
f 3108/3470/481 3109/3471/495 3111/3473/496
f 3112/3474/510 3110/3472/494 3113/3475/509
f 3114/3476/511 3109/3471/495 3112/3474/510
f 3112/3474/510 3470/3383/524 3022/3477/525
f 3114/3476/511 3022/3477/525 3116/3380/526
f 3177/3478/497 3114/3476/511 3115/3479/512
f 3115/3479/512 3116/3380/526 3117/3480/527
f 3117/3480/527 3024/3382/540 3119/3481/66
f 3118/3482/528 3115/3479/512 3117/3480/527
f 3120/3483/541 3117/3480/527 3119/3481/66
f 3119/3481/66 3027/3387/74 3121/3484/75
f 3122/3485/76 3119/3481/66 3121/3484/75
f 3123/3486/90 3027/3387/74 3030/3390/89
f 3124/3487/91 3121/3484/75 3123/3486/90
f 3123/3486/90 3033/3393/104 3125/3488/105
f 3124/3487/91 3125/3488/105 3126/3489/106
f 3125/3488/105 3036/3396/119 3127/3490/120
f 3126/3489/106 3127/3490/120 3128/3491/121
f 3127/3490/120 3039/3399/134 3129/3492/135
f 3128/3491/121 3129/3492/135 3130/3493/136
f 3129/3492/135 3042/3402/150 3131/3494/151
f 3130/3493/136 3131/3494/151 3132/3495/152
f 3133/3496/166 3042/3402/150 3045/3405/165
f 3134/3497/167 3131/3494/151 3133/3496/166
f 3133/3496/166 3048/3408/180 3135/3498/181
f 3134/3497/167 3135/3498/181 3136/3499/182
f 3137/3500/196 3048/3412/180 3051/3413/195
f 3138/3501/197 3135/3502/181 3137/3500/196
f 3139/3503/211 3051/3413/195 3054/3416/210
f 3138/3501/197 3139/3503/211 3140/3504/212
f 3141/3505/226 3054/3416/210 3057/3419/225
f 3140/3504/212 3141/3505/226 3142/3506/227
f 3141/3505/226 3060/3422/240 3143/3507/241
f 3144/3508/242 3141/3505/226 3143/3507/241
f 3145/3509/256 3060/3422/240 3063/3425/255
f 3146/3510/257 3143/3507/241 3145/3509/256
f 3145/3509/256 3066/3428/270 3147/3511/271
f 3146/3510/257 3147/3511/271 3148/3512/272
f 3147/3511/271 3069/3431/285 3149/3513/286
f 3148/3512/272 3149/3513/286 3150/3514/287
f 3149/3513/286 3072/3434/300 3151/3515/301
f 3150/3514/287 3151/3515/301 3152/3516/302
f 3153/3517/316 3072/3434/300 3075/3437/315
f 3154/3518/317 3151/3515/301 3153/3517/316
f 3155/3519/331 3075/3437/315 3078/3440/330
f 3154/3518/317 3155/3519/331 3156/3520/332
f 3157/3521/346 3078/3440/330 3081/3443/345
f 3156/3520/332 3157/3521/346 3158/3522/347
f 3157/3521/346 3084/3446/360 3159/3523/361
f 3158/3522/347 3159/3523/361 3160/3524/362
f 3161/3525/377 3084/3446/360 3087/3449/376
f 3160/3524/362 3161/3525/377 3162/3526/378
f 3161/3525/377 3090/3452/391 3163/3527/392
f 3162/3526/378 3163/3527/392 3164/3528/393
f 3165/3529/407 3090/3452/391 3093/3455/406
f 3166/3530/408 3163/3527/392 3165/3529/407
f 3167/3531/422 3093/3455/406 3096/3458/421
f 3166/3530/408 3167/3531/422 3168/3532/423
f 3167/3531/422 3099/3461/436 3169/3533/437
f 3170/3534/438 3167/3531/422 3169/3533/437
f 3169/3533/437 3102/3464/451 3171/3535/452
f 3172/3536/453 3169/3533/437 3171/3535/452
f 3173/3537/467 3102/3464/451 3105/3467/466
f 3174/3538/468 3171/3535/452 3173/3537/467
f 3173/3537/467 3108/3470/481 3175/3539/482
f 3176/3540/483 3173/3537/467 3175/3539/482
f 3177/3478/497 3108/3470/481 3111/3473/496
f 3178/3541/498 3175/3539/482 3177/3478/497
f 3180/3542/513 3177/3478/497 3115/3479/512
f 3179/3543/499 3176/3540/483 3178/3541/498
f 3179/3543/499 3180/3542/513 3181/3544/514
f 3181/3544/514 3118/3482/528 3183/3545/529
f 3182/3546/515 3179/3543/499 3181/3544/514
f 3184/3547/530 3181/3544/514 3183/3545/529
f 3185/3548/67 3118/3482/528 3120/3483/541
f 3186/3549/68 3183/3545/529 3185/3548/67
f 3186/3549/68 3187/3550/77 3188/3551/78
f 3187/3550/77 3120/3483/541 3122/3485/76
f 3189/3552/92 3122/3485/76 3124/3487/91
f 3188/3551/78 3189/3552/92 3190/3553/93
f 3191/3554/107 3124/3487/91 3126/3489/106
f 3190/3553/93 3191/3554/107 3192/3555/108
f 3193/3556/122 3126/3489/106 3128/3491/121
f 3194/3557/123 3191/3554/107 3193/3556/122
f 3195/3558/137 3128/3491/121 3130/3493/136
f 3196/3559/138 3193/3556/122 3195/3558/137
f 3195/3558/137 3132/3495/152 3197/3560/153
f 3198/3561/154 3195/3558/137 3197/3560/153
f 3199/3562/168 3132/3495/152 3134/3497/167
f 3198/3561/154 3199/3562/168 3200/3563/169
f 3199/3562/168 3136/3499/182 3201/3564/183
f 3202/3565/184 3199/3562/168 3201/3564/183
f 3203/3566/198 3136/3567/182 3138/3501/197
f 3204/3568/199 3201/3569/183 3203/3566/198
f 3205/3570/213 3138/3501/197 3140/3504/212
f 3206/3571/214 3203/3566/198 3205/3570/213
f 3205/3570/213 3142/3506/227 3207/3572/228
f 3208/3573/229 3205/3570/213 3207/3572/228
f 3207/3572/228 3144/3508/242 3209/3574/243
f 3210/3575/244 3207/3572/228 3209/3574/243
f 3211/3576/258 3144/3508/242 3146/3510/257
f 3212/3577/259 3209/3574/243 3211/3576/258
f 3213/3578/273 3146/3510/257 3148/3512/272
f 3214/3579/274 3211/3576/258 3213/3578/273
f 3213/3578/273 3150/3514/287 3215/3580/288
f 3216/3581/289 3213/3578/273 3215/3580/288
f 3215/3580/288 3152/3516/302 3217/3582/303
f 3218/3583/304 3215/3580/288 3217/3582/303
f 3217/3582/303 3154/3518/317 3219/3584/318
f 3220/3585/319 3217/3582/303 3219/3584/318
f 3221/3586/333 3154/3518/317 3156/3520/332
f 3220/3585/319 3221/3586/333 3222/3587/334
f 3223/3588/348 3156/3520/332 3158/3522/347
f 3222/3587/334 3223/3588/348 3224/3589/349
f 3225/3590/363 3158/3522/347 3160/3524/362
f 3226/3591/364 3223/3588/348 3225/3590/363
f 3225/3590/363 3162/3526/378 3227/3592/379
f 3228/3593/380 3225/3590/363 3227/3592/379
f 3229/3594/394 3162/3526/378 3164/3528/393
f 3228/3593/380 3229/3594/394 3230/3595/395
f 3229/3594/394 3166/3530/408 3231/3596/409
f 3230/3595/395 3231/3596/409 3232/3597/410
f 3233/3598/424 3166/3530/408 3168/3532/423
f 3234/3599/425 3231/3596/409 3233/3598/424
f 3233/3598/424 3170/3534/438 3235/3600/439
f 3236/3601/440 3233/3598/424 3235/3600/439
f 3237/3602/454 3170/3534/438 3172/3536/453
f 3238/3603/455 3235/3600/439 3237/3602/454
f 3239/3604/469 3172/3536/453 3174/3538/468
f 3238/3603/455 3239/3604/469 3240/3605/470
f 3241/3606/484 3174/3538/468 3176/3540/483
f 3240/3605/470 3241/3606/484 3242/3607/485
f 3242/3607/485 3179/3543/499 3244/3608/500
f 3243/3609/486 3240/3605/470 3242/3607/485
f 3245/3610/501 3242/3607/485 3244/3608/500
f 3245/3610/501 3182/3546/515 3247/3611/516
f 3308/3612/487 3245/3610/501 3246/3613/502
f 3248/3614/517 3245/3610/501 3247/3611/516
f 3247/3611/516 3184/3547/530 3249/3615/531
f 3250/3616/532 3247/3611/516 3249/3615/531
f 3249/3615/531 3186/3549/68 3251/3617/69
f 3250/3616/532 3251/3617/69 3252/3618/542
f 3251/3617/69 3188/3551/78 3253/3619/79
f 3252/3618/542 3253/3619/79 3254/3620/80
f 3253/3619/79 3190/3553/93 3255/3621/94
f 3254/3620/80 3255/3621/94 3256/3622/95
f 3257/3623/109 3190/3553/93 3192/3555/108
f 3256/3622/95 3257/3623/109 3258/3624/110
f 3257/3623/109 3194/3557/123 3259/3625/124
f 3258/3624/110 3259/3625/124 3260/3626/125
f 3259/3625/124 3196/3559/138 3261/3627/139
f 3260/3626/125 3261/3627/139 3262/3628/140
f 3261/3627/139 3198/3561/154 3263/3629/155
f 3262/3628/140 3263/3629/155 3264/3630/156
f 3263/3629/155 3200/3563/169 3265/3631/170
f 3264/3630/156 3265/3631/170 3266/3632/171
f 3265/3631/170 3202/3565/184 3267/3633/185
f 3266/3632/171 3267/3633/185 3268/3634/186
f 3267/3635/185 3204/3568/199 3269/3636/200
f 3268/3637/186 3269/3636/200 3270/3638/201
f 3269/3636/200 3206/3571/214 3271/3639/215
f 3270/3638/201 3271/3639/215 3272/3640/216
f 3271/3639/215 3208/3573/229 3273/3641/230
f 3272/3640/216 3273/3641/230 3274/3642/231
f 3273/3641/230 3210/3575/244 3275/3643/245
f 3276/3644/246 3273/3641/230 3275/3643/245
f 3275/3643/245 3212/3577/259 3277/3645/260
f 3276/3644/246 3277/3645/260 3278/3646/261
f 3277/3645/260 3214/3579/274 3279/3647/275
f 3278/3646/261 3279/3647/275 3280/3648/276
f 3279/3647/275 3216/3581/289 3281/3649/290
f 3282/3650/291 3279/3647/275 3281/3649/290
f 3281/3649/290 3218/3583/304 3283/3651/305
f 3284/3652/306 3281/3649/290 3283/3651/305
f 3285/3653/320 3218/3583/304 3220/3585/319
f 3286/3654/321 3283/3651/305 3285/3653/320
f 3287/3655/335 3220/3585/319 3222/3587/334
f 3286/3654/321 3287/3655/335 3288/3656/336
f 3289/3657/350 3222/3587/334 3224/3589/349
f 3288/3656/336 3289/3657/350 3290/3658/351
f 3289/3657/350 3226/3591/364 3291/3659/365
f 3290/3658/351 3291/3659/365 3292/3660/366
f 3291/3659/365 3228/3593/380 3293/3661/381
f 3292/3660/366 3293/3661/381 3294/3662/382
f 3295/3663/396 3228/3593/380 3230/3595/395
f 3294/3662/382 3295/3663/396 3296/3664/397
f 3297/3665/411 3230/3595/395 3232/3597/410
f 3296/3664/397 3297/3665/411 3298/3666/412
f 3297/3665/411 3234/3599/425 3299/3667/426
f 3298/3666/412 3299/3667/426 3300/3668/427
f 3299/3667/426 3236/3601/440 3301/3669/441
f 3300/3668/427 3301/3669/441 3302/3670/442
f 3301/3669/441 3238/3603/455 3303/3671/456
f 3302/3670/442 3303/3671/456 3304/3672/457
f 3303/3671/456 3240/3605/470 3305/3673/471
f 3304/3672/457 3305/3673/471 3306/3674/472
f 3306/3674/472 3243/3609/486 3308/3612/487
f 3369/3675/458 3306/3674/472 3307/3676/473
f 3307/3676/473 3308/3612/487 3309/3677/488
f 3309/3677/488 3246/3613/502 3311/3678/503
f 3310/3679/489 3307/3676/473 3309/3677/488
f 3310/3679/489 3311/3678/503 3312/3680/504
f 3311/3678/503 3248/3614/517 3313/3681/518
f 3314/3682/519 3311/3678/503 3313/3681/518
f 3313/3681/518 3250/3616/532 3315/3683/533
f 3316/3684/534 3313/3681/518 3315/3683/533
f 3317/3685/70 3250/3616/532 3252/3618/542
f 3318/3686/543 3315/3683/533 3317/3685/70
f 3317/3685/70 3254/3620/80 3319/3687/81
f 3318/3686/543 3319/3687/81 3320/3688/82
f 3319/3687/81 3256/3622/95 3321/3689/96
f 3320/3688/82 3321/3689/96 3322/3690/97
f 3323/3691/111 3256/3622/95 3258/3624/110
f 3324/3692/112 3321/3689/96 3323/3691/111
f 3325/3693/126 3258/3624/110 3260/3626/125
f 3324/3692/112 3325/3693/126 3326/3694/127
f 3327/3695/141 3260/3626/125 3262/3628/140
f 3328/3696/142 3325/3693/126 3327/3695/141
f 3329/3697/157 3262/3628/140 3264/3630/156
f 3330/3698/158 3327/3695/141 3329/3697/157
f 3329/3697/157 3266/3632/171 3331/3699/172
f 3330/3698/158 3331/3699/172 3332/3700/173
f 3333/3701/187 3266/3632/171 3268/3634/186
f 3334/3702/188 3331/3699/172 3333/3701/187
f 3333/3703/187 3270/3638/201 3335/3704/202
f 3334/3705/188 3335/3704/202 3336/3706/203
f 3337/3707/217 3270/3638/201 3272/3640/216
f 3336/3706/203 3337/3707/217 3338/3708/218
f 3339/3709/232 3272/3640/216 3274/3642/231
f 3338/3708/218 3339/3709/232 3340/3710/233
f 3339/3709/232 3276/3644/246 3341/3711/247
f 3342/3712/248 3339/3709/232 3341/3711/247
f 3341/3711/247 3278/3646/261 3343/3713/262
f 3342/3712/248 3343/3713/262 3344/3714/263
f 3343/3713/262 3280/3648/276 3345/3715/277
f 3346/3716/278 3343/3713/262 3345/3715/277
f 3347/3717/292 3280/3648/276 3282/3650/291
f 3348/3718/293 3345/3715/277 3347/3717/292
f 3349/3719/307 3282/3650/291 3284/3652/306
f 3350/3720/308 3347/3717/292 3349/3719/307
f 3349/3719/307 3286/3654/321 3351/3721/322
f 3350/3720/308 3351/3721/322 3352/3722/323
f 3353/3723/337 3286/3654/321 3288/3656/336
f 3352/3722/323 3353/3723/337 3354/3724/338
f 3355/3725/352 3288/3656/336 3290/3658/351
f 3354/3724/338 3355/3725/352 3356/3726/353
f 3357/3727/367 3290/3658/351 3292/3660/366
f 3358/3728/368 3355/3725/352 3357/3727/367
f 3359/3729/383 3292/3660/366 3294/3662/382
f 3358/3728/368 3359/3729/383 3360/3730/384
f 3361/3731/398 3294/3662/382 3296/3664/397
f 3362/3732/399 3359/3729/383 3361/3731/398
f 3363/3733/413 3296/3664/397 3298/3666/412
f 3362/3732/399 3363/3733/413 3364/3734/414
f 3365/3735/428 3298/3666/412 3300/3668/427
f 3364/3734/414 3365/3735/428 3366/3736/429
f 3365/3735/428 3302/3670/442 3367/3737/443
f 3368/3738/444 3365/3735/428 3367/3737/443
f 3367/3737/443 3304/3672/457 3369/3675/458
f 3370/3739/459 3367/3737/443 3369/3675/458
f 3370/3739/459 3307/3676/473 3372/3740/474
f 3433/3741/445 3370/3739/459 3371/3742/460
f 3371/3742/460 3372/3740/474 3373/3743/475
f 3373/3743/475 3310/3679/489 3375/3744/490
f 3436/3745/461 3373/3743/475 3374/3746/476
f 3376/3747/491 3373/3743/475 3375/3744/490
f 3377/3748/505 3310/3679/489 3312/3680/504
f 3376/3747/491 3377/3748/505 3378/3749/506
f 3379/3750/520 3312/3680/504 3314/3682/519
f 3378/3749/506 3379/3750/520 3380/3751/521
f 3379/3750/520 3316/3684/534 3381/3752/535
f 3382/3753/536 3379/3750/520 3381/3752/535
f 3381/3752/535 3318/3686/543 3383/3754/544
f 3382/3753/536 3383/3754/544 3384/3755/545
f 3385/3756/83 3318/3686/543 3320/3688/82
f 3386/3757/84 3383/3754/544 3385/3756/83
f 3387/3758/98 3320/3688/82 3322/3690/97
f 3386/3757/84 3387/3758/98 3388/3759/99
f 3389/3760/113 3322/3690/97 3324/3692/112
f 3390/3761/114 3387/3758/98 3389/3760/113
f 3391/3762/128 3324/3692/112 3326/3694/127
f 3392/3763/129 3389/3760/113 3391/3762/128
f 3391/3762/128 3328/3696/142 3393/3764/143
f 3394/3765/144 3391/3762/128 3393/3764/143
f 3395/3766/159 3328/3696/142 3330/3698/158
f 3396/3767/160 3393/3764/143 3395/3766/159
f 3397/3768/174 3330/3698/158 3332/3700/173
f 3398/3769/175 3395/3766/159 3397/3768/174
f 3399/3770/189 3332/3700/173 3334/3702/188
f 3398/3769/175 3399/3770/189 3400/3771/190
f 3401/3772/204 3334/3705/188 3336/3706/203
f 3402/3773/205 3399/3774/189 3401/3772/204
f 3403/3775/219 3336/3706/203 3338/3708/218
f 3404/3776/220 3401/3772/204 3403/3775/219
f 3403/3775/219 3340/3710/233 3405/3777/234
f 3404/3776/220 3405/3777/234 3406/3778/235
f 3407/3779/249 3340/3710/233 3342/3712/248
f 3406/3778/235 3407/3779/249 3408/3780/250
f 3409/3781/264 3342/3712/248 3344/3714/263
f 3410/3782/265 3407/3779/249 3409/3781/264
f 3411/3783/279 3344/3714/263 3346/3716/278
f 3410/3782/265 3411/3783/279 3412/3784/280
f 3411/3783/279 3348/3718/293 3413/3785/294
f 3412/3784/280 3413/3785/294 3414/3786/295
f 3413/3785/294 3350/3720/308 3415/3787/309
f 3414/3786/295 3415/3787/309 3416/3788/310
f 3415/3787/309 3352/3722/323 3417/3789/324
f 3418/3790/325 3415/3787/309 3417/3789/324
f 3419/3791/339 3352/3722/323 3354/3724/338
f 3418/3790/325 3419/3791/339 3420/3792/340
f 3421/3793/354 3354/3724/338 3356/3726/353
f 3422/3794/355 3419/3791/339 3421/3793/354
f 3421/3793/354 3358/3728/368 3423/3795/369
f 3424/3796/370 3421/3793/354 3423/3795/369
f 3425/3797/385 3358/3728/368 3360/3730/384
f 3424/3796/370 3425/3797/385 3426/3798/386
f 3427/3799/400 3360/3730/384 3362/3732/399
f 3428/3800/401 3425/3797/385 3427/3799/400
f 3429/3801/415 3362/3732/399 3364/3734/414
f 3428/3800/401 3429/3801/415 3430/3802/416
f 3429/3801/415 3366/3736/429 3431/3803/430
f 3432/3804/431 3429/3801/415 3431/3803/430
f 3433/3741/445 3366/3736/429 3368/3738/444
f 3432/3804/431 3433/3741/445 3434/3805/446
f 3436/3745/461 3433/3741/445 3371/3742/460
f 3446/3806/432 3434/3805/446 3435/3807/447
f 3437/3808/462 3434/3805/446 3436/3745/461
f 3437/3808/462 3374/3746/476 3438/3809/1160
f 3439/3810/372 3437/3808/462 3438/3809/1160
f 3439/3811/372 3435/3807/447 3437/3808/462
f 3439/3812/372 3458/3813/236 3440/3814/251
f 3439/3815/372 3440/3814/251 3457/3816/266
f 3439/3817/372 3441/3818/546 3468/3819/85
f 3439/3820/372 3442/3821/537 3441/3818/546
f 3439/3822/372 3443/3823/522 3442/3821/537
f 3439/3824/372 3444/3825/507 3443/3823/522
f 3439/3826/372 3445/3827/492 3444/3825/507
f 3439/3828/372 3438/3809/1160 3445/3827/492
f 3439/3829/372 3446/3806/432 3435/3807/447
f 3439/3830/372 3447/3831/417 3446/3806/432
f 3439/3832/372 3448/3833/402 3447/3831/417
f 3439/3834/372 3449/3835/553 3448/3833/402
f 3439/3836/372 3450/3837/371 3449/3835/553
f 3439/3838/372 3451/3839/356 3450/3837/371
f 3439/3840/372 3452/3841/341 3451/3839/356
f 3439/3842/372 3453/3843/326 3452/3841/341
f 3439/3844/372 3454/3845/311 3453/3843/326
f 3439/3846/372 3455/3847/296 3454/3845/311
f 3439/3848/372 3456/3849/281 3455/3847/296
f 3439/3850/372 3457/3816/266 3456/3849/281
f 3439/3851/372 3459/3852/221 3458/3813/236
f 3439/3853/372 3460/3854/206 3459/3852/221
f 3439/3855/372 3461/3856/191 3460/3854/206
f 3439/3857/372 3462/3858/176 3461/3859/191
f 3439/3860/372 3463/3861/161 3462/3858/176
f 3439/3862/372 3464/3863/1158 3463/3861/161
f 3439/3864/372 3465/3865/130 3464/3863/1158
f 3439/3866/372 3466/3867/1163 3465/3865/130
f 3439/3868/372 3467/3869/100 3466/3867/1163
f 3439/3870/372 3468/3819/85 3467/3869/100
f 3441/3818/546 3386/3757/84 3468/3819/85
f 3468/3819/85 3388/3759/99 3467/3869/100
f 3466/3867/1163 3388/3759/99 3390/3761/114
f 3465/3865/130 3390/3761/114 3392/3763/129
f 3465/3865/130 3394/3765/144 3464/3863/1158
f 3464/3863/1158 3396/3767/160 3463/3861/161
f 3463/3861/161 3398/3769/175 3462/3858/176
f 3461/3859/191 3398/3769/175 3400/3771/190
f 3461/3856/191 3402/3773/205 3460/3854/206
f 3459/3852/221 3402/3773/205 3404/3776/220
f 3458/3813/236 3404/3776/220 3406/3778/235
f 3458/3813/236 3408/3780/250 3440/3814/251
f 3440/3814/251 3410/3782/265 3457/3816/266
f 3457/3816/266 3412/3784/280 3456/3849/281
f 3455/3847/296 3412/3784/280 3414/3786/295
f 3455/3847/296 3416/3788/310 3454/3845/311
f 3453/3843/326 3416/3788/310 3418/3790/325
f 3452/3841/341 3418/3790/325 3420/3792/340
f 3452/3841/341 3422/3794/355 3451/3839/356
f 3450/3837/371 3422/3794/355 3424/3796/370
f 3450/3837/371 3426/3798/386 3449/3835/553
f 3448/3833/402 3426/3798/386 3428/3800/401
f 3448/3833/402 3430/3802/416 3447/3831/417
f 3446/3806/432 3430/3802/416 3432/3804/431
f 3445/3827/492 3374/3746/476 3376/3747/491
f 3445/3827/492 3378/3749/506 3444/3825/507
f 3444/3825/507 3380/3751/521 3443/3823/522
f 3443/3823/522 3382/3753/536 3442/3821/537
f 3442/3821/537 3384/3755/545 3441/3818/546
f 3113/3475/509 3502/3871/493 3469/3872/508
f 3113/3475/509 3471/3873/523 3470/3383/524
f 3023/3384/539 3471/3873/523 3473/3874/538
f 3471/3873/523 3469/3872/508 3472/3875/146
f 3473/3874/538 3471/3873/523 3472/3876/146
f 3026/3386/72 3473/3874/538 3474/3877/71
f 3474/3877/71 3473/3874/538 3472/3878/146
f 3029/3388/87 3474/3877/71 3475/3879/86
f 3475/3879/86 3474/3877/71 3472/3880/146
f 3032/3391/102 3475/3879/86 3476/3881/1164
f 3476/3881/1164 3475/3879/86 3472/3882/146
f 3032/3391/102 3477/3883/116 3035/3395/117
f 3477/3883/116 3476/3881/1164 3472/3884/146
f 3038/3398/132 3477/3883/116 3478/3885/1162
f 3478/3885/1162 3477/3883/116 3472/3886/146
f 3041/3400/148 3478/3885/1162 3479/3887/147
f 3479/3887/147 3478/3885/1162 3472/3888/146
f 3044/3403/163 3479/3887/147 3480/3889/162
f 3480/3889/162 3479/3887/147 3472/3890/146
f 3044/3403/163 3481/3891/177 3047/3407/178
f 3481/3891/177 3480/3889/162 3472/3892/146
f 3050/3410/193 3481/3893/177 3482/3894/192
f 3482/3894/192 3481/3893/177 3472/3895/146
f 3050/3410/193 3483/3896/207 3053/3414/208
f 3483/3896/207 3482/3894/192 3472/3897/146
f 3056/3418/223 3483/3896/207 3484/3898/222
f 3484/3898/222 3483/3896/207 3472/3899/146
f 3056/3418/223 3485/3900/237 3059/3421/238
f 3485/3900/237 3484/3898/222 3472/3901/146
f 3062/3423/253 3485/3900/237 3486/3902/252
f 3486/3902/252 3485/3900/237 3472/3903/146
f 3065/3427/268 3486/3902/252 3487/3904/267
f 3487/3904/267 3486/3902/252 3472/3905/146
f 3065/3427/268 3488/3906/282 3068/3430/283
f 3488/3906/282 3487/3904/267 3472/3907/146
f 3071/3433/298 3488/3906/282 3489/3908/297
f 3489/3908/297 3488/3906/282 3472/3909/146
f 3071/3433/298 3490/3910/312 3074/3435/313
f 3490/3910/312 3489/3908/297 3472/3911/146
f 3077/3438/328 3490/3910/312 3491/3912/327
f 3491/3912/327 3490/3910/312 3472/3913/146
f 3080/3441/343 3491/3912/327 3492/3914/342
f 3492/3914/342 3491/3912/327 3472/3915/146
f 3083/3444/358 3492/3914/342 3493/3916/357
f 3493/3916/357 3492/3914/342 3472/3917/146
f 3086/3448/374 3493/3916/357 3494/3918/1165
f 3494/3918/1165 3493/3916/357 3472/3919/146
f 3086/3448/374 3495/3920/388 3089/3450/389
f 3495/3920/388 3494/3918/1165 3472/3921/146
f 3092/3454/404 3495/3920/388 3496/3922/403
f 3496/3922/403 3495/3920/388 3472/3923/146
f 3092/3454/404 3497/3924/418 3095/3456/419
f 3497/3924/418 3496/3922/403 3472/3925/146
f 3098/3460/434 3497/3924/418 3498/3926/433
f 3498/3926/433 3497/3924/418 3472/3927/146
f 3098/3460/434 3499/3928/448 3101/3462/449
f 3499/3928/448 3498/3926/433 3472/3929/146
f 3500/3930/552 3499/3928/448 3472/3931/146
f 3104/3466/464 3499/3928/448 3500/3930/552
f 3104/3466/464 3501/3932/478 3107/3468/479
f 3501/3932/478 3500/3930/552 3472/3933/146
f 3110/3472/494 3501/3932/478 3502/3871/493
f 3502/3871/493 3501/3932/478 3472/3934/146
f 3469/3872/508 3502/3871/493 3472/3935/146
f 3536/3936/36 3552/3937/20 3504/3938/4
f 3504/3939/4 3505/3940/3 3503/3941/1
f 3503/3942/1 3508/3943/64 3506/3944/2
f 3506/3944/2 3509/3945/63 3507/3946/61
f 3535/3947/33 3519/3948/49 3505/3949/3
f 3507/3946/61 3510/3950/62 3512/3951/60
f 3512/3951/60 3511/3952/1166 3513/3953/59
f 3513/3953/59 3516/3954/56 3514/3955/58
f 3514/3955/58 3517/3956/1167 3515/3957/53
f 3515/3957/53 3518/3958/54 3520/3959/52
f 3520/3959/52 3519/3960/49 3521/3961/51
f 3521/3961/51 3524/3962/48 3522/3963/50
f 3522/3963/50 3525/3964/1169 3523/3965/1168
f 3523/3965/1168 3526/3966/46 3528/3967/44
f 3528/3967/44 3527/3968/41 3529/3969/43
f 3529/3969/43 3532/3970/40 3530/3971/42
f 3530/3971/42 3533/3972/39 3531/3973/37
f 3531/3973/37 3534/3974/38 3536/3975/36
f 3536/3975/36 3535/3976/33 3537/3977/35
f 3537/3977/35 3540/3978/32 3538/3979/34
f 3538/3979/34 3541/3980/31 3539/3981/29
f 3539/3981/29 3542/3982/30 3544/3983/28
f 3544/3983/28 3543/3984/1170 3545/3985/27
f 3545/3985/27 3548/3986/24 3546/3987/26
f 3546/3987/26 3549/3988/1172 3547/3989/1171
f 3547/3989/1171 3550/3990/22 3552/3991/20
f 3552/3991/20 3551/3992/17 3553/3993/19
f 3553/3993/19 3556/3994/16 3554/3995/18
f 3554/3995/18 3557/3996/1174 3555/3997/1173
f 3555/3997/1173 3558/3998/14 3560/3999/12
f 3560/3999/12 3559/4000/9 3561/4001/11
f 3561/4001/11 3564/4002/8 3562/4003/10
f 3562/4003/10 3565/4004/7 3563/4005/5
f 3563/4005/5 3566/4006/6 3504/3939/4
f 3571/4007/1179 3567/4008/1175 3568/4009/1176
f 3569/4010/1177 3568/4011/1176 3567/4012/1175
f 3572/4013/1180 3567/4014/1175 3570/4015/1178
f 3573/4016/1181 3570/4015/1178 3571/4007/1179
f 3574/4017/1182 3572/4013/1180 3573/4016/1181
f 3574/4017/1182 3571/4007/1179 3568/4011/1176
f 3575/4018/1183 3579/4019/1187 3576/4020/1184
f 3576/4021/1184 3577/4022/1185 3575/4023/1183
f 3575/4024/1183 3580/4025/1188 3578/4026/1186
f 3578/4026/1186 3581/4027/1189 3579/4019/1187
f 3580/4025/1188 3582/4028/1190 3581/4027/1189
f 3579/4019/1187 3582/4029/1190 3576/4021/1184
f 4/3/4 1/4030/1 2/4031/2
f 2/4031/2 61/4032/61 60/4033/60
f 60/4033/60 59/4034/59 58/4035/58
f 58/4035/58 53/4036/53 52/4037/52
f 52/4037/52 51/4038/51 50/4039/50
f 50/4039/50 45/4040/45 44/4041/44
f 44/4041/44 43/4042/43 42/4043/42
f 42/4043/42 37/4044/37 36/1/36
f 36/1/36 35/4045/35 34/4046/34
f 34/4046/34 29/4047/29 28/4048/28
f 28/4048/28 27/4049/27 26/4050/26
f 26/4050/26 21/4051/21 20/2/20
f 20/2/20 19/4052/19 18/4053/18
f 18/4053/18 13/4054/13 12/4055/12
f 12/4055/12 11/4056/11 10/4057/10
f 10/4057/10 5/4058/5 4/3/4
f 4/3/4 2/4031/2 60/4033/60
f 60/4033/60 58/4035/58 52/4037/52
f 52/4037/52 50/4039/50 44/4041/44
f 44/4041/44 42/4043/42 36/1/36
f 36/1/36 34/4046/34 28/4048/28
f 28/4048/28 26/4050/26 20/2/20
f 20/2/20 18/4053/18 12/4055/12
f 12/4055/12 10/4057/10 4/3/4
f 4/3/4 60/4033/60 52/4037/52
f 52/4037/52 44/4041/44 36/1/36
f 36/1/36 28/4048/28 20/2/20
f 20/2/20 12/4055/12 4/3/4
f 4/3/4 52/4037/52 36/1/36
f 3/4/3 64/71/64 2/5/2
f 6/7/6 3/4059/3 1/8/1
f 7/10/7 6/7/6 4/9/4
f 63/14/63 64/4060/64 3/4061/3
f 3/4061/3 6/4062/6 7/4063/7
f 7/4063/7 8/4064/8 9/4065/9
f 9/4065/9 14/4066/14 15/4067/15
f 15/4067/15 16/4068/16 17/4069/17
f 17/4069/17 22/4070/22 23/4071/23
f 23/4071/23 24/4072/24 25/4073/25
f 25/4073/25 30/4074/30 31/12/31
f 31/12/31 32/4075/32 33/4076/33
f 33/4076/33 38/4077/38 39/4078/39
f 39/4078/39 40/4079/40 41/4080/41
f 41/4080/41 46/4081/46 47/13/47
f 47/13/47 48/4082/48 49/4083/49
f 49/4083/49 54/4084/54 55/4085/55
f 55/4085/55 56/4086/56 57/4087/57
f 57/4087/57 62/4088/62 63/14/63
f 63/14/63 3/4061/3 7/4063/7
f 7/4063/7 9/4065/9 15/4067/15
f 15/4067/15 17/4069/17 23/4071/23
f 23/4071/23 25/4073/25 31/12/31
f 31/12/31 33/4076/33 39/4078/39
f 39/4078/39 41/4080/41 47/13/47
f 47/13/47 49/4083/49 55/4085/55
f 55/4085/55 57/4087/57 63/14/63
f 63/14/63 7/4063/7 15/4067/15
f 15/4067/15 23/4071/23 31/12/31
f 31/12/31 39/4078/39 47/13/47
f 47/13/47 55/4085/55 63/14/63
f 63/14/63 15/4067/15 31/12/31
f 8/15/8 7/10/7 5/11/5
f 9/17/9 8/15/8 10/16/10
f 14/19/14 9/17/9 11/18/11
f 15/21/15 14/19/14 12/20/12
f 16/23/16 15/21/15 13/22/13
f 17/25/17 16/23/16 18/24/18
f 22/27/22 17/25/17 19/26/19
f 23/29/23 22/27/22 20/28/20
f 24/31/24 23/29/23 21/30/21
f 25/33/25 24/31/24 26/32/26
f 30/35/30 25/33/25 27/34/27
f 31/37/31 30/35/30 28/36/28
f 32/39/32 31/37/31 29/38/29
f 33/41/33 32/39/32 34/40/34
f 38/43/38 33/41/33 35/42/35
f 39/45/39 38/43/38 36/44/36
f 40/47/40 39/45/39 37/46/37
f 41/49/41 40/47/40 42/48/42
f 46/51/46 41/49/41 43/50/43
f 47/53/47 46/51/46 44/52/44
f 48/55/48 47/53/47 45/54/45
f 49/57/49 48/55/48 50/56/50
f 54/59/54 49/57/49 51/58/51
f 55/61/55 54/59/54 52/60/52
f 56/63/56 55/61/55 53/62/53
f 57/65/57 56/63/56 58/64/58
f 62/67/62 57/65/57 59/66/59
f 63/69/63 62/67/62 60/68/60
f 64/71/64 63/69/63 61/70/61
f 1929/2128/554 1931/2622/556 2378/2129/998
f 1932/2131/557 1929/2128/554 1930/2130/555
f 1934/2133/559 1931/2622/556 1929/2128/554
f 1933/2134/558 1929/2128/554 1932/2131/557
f 1937/2136/562 1934/2133/559 1933/2134/558
f 1936/2137/561 1933/2134/558 1935/2135/560
f 1940/2139/565 1937/2136/562 1936/2137/561
f 1939/2140/564 1936/2137/561 1938/2138/563
f 1943/2142/568 1940/2139/565 1939/2140/564
f 1942/2143/567 1939/2140/564 1941/2141/566
f 1946/2145/571 1943/2142/568 1942/2143/567
f 1945/2146/570 1942/2143/567 1944/2144/569
f 1949/2148/574 1946/2145/571 1945/2146/570
f 1948/2149/573 1945/2146/570 1947/2147/572
f 1952/2151/577 1949/2148/574 1948/2149/573
f 1951/2152/576 1948/2149/573 1950/2150/575
f 1955/2154/580 1952/2151/577 1951/2152/576
f 1954/2155/579 1951/2152/576 1953/2153/578
f 1957/2157/582 1958/2163/583 1955/2158/580
f 1959/2160/584 1957/2157/582 1954/2159/579
f 1960/2162/585 1961/2166/586 1958/2163/583
f 1962/2164/587 1960/2162/585 1957/2157/582
f 1963/2165/588 1964/2169/589 1961/2166/586
f 1965/2167/590 1963/2165/588 1960/2162/585
f 1966/2168/591 1967/2172/592 1964/2169/589
f 1968/2170/593 1966/2168/591 1963/2165/588
f 1969/2171/594 1970/2175/595 1967/2172/592
f 1971/2173/596 1969/2171/594 1966/2168/591
f 1972/2174/597 1973/2178/598 1970/2175/595
f 1974/2176/599 1972/2174/597 1969/2171/594
f 1975/2177/600 1976/2181/601 1973/2178/598
f 1977/2179/602 1975/2177/600 1972/2174/597
f 1978/2180/603 1979/2658/604 1976/2181/601
f 1980/2182/605 1978/2180/603 1975/2177/600
f 1982/2183/607 1979/2658/604 1978/2180/603
f 1981/2184/606 1978/2180/603 1980/2182/605
f 1985/2186/610 1982/2183/607 1981/2184/606
f 1984/2187/609 1981/2184/606 1983/2185/608
f 1988/2189/613 1985/2186/610 1984/2187/609
f 1987/2190/612 1984/2187/609 1986/2188/611
f 1991/2192/616 1988/2189/613 1987/2190/612
f 1990/2193/615 1987/2190/612 1989/2191/614
f 1994/2195/619 1991/2192/616 1990/2193/615
f 1993/2196/618 1990/2193/615 1992/2194/617
f 1997/2198/622 1994/2195/619 1993/2196/618
f 1996/2199/621 1993/2196/618 1995/2197/620
f 2000/2201/625 1997/2198/622 1996/2199/621
f 1999/2202/624 1996/2199/621 1998/2200/623
f 2003/2204/628 2000/2201/625 1999/2202/624
f 2002/2205/627 1999/2202/624 2001/2203/626
f 2005/2207/630 2006/2210/631 2003/2204/628
f 2007/2208/632 2005/2207/630 2002/2205/627
f 2008/2209/633 2009/2213/634 2006/2210/631
f 2010/2211/635 2008/2209/633 2005/2207/630
f 2011/2212/636 2012/2216/637 2009/2213/634
f 2013/2214/638 2011/2212/636 2008/2209/633
f 2014/2215/639 2015/2219/640 2012/2216/637
f 2016/2217/641 2014/2215/639 2011/2212/636
f 2017/2218/642 2018/2222/643 2015/2219/640
f 2019/2220/644 2017/2218/642 2014/2215/639
f 2020/2221/645 2021/2224/646 2018/2222/643
f 2022/2223/647 2020/2221/645 2017/2218/642
f 1930/2130/555 2378/2129/998 2021/2224/646
f 2024/2132/649 1930/2130/555 2020/2221/645
f 2023/2225/648 2022/2223/647 2019/2220/644
f 2025/2227/650 2024/2132/649 2022/2223/647
f 2027/2228/652 1932/2131/557 2024/2132/649
f 2026/2229/651 2025/2227/650 2023/2225/648
f 2028/2231/653 2027/2228/652 2025/2227/650
f 1935/2135/560 1932/2131/557 2027/2228/652
f 2029/2232/654 2027/2228/652 2028/2231/653
f 1938/2138/563 1935/2135/560 2029/2232/654
f 2031/2234/656 2029/2232/654 2030/2233/655
f 1941/2141/566 1938/2138/563 2031/2234/656
f 2033/2236/658 2031/2234/656 2032/2235/657
f 1944/2144/569 1941/2141/566 2033/2236/658
f 2035/2238/660 2033/2236/658 2034/2237/659
f 1947/2147/572 1944/2144/569 2035/2238/660
f 2037/2240/662 2035/2238/660 2036/2239/661
f 1950/2150/575 1947/2147/572 2037/2240/662
f 2039/2242/664 2037/2240/662 2038/2241/663
f 1953/2153/578 1950/2150/575 2039/2242/664
f 2041/2244/666 2039/2242/664 2040/2243/665
f 1956/2156/581 1953/2153/578 2041/2244/666
f 2043/2246/668 2041/2244/666 2042/2245/667
f 2045/2248/670 1959/2160/584 1956/2161/581
f 2046/2250/671 2045/2248/670 2043/2249/668
f 2047/2252/672 1962/2164/587 1959/2160/584
f 2048/2253/673 2047/2252/672 2045/2248/670
f 2049/2254/674 1965/2167/590 1962/2164/587
f 2050/2255/675 2049/2254/674 2047/2252/672
f 2051/2256/676 1968/2170/593 1965/2167/590
f 2052/2257/677 2051/2256/676 2049/2254/674
f 2053/2258/678 1971/2173/596 1968/2170/593
f 2054/2259/679 2053/2258/678 2051/2256/676
f 2055/2260/680 1974/2176/599 1971/2173/596
f 2056/2261/681 2055/2260/680 2053/2258/678
f 2057/2262/682 1977/2179/602 1974/2176/599
f 2058/2263/683 2057/2262/682 2055/2260/680
f 2059/2264/684 1980/2182/605 1977/2179/602
f 2060/2265/685 2059/2264/684 2057/2262/682
f 1983/2185/608 1980/2182/605 2059/2264/684
f 2061/2266/686 2059/2264/684 2060/2265/685
f 1986/2188/611 1983/2185/608 2061/2266/686
f 2063/2268/688 2061/2266/686 2062/2267/687
f 1989/2191/614 1986/2188/611 2063/2268/688
f 2065/2270/690 2063/2268/688 2064/2269/689
f 1992/2194/617 1989/2191/614 2065/2270/690
f 2067/2272/692 2065/2270/690 2066/2271/691
f 1995/2197/620 1992/2194/617 2067/2272/692
f 2069/2274/694 2067/2272/692 2068/2273/693
f 1998/2200/623 1995/2197/620 2069/2274/694
f 2071/2276/696 2069/2274/694 2070/2275/695
f 2001/2203/626 1998/2200/623 2071/2276/696
f 2073/2278/698 2071/2276/696 2072/2277/697
f 2004/2206/629 2001/2203/626 2073/2278/698
f 2075/2280/700 2073/2278/698 2074/2279/699
f 2077/2282/702 2007/2208/632 2004/2206/629
f 2078/2283/703 2077/2282/702 2075/2280/700
f 2079/2284/704 2010/2211/635 2007/2208/632
f 2080/2285/705 2079/2284/704 2077/2282/702
f 2081/2286/706 2013/2214/638 2010/2211/635
f 2082/2287/707 2081/2286/706 2079/2284/704
f 2083/2288/708 2016/2217/641 2013/2214/638
f 2084/2289/709 2083/2288/708 2081/2286/706
f 2085/2226/710 2019/2220/644 2016/2217/641
f 2086/2290/711 2085/2226/710 2083/2288/708
f 2088/2230/713 2023/2225/648 2085/2226/710
f 2087/2291/712 2086/2290/711 2084/2289/709
f 2089/2293/714 2088/2230/713 2086/2290/711
f 2091/2294/716 2026/2229/651 2088/2230/713
f 2090/2295/715 2089/2293/714 2087/2291/712
f 2092/2297/717 2091/2294/716 2089/2293/714
f 2093/2298/718 2028/2231/653 2026/2229/651
f 2094/2299/68 2093/2298/718 2091/2294/716
f 2095/2300/719 2093/2298/718 2094/2299/68
f 2030/2233/655 2028/2231/653 2093/2298/718
f 2032/2235/657 2030/2233/655 2095/2300/719
f 2097/2302/721 2095/2300/719 2096/2301/720
f 2034/2237/659 2032/2235/657 2097/2302/721
f 2099/2304/723 2097/2302/721 2098/2303/722
f 2036/2239/661 2034/2237/659 2099/2304/723
f 2101/2306/725 2099/2304/723 2100/2305/724
f 2038/2241/663 2036/2239/661 2101/2306/725
f 2103/2308/727 2101/2306/725 2102/2307/726
f 2040/2243/665 2038/2241/663 2103/2308/727
f 2105/2310/729 2103/2308/727 2104/2309/728
f 2042/2245/667 2040/2243/665 2105/2310/729
f 2107/2312/731 2105/2310/729 2106/2311/730
f 2044/2247/669 2042/2245/667 2107/2312/731
f 2109/2314/733 2107/2312/731 2108/2313/732
f 2111/2316/734 2046/2250/671 2044/2251/669
f 2112/2318/735 2111/2316/734 2109/2317/733
f 2113/2320/736 2048/2253/673 2046/2250/671
f 2114/2321/737 2113/2320/736 2111/2316/734
f 2115/2322/738 2050/2255/675 2048/2253/673
f 2116/2323/739 2115/2322/738 2113/2320/736
f 2117/2324/740 2052/2257/677 2050/2255/675
f 2118/2325/741 2117/2324/740 2115/2322/738
f 2119/2326/742 2054/2259/679 2052/2257/677
f 2120/2327/743 2119/2326/742 2117/2324/740
f 2121/2328/744 2056/2261/681 2054/2259/679
f 2122/2329/745 2121/2328/744 2119/2326/742
f 2123/2330/746 2058/2263/683 2056/2261/681
f 2124/2331/747 2123/2330/746 2121/2328/744
f 2125/2332/748 2060/2265/685 2058/2263/683
f 2126/2333/304 2125/2332/748 2123/2330/746
f 2062/2267/687 2060/2265/685 2125/2332/748
f 2127/2334/749 2125/2332/748 2126/2333/304
f 2064/2269/689 2062/2267/687 2127/2334/749
f 2129/2336/751 2127/2334/749 2128/2335/750
f 2066/2271/691 2064/2269/689 2129/2336/751
f 2131/2338/753 2129/2336/751 2130/2337/752
f 2068/2273/693 2066/2271/691 2131/2338/753
f 2133/2340/755 2131/2338/753 2132/2339/754
f 2070/2275/695 2068/2273/693 2133/2340/755
f 2135/2342/757 2133/2340/755 2134/2341/756
f 2072/2277/697 2070/2275/695 2135/2342/757
f 2137/2344/759 2135/2342/757 2136/2343/758
f 2074/2279/699 2072/2277/697 2137/2344/759
f 2139/2346/761 2137/2344/759 2138/2345/760
f 2076/2281/701 2074/2279/699 2139/2346/761
f 2141/2348/763 2139/2346/761 2140/2347/762
f 2143/2350/764 2078/2283/703 2076/2281/701
f 2144/2351/765 2143/2350/764 2141/2348/763
f 2145/2352/766 2080/2285/705 2078/2283/703
f 2146/2353/767 2145/2352/766 2143/2350/764
f 2147/2354/768 2082/2287/707 2080/2285/705
f 2148/2355/769 2147/2354/768 2145/2352/766
f 2149/2292/770 2084/2289/709 2082/2287/707
f 2150/2356/771 2149/2292/770 2147/2354/768
f 2152/2296/773 2087/2291/712 2149/2292/770
f 2150/2356/771 2148/2355/769 2213/2357/834
f 2152/2296/773 2150/2356/771 2151/2358/772
f 2090/2295/715 2152/2296/773 2153/2359/774
f 2153/2359/774 2151/2358/772 2216/2361/837
f 2155/2360/776 2153/2359/774 2154/2362/775
f 2092/2297/717 2090/2295/715 2155/2360/776
f 2157/2364/778 2155/2360/776 2156/2363/777
f 2094/2299/68 2092/2297/717 2157/2364/778
f 2159/2366/780 2157/2364/778 2158/2365/779
f 2161/2368/782 2096/2301/720 2094/2299/68
f 2162/2369/783 2161/2368/782 2159/2366/780
f 2163/2370/784 2098/2303/722 2096/2301/720
f 2164/2371/785 2163/2370/784 2161/2368/782
f 2165/2372/786 2100/2305/724 2098/2303/722
f 2166/2373/787 2165/2372/786 2163/2370/784
f 2167/2374/788 2102/2307/726 2100/2305/724
f 2168/2375/789 2167/2374/788 2165/2372/786
f 2169/2376/790 2104/2309/728 2102/2307/726
f 2170/2377/791 2169/2376/790 2167/2374/788
f 2171/2378/792 2106/2311/730 2104/2309/728
f 2172/2379/793 2171/2378/792 2169/2376/790
f 2173/2380/794 2108/2313/732 2106/2311/730
f 2174/2381/795 2173/2380/794 2171/2378/792
f 2175/2382/796 2110/2315/425 2108/2313/732
f 2176/2383/797 2175/2382/796 2173/2380/794
f 2112/2318/735 2110/2319/425 2175/2384/796
f 2177/2385/798 2175/2384/796 2176/2386/797
f 2114/2321/737 2112/2318/735 2177/2385/798
f 2179/2388/800 2177/2385/798 2178/2387/799
f 2116/2323/739 2114/2321/737 2179/2388/800
f 2181/2390/802 2179/2388/800 2180/2389/801
f 2118/2325/741 2116/2323/739 2181/2390/802
f 2183/2392/804 2181/2390/802 2182/2391/803
f 2120/2327/743 2118/2325/741 2183/2392/804
f 2185/2394/806 2183/2392/804 2184/2393/805
f 2122/2329/745 2120/2327/743 2185/2394/806
f 2187/2396/808 2185/2394/806 2186/2395/807
f 2124/2331/747 2122/2329/745 2187/2396/808
f 2189/2398/810 2187/2396/808 2188/2397/809
f 2126/2333/304 2124/2331/747 2189/2398/810
f 2191/2400/812 2189/2398/810 2190/2399/811
f 2193/2402/814 2128/2335/750 2126/2333/304
f 2194/2403/815 2193/2402/814 2191/2400/812
f 2195/2404/816 2130/2337/752 2128/2335/750
f 2196/2405/817 2195/2404/816 2193/2402/814
f 2197/2406/818 2132/2339/754 2130/2337/752
f 2198/2407/819 2197/2406/818 2195/2404/816
f 2199/2408/820 2134/2341/756 2132/2339/754
f 2200/2409/821 2199/2408/820 2197/2406/818
f 2201/2410/822 2136/2343/758 2134/2341/756
f 2202/2411/823 2201/2410/822 2199/2408/820
f 2203/2412/824 2138/2345/760 2136/2343/758
f 2204/2413/825 2203/2412/824 2201/2410/822
f 2205/2414/826 2140/2347/762 2138/2345/760
f 2206/2415/827 2205/2414/826 2203/2412/824
f 2207/2416/828 2142/2349/184 2140/2347/762
f 2208/2417/829 2207/2416/828 2205/2414/826
f 2144/2351/765 2142/2349/184 2207/2416/828
f 2209/2418/830 2207/2416/828 2208/2417/829
f 2146/2353/767 2144/2351/765 2209/2418/830
f 2211/2420/832 2209/2418/830 2210/2419/831
f 2148/2355/769 2146/2353/767 2211/2420/832
f 2213/2357/834 2211/2420/832 2212/2421/833
f 2151/2358/772 2213/2357/834 2214/2422/835
f 2214/2422/835 2212/2421/833 2277/2423/898
f 2216/2361/837 2214/2422/835 2215/2424/836
f 2154/2362/775 2216/2361/837 2217/2425/838
f 2217/2425/838 2215/2424/836 2280/2427/901
f 2219/2426/840 2217/2425/838 2218/2428/839
f 2156/2363/777 2154/2362/775 2219/2426/840
f 2221/2430/842 2219/2426/840 2220/2429/841
f 2158/2365/779 2156/2363/777 2221/2430/842
f 2223/2432/844 2221/2430/842 2222/2431/843
f 2160/2367/781 2158/2365/779 2223/2432/844
f 2225/2434/846 2223/2432/844 2224/2433/845
f 2227/2436/848 2162/2369/783 2160/2367/781
f 2228/2437/849 2227/2436/848 2225/2434/846
f 2229/2438/850 2164/2371/785 2162/2369/783
f 2230/2439/851 2229/2438/850 2227/2436/848
f 2231/2440/852 2166/2373/787 2164/2371/785
f 2232/2441/853 2231/2440/852 2229/2438/850
f 2233/2442/854 2168/2375/789 2166/2373/787
f 2234/2443/855 2233/2442/854 2231/2440/852
f 2235/2444/856 2170/2377/791 2168/2375/789
f 2236/2445/857 2235/2444/856 2233/2442/854
f 2237/2446/858 2172/2379/793 2170/2377/791
f 2238/2447/859 2237/2446/858 2235/2444/856
f 2239/2448/860 2174/2381/795 2172/2379/793
f 2240/2449/861 2239/2448/860 2237/2446/858
f 2241/2450/862 2176/2383/797 2174/2381/795
f 2242/2451/863 2241/2450/862 2239/2448/860
f 2178/2387/799 2176/2386/797 2241/2452/862
f 2243/2453/864 2241/2452/862 2242/2454/863
f 2180/2389/801 2178/2387/799 2243/2453/864
f 2245/2456/866 2243/2453/864 2244/2455/865
f 2182/2391/803 2180/2389/801 2245/2456/866
f 2247/2458/868 2245/2456/866 2246/2457/867
f 2184/2393/805 2182/2391/803 2247/2458/868
f 2249/2460/870 2247/2458/868 2248/2459/869
f 2186/2395/807 2184/2393/805 2249/2460/870
f 2251/2462/872 2249/2460/870 2250/2461/871
f 2188/2397/809 2186/2395/807 2251/2462/872
f 2253/2464/874 2251/2462/872 2252/2463/873
f 2190/2399/811 2188/2397/809 2253/2464/874
f 2255/2466/876 2253/2464/874 2254/2465/875
f 2192/2401/813 2190/2399/811 2255/2466/876
f 2257/2468/878 2255/2466/876 2256/2467/877
f 2259/2470/880 2194/2403/815 2192/2401/813
f 2260/2471/881 2259/2470/880 2257/2468/878
f 2261/2472/882 2196/2405/817 2194/2403/815
f 2262/2473/883 2261/2472/882 2259/2470/880
f 2263/2474/884 2198/2407/819 2196/2405/817
f 2264/2475/885 2263/2474/884 2261/2472/882
f 2265/2476/886 2200/2409/821 2198/2407/819
f 2266/2477/887 2265/2476/886 2263/2474/884
f 2267/2478/888 2202/2411/823 2200/2409/821
f 2268/2479/889 2267/2478/888 2265/2476/886
f 2269/2480/890 2204/2413/825 2202/2411/823
f 2270/2481/891 2269/2480/890 2267/2478/888
f 2271/2482/892 2206/2415/827 2204/2413/825
f 2272/2483/893 2271/2482/892 2269/2480/890
f 2273/2484/894 2208/2417/829 2206/2415/827
f 2274/2485/895 2273/2484/894 2271/2482/892
f 2210/2419/831 2208/2417/829 2273/2484/894
f 2275/2486/896 2273/2484/894 2274/2485/895
f 2212/2421/833 2210/2419/831 2275/2486/896
f 2277/2423/898 2275/2486/896 2276/2487/897
f 2215/2424/836 2277/2423/898 2278/2488/899
f 2278/2488/899 2276/2487/897 2341/2489/962
f 2280/2427/901 2278/2488/899 2279/2490/900
f 2218/2428/839 2280/2427/901 2281/2491/902
f 2281/2491/902 2279/2490/900 2344/2493/965
f 2283/2492/904 2281/2491/902 2282/2494/903
f 2220/2429/841 2218/2428/839 2283/2492/904
f 2285/2496/906 2283/2492/904 2284/2495/905
f 2222/2431/843 2220/2429/841 2285/2496/906
f 2287/2498/908 2285/2496/906 2286/2497/907
f 2224/2433/845 2222/2431/843 2287/2498/908
f 2289/2500/910 2287/2498/908 2288/2499/909
f 2226/2435/847 2224/2433/845 2289/2500/910
f 2291/2502/912 2289/2500/910 2290/2501/911
f 2293/2504/914 2228/2437/849 2226/2435/847
f 2294/2505/915 2293/2504/914 2291/2502/912
f 2295/2506/916 2230/2439/851 2228/2437/849
f 2296/2507/917 2295/2506/916 2293/2504/914
f 2297/2508/918 2232/2441/853 2230/2439/851
f 2298/2509/919 2297/2508/918 2295/2506/916
f 2299/2510/920 2234/2443/855 2232/2441/853
f 2300/2511/921 2299/2510/920 2297/2508/918
f 2301/2512/922 2236/2445/857 2234/2443/855
f 2302/2513/923 2301/2512/922 2299/2510/920
f 2303/2514/924 2238/2447/859 2236/2445/857
f 2304/2515/925 2303/2514/924 2301/2512/922
f 2305/2516/926 2240/2449/861 2238/2447/859
f 2306/2517/927 2305/2516/926 2303/2514/924
f 2307/2518/928 2242/2451/863 2240/2449/861
f 2308/2519/929 2307/2518/928 2305/2516/926
f 2244/2455/865 2242/2454/863 2307/2520/928
f 2309/2521/930 2307/2520/928 2308/2522/929
f 2246/2457/867 2244/2455/865 2309/2521/930
f 2311/2524/932 2309/2521/930 2310/2523/931
f 2248/2459/869 2246/2457/867 2311/2524/932
f 2313/2526/934 2311/2524/932 2312/2525/933
f 2250/2461/871 2248/2459/869 2313/2526/934
f 2315/2528/936 2313/2526/934 2314/2527/935
f 2252/2463/873 2250/2461/871 2315/2528/936
f 2317/2530/938 2315/2528/936 2316/2529/937
f 2254/2465/875 2252/2463/873 2317/2530/938
f 2319/2532/940 2317/2530/938 2318/2531/939
f 2256/2467/877 2254/2465/875 2319/2532/940
f 2321/2534/942 2319/2532/940 2320/2533/941
f 2258/2469/879 2256/2467/877 2321/2534/942
f 2323/2536/944 2321/2534/942 2322/2535/943
f 2325/2538/946 2260/2471/881 2258/2469/879
f 2326/2539/947 2325/2538/946 2323/2536/944
f 2327/2540/948 2262/2473/883 2260/2471/881
f 2328/2541/949 2327/2540/948 2325/2538/946
f 2329/2542/950 2264/2475/885 2262/2473/883
f 2330/2543/951 2329/2542/950 2327/2540/948
f 2331/2544/952 2266/2477/887 2264/2475/885
f 2332/2545/953 2331/2544/952 2329/2542/950
f 2333/2546/954 2268/2479/889 2266/2477/887
f 2334/2547/955 2333/2546/954 2331/2544/952
f 2335/2548/956 2270/2481/891 2268/2479/889
f 2336/2549/957 2335/2548/956 2333/2546/954
f 2337/2550/958 2272/2483/893 2270/2481/891
f 2338/2551/959 2337/2550/958 2335/2548/956
f 2339/2552/960 2274/2485/895 2272/2483/893
f 2340/2553/961 2339/2552/960 2337/2550/958
f 2276/2487/897 2274/2485/895 2339/2552/960
f 2341/2489/962 2339/2552/960 2340/2553/961
f 2279/2490/900 2341/2489/962 2342/2554/963
f 2342/2554/963 2340/2553/961 2354/2555/974
f 2344/2493/965 2342/2554/963 2343/2556/964
f 2282/2494/903 2344/2493/965 2345/2557/966
f 2376/2567/996 2294/2505/915 2292/2503/913
f 2375/2618/995 2296/2507/917 2294/2505/915
f 2374/2616/994 2298/2509/919 2296/2507/917
f 2373/2614/993 2300/2511/921 2298/2509/919
f 2372/2612/992 2302/2513/923 2300/2511/921
f 2371/2610/991 2304/2515/925 2302/2513/923
f 2370/2608/990 2306/2517/927 2304/2515/925
f 2369/2607/989 2308/2519/929 2306/2517/927
f 2310/2523/931 2308/2522/929 2369/2605/989
f 2312/2525/933 2310/2523/931 2368/2603/988
f 2314/2527/935 2312/2525/933 2367/2601/987
f 2316/2529/937 2314/2527/935 2366/2563/986
f 2318/2531/939 2316/2529/937 2348/2562/968
f 2320/2533/941 2318/2531/939 2365/2565/985
f 2322/2535/943 2320/2533/941 2364/2598/984
f 2324/2537/945 2322/2535/943 2363/2596/983
f 2361/2592/981 2326/2539/947 2324/2537/945
f 2360/2590/980 2328/2541/949 2326/2539/947
f 2359/2588/979 2330/2543/951 2328/2541/949
f 2358/2586/978 2332/2545/953 2330/2543/951
f 2357/2584/977 2334/2547/955 2332/2545/953
f 2356/2582/976 2336/2549/957 2334/2547/955
f 2355/2580/975 2338/2551/959 2336/2549/957
f 2354/2555/974 2340/2553/961 2338/2551/959
f 2284/2495/905 2282/2494/903 2346/2558/967
f 2286/2497/907 2284/2495/905 2353/2576/973
f 2288/2499/909 2286/2497/907 2352/2574/972
f 2290/2501/911 2288/2499/909 2351/2572/971
f 2292/2503/913 2290/2501/911 2350/2570/970
f 2021/2224/646 2377/2621/997 2410/2620/1029
f 2378/2129/998 2379/2623/999 2377/2621/997
f 1931/2622/556 2381/2625/1000 2379/2623/999
f 2382/2627/1001 2381/2625/1000 1931/2622/556
f 2383/2629/1002 2382/2627/1001 1934/2133/559
f 2384/2631/1003 2383/2629/1002 1937/2136/562
f 2385/2633/1004 2384/2631/1003 1940/2139/565
f 2386/2635/1005 2385/2633/1004 1943/2142/568
f 2387/2637/1006 2386/2635/1005 1946/2145/571
f 2388/2639/1007 2387/2637/1006 1949/2148/574
f 2389/2641/1008 2388/2639/1007 1952/2151/577
f 1958/2163/583 2390/2644/1009 2389/2643/1008
f 1961/2166/586 2391/2646/1010 2390/2644/1009
f 1964/2169/589 2392/2648/1011 2391/2646/1010
f 1967/2172/592 2393/2650/1012 2392/2648/1011
f 1970/2175/595 2394/2652/1013 2393/2650/1012
f 1973/2178/598 2395/2654/1014 2394/2652/1013
f 1976/2181/601 2396/2656/1015 2395/2654/1014
f 1979/2658/604 2397/2659/1016 2396/2656/1015
f 2398/2661/1017 2397/2659/1016 1979/2658/604
f 2399/2663/1018 2398/2661/1017 1982/2183/607
f 2400/2665/1019 2399/2663/1018 1985/2186/610
f 2401/2667/1020 2400/2665/1019 1988/2189/613
f 2402/2669/1021 2401/2667/1020 1991/2192/616
f 2403/2671/1022 2402/2669/1021 1994/2195/619
f 2404/2673/1023 2403/2671/1022 1997/2198/622
f 2405/2675/1024 2404/2673/1023 2000/2201/625
f 2006/2210/631 2406/2677/1025 2405/2675/1024
f 2009/2213/634 2407/2679/1026 2406/2677/1025
f 2012/2216/637 2408/2681/1027 2407/2679/1026
f 2015/2219/640 2409/2683/1028 2408/2681/1027
f 2018/2222/643 2410/2620/1029 2409/2683/1028
f 2414/2689/1033 2411/4089/1030 2412/4090/1031
f 2412/4090/1031 2471/4091/1090 2470/4092/1089
f 2470/4092/1089 2469/4093/1088 2468/4094/1087
f 2468/4094/1087 2463/4095/1082 2462/4096/1081
f 2462/4096/1081 2461/4097/1080 2460/4098/1079
f 2460/4098/1079 2455/4099/1074 2454/4100/1073
f 2454/4100/1073 2453/4101/1072 2452/4102/1071
f 2452/4102/1071 2447/4103/1066 2446/2687/1065
f 2446/2687/1065 2445/4104/1064 2444/4105/1063
f 2444/4105/1063 2439/4106/1058 2438/4107/1057
f 2438/4107/1057 2437/4108/1056 2436/4109/1055
f 2436/4109/1055 2431/4110/1050 2430/2688/1049
f 2430/2688/1049 2429/4111/1048 2428/4112/1047
f 2428/4112/1047 2423/4113/1042 2422/4114/1041
f 2422/4114/1041 2421/4115/1040 2420/4116/1039
f 2420/4116/1039 2415/4117/1034 2414/2689/1033
f 2414/2689/1033 2412/4090/1031 2470/4092/1089
f 2470/4092/1089 2468/4094/1087 2462/4096/1081
f 2462/4096/1081 2460/4098/1079 2454/4100/1073
f 2454/4100/1073 2452/4102/1071 2446/2687/1065
f 2446/2687/1065 2444/4105/1063 2438/4107/1057
f 2438/4107/1057 2436/4109/1055 2430/2688/1049
f 2430/2688/1049 2428/4112/1047 2422/4114/1041
f 2422/4114/1041 2420/4116/1039 2414/2689/1033
f 2414/2689/1033 2470/4092/1089 2462/4096/1081
f 2462/4096/1081 2454/4100/1073 2446/2687/1065
f 2446/2687/1065 2438/4107/1057 2430/2688/1049
f 2430/2688/1049 2422/4114/1041 2414/2689/1033
f 2414/2689/1033 2462/4096/1081 2446/2687/1065
f 2411/2690/1030 2413/4118/1032 2474/2691/1093
f 2414/2693/1033 2416/4119/1035 2413/2694/1032
f 2417/2696/1036 2416/4119/1035 2414/2693/1033
f 2473/2700/1092 2474/4120/1093 2413/4121/1032
f 2413/4121/1032 2416/4122/1035 2417/4123/1036
f 2417/4123/1036 2418/4124/1037 2419/4125/1038
f 2419/4125/1038 2424/4126/1043 2425/4127/1044
f 2425/4127/1044 2426/4128/1045 2427/4129/1046
f 2427/4129/1046 2432/4130/1051 2433/4131/1052
f 2433/4131/1052 2434/4132/1053 2435/4133/1054
f 2435/4133/1054 2440/4134/1059 2441/2698/1060
f 2441/2698/1060 2442/4135/1061 2443/4136/1062
f 2443/4136/1062 2448/4137/1067 2449/4138/1068
f 2449/4138/1068 2450/4139/1069 2451/4140/1070
f 2451/4140/1070 2456/4141/1075 2457/2699/1076
f 2457/2699/1076 2458/4142/1077 2459/4143/1078
f 2459/4143/1078 2464/4144/1083 2465/4145/1084
f 2465/4145/1084 2466/4146/1085 2467/4147/1086
f 2467/4147/1086 2472/4148/1091 2473/2700/1092
f 2473/2700/1092 2413/4121/1032 2417/4123/1036
f 2417/4123/1036 2419/4125/1038 2425/4127/1044
f 2425/4127/1044 2427/4129/1046 2433/4131/1052
f 2433/4131/1052 2435/4133/1054 2441/2698/1060
f 2441/2698/1060 2443/4136/1062 2449/4138/1068
f 2449/4138/1068 2451/4140/1070 2457/2699/1076
f 2457/2699/1076 2459/4143/1078 2465/4145/1084
f 2465/4145/1084 2467/4147/1086 2473/2700/1092
f 2473/2700/1092 2417/4123/1036 2425/4127/1044
f 2425/4127/1044 2433/4131/1052 2441/2698/1060
f 2441/2698/1060 2449/4138/1068 2457/2699/1076
f 2457/2699/1076 2465/4145/1084 2473/2700/1092
f 2473/2700/1092 2425/4127/1044 2441/2698/1060
f 2420/2701/1039 2418/4149/1037 2417/2696/1036
f 2419/2702/1038 2418/4149/1037 2420/2701/1039
f 2422/2704/1041 2424/2706/1043 2419/2702/1038
f 2423/2705/1042 2425/4150/1044 2424/2706/1043
f 2426/2707/1045 2425/4150/1044 2423/2705/1042
f 2427/2709/1046 2426/2707/1045 2428/2708/1047
f 2432/2711/1051 2427/2709/1046 2429/2710/1048
f 2433/2713/1052 2432/2711/1051 2430/2712/1049
f 2434/2715/1053 2433/2713/1052 2431/2714/1050
f 2435/2717/1054 2434/2715/1053 2436/2716/1055
f 2440/2719/1059 2435/2717/1054 2437/2718/1056
f 2439/2721/1058 2441/4151/1060 2440/2719/1059
f 2442/2722/1061 2441/4151/1060 2439/2721/1058
f 2443/2724/1062 2442/2722/1061 2444/2723/1063
f 2446/2726/1065 2448/2728/1067 2443/2724/1062
f 2447/2727/1066 2449/4152/1068 2448/2728/1067
f 2450/2729/1069 2449/4152/1068 2447/2727/1066
f 2451/2731/1070 2450/2729/1069 2452/2730/1071
f 2456/2733/1075 2451/2731/1070 2453/2732/1072
f 2457/2735/1076 2456/2733/1075 2454/2734/1073
f 2460/2737/1079 2458/4153/1077 2457/2735/1076
f 2459/2738/1078 2458/4153/1077 2460/2737/1079
f 2462/2740/1081 2464/2742/1083 2459/2738/1078
f 2463/2741/1082 2465/4154/1084 2464/2742/1083
f 2466/2743/1085 2465/4154/1084 2463/2741/1082
f 2469/2745/1088 2467/4155/1086 2466/2743/1085
f 2472/2746/1091 2467/4155/1086 2469/2745/1088
f 2473/2748/1092 2472/2746/1091 2470/2747/1089
f 2474/2691/1093 2473/2748/1092 2471/2749/1090
f 2476/2752/1095 2475/4156/1094 2478/4157/1097
f 2478/4157/1097 2479/4158/1098 2484/4159/1103
f 2484/4159/1103 2485/4160/1104 2486/4161/1105
f 2486/4161/1105 2487/4162/1106 2492/4163/1111
f 2492/4163/1111 2493/4164/1112 2494/4165/1113
f 2494/4165/1113 2495/4166/1114 2500/4167/1119
f 2500/4167/1119 2501/4168/1120 2502/4169/1121
f 2502/4169/1121 2503/4170/1122 2508/2750/1127
f 2508/2750/1127 2509/4171/1128 2510/4172/1129
f 2510/4172/1129 2511/4173/1130 2516/4174/1135
f 2516/4174/1135 2517/4175/1136 2518/4176/1137
f 2518/4176/1137 2519/4177/1138 2524/2751/1143
f 2524/2751/1143 2525/4178/1144 2526/4179/1145
f 2526/4179/1145 2527/4180/1146 2532/4181/1151
f 2532/4181/1151 2533/4182/1152 2534/4183/1153
f 2534/4183/1153 2535/4184/1154 2476/2752/1095
f 2476/2752/1095 2478/4157/1097 2484/4159/1103
f 2484/4159/1103 2486/4161/1105 2492/4163/1111
f 2492/4163/1111 2494/4165/1113 2500/4167/1119
f 2500/4167/1119 2502/4169/1121 2508/2750/1127
f 2508/2750/1127 2510/4172/1129 2516/4174/1135
f 2516/4174/1135 2518/4176/1137 2524/2751/1143
f 2524/2751/1143 2526/4179/1145 2532/4181/1151
f 2532/4181/1151 2534/4183/1153 2476/2752/1095
f 2476/2752/1095 2484/4159/1103 2492/4163/1111
f 2492/4163/1111 2500/4167/1119 2508/2750/1127
f 2508/2750/1127 2516/4174/1135 2524/2751/1143
f 2524/2751/1143 2532/4181/1151 2476/2752/1095
f 2476/2752/1095 2492/4163/1111 2508/2750/1127
f 2476/2753/1095 2538/2820/1157 2477/2754/1096
f 2478/2756/1097 2475/4185/1094 2477/2757/1096
f 2479/2759/1098 2478/2756/1097 2480/2758/1099
f 2477/2763/1096 2538/4186/1157 2537/4187/1156
f 2537/4187/1156 2536/4188/1155 2531/4189/1150
f 2531/4189/1150 2530/4190/1149 2529/4191/1148
f 2529/4191/1148 2528/4192/1147 2523/4193/1142
f 2523/4193/1142 2522/4194/1141 2521/4195/1140
f 2521/4195/1140 2520/4196/1139 2515/4197/1134
f 2515/4197/1134 2514/4198/1133 2513/4199/1132
f 2513/4199/1132 2512/4200/1131 2507/2761/1126
f 2507/2761/1126 2506/4201/1125 2505/4202/1124
f 2505/4202/1124 2504/4203/1123 2499/4204/1118
f 2499/4204/1118 2498/4205/1117 2497/4206/1116
f 2497/4206/1116 2496/4207/1115 2491/2762/1110
f 2491/2762/1110 2490/4208/1109 2489/4209/1108
f 2489/4209/1108 2488/4210/1107 2483/4211/1102
f 2483/4211/1102 2482/4212/1101 2481/4213/1100
f 2481/4213/1100 2480/4214/1099 2477/2763/1096
f 2477/2763/1096 2537/4187/1156 2531/4189/1150
f 2531/4189/1150 2529/4191/1148 2523/4193/1142
f 2523/4193/1142 2521/4195/1140 2515/4197/1134
f 2515/4197/1134 2513/4199/1132 2507/2761/1126
f 2507/2761/1126 2505/4202/1124 2499/4204/1118
f 2499/4204/1118 2497/4206/1116 2491/2762/1110
f 2491/2762/1110 2489/4209/1108 2483/4211/1102
f 2483/4211/1102 2481/4213/1100 2477/2763/1096
f 2477/2763/1096 2531/4189/1150 2523/4193/1142
f 2523/4193/1142 2515/4197/1134 2507/2761/1126
f 2507/2761/1126 2499/4204/1118 2491/2762/1110
f 2491/2762/1110 2483/4211/1102 2477/2763/1096
f 2477/2763/1096 2523/4193/1142 2507/2761/1126
f 2484/2764/1103 2479/2759/1098 2481/2760/1100
f 2484/2764/1103 2482/2765/1101 2483/2766/1102
f 2486/2768/1105 2485/2767/1104 2483/2766/1102
f 2487/2770/1106 2486/2768/1105 2488/2769/1107
f 2487/2770/1106 2489/2771/1108 2490/2772/1109
f 2493/2774/1112 2492/2773/1111 2490/2772/1109
f 2493/2774/1112 2491/2775/1110 2496/2776/1115
f 2494/2777/1113 2496/2776/1115 2497/2778/1116
f 2495/2779/1114 2497/2778/1116 2498/2780/1117
f 2501/2782/1120 2500/2781/1119 2498/2780/1117
f 2501/2782/1120 2499/2783/1118 2504/2784/1123
f 2503/2786/1122 2502/2785/1121 2504/2784/1123
f 2508/2788/1127 2503/2786/1122 2505/2787/1124
f 2508/2788/1127 2506/2789/1125 2507/2790/1126
f 2510/2792/1129 2509/2791/1128 2507/2790/1126
f 2510/2792/1129 2512/2793/1131 2513/2794/1132
f 2516/2796/1135 2511/2795/1130 2513/2794/1132
f 2516/2796/1135 2514/2797/1133 2515/2798/1134
f 2517/2799/1136 2515/2798/1134 2520/2800/1139
f 2518/2801/1137 2520/2800/1139 2521/2802/1140
f 2524/2804/1143 2519/2803/1138 2521/2802/1140
f 2524/2804/1143 2522/2805/1141 2523/2806/1142
f 2525/2807/1144 2523/2806/1142 2528/2808/1147
f 2526/2809/1145 2528/2808/1147 2529/2810/1148
f 2527/2811/1146 2529/2810/1148 2530/2812/1149
f 2533/2814/1152 2532/2813/1151 2530/2812/1149
f 2534/2816/1153 2533/2814/1152 2531/2815/1150
f 2535/2818/1154 2534/2816/1153 2536/2817/1155
f 2535/2818/1154 2537/2819/1156 2538/2820/1157
f 2539/2821/65 2540/2825/73 2634/2822/74
f 2539/2821/65 2541/2827/539 2988/2824/72
f 2543/2826/525 2544/3312/524 2541/2827/539
f 2545/2828/526 2543/2826/525 2539/2821/65
f 2547/2829/509 2544/3312/524 2543/2826/525
f 2546/2830/510 2543/2826/525 2545/2828/526
f 2549/2832/495 2550/3317/494 2547/2829/509
f 2551/2833/496 2549/2832/495 2546/2830/510
f 2553/2834/479 2550/3317/494 2549/2832/495
f 2552/2835/480 2549/2832/495 2551/2833/496
f 2556/2837/464 2553/2834/479 2552/2835/480
f 2555/2838/465 2552/2835/480 2554/2836/481
f 2558/2840/450 2559/2843/449 2556/2837/464
f 2558/2840/450 2555/2838/465 2557/2839/466
f 2561/2842/435 2562/2846/434 2559/2843/449
f 2563/2844/436 2561/2842/435 2558/2840/450
f 2564/2845/420 2565/3328/419 2562/2846/434
f 2564/2845/420 2561/2842/435 2563/2844/436
f 2568/2848/404 2565/3332/419 2564/2849/420
f 2567/2850/405 2564/2849/420 2566/2851/421
f 2571/2853/389 2568/2848/404 2567/2850/405
f 2572/2855/391 2570/2854/390 2567/2850/405
f 2573/2856/375 2574/2859/374 2571/2853/389
f 2575/2857/376 2573/2856/375 2570/2854/390
f 2576/2858/359 2577/3339/358 2574/2859/374
f 2576/2858/359 2573/2856/375 2575/2857/376
f 2580/2861/343 2577/3339/358 2576/2858/359
f 2579/2862/344 2576/2858/359 2578/2860/360
f 2583/2864/328 2580/2861/343 2579/2862/344
f 2582/2865/329 2579/2862/344 2581/2863/345
f 2586/2867/313 2583/2864/328 2582/2865/329
f 2585/2868/314 2582/2865/329 2584/2866/330
f 2588/2870/299 2589/2873/298 2586/2867/313
f 2588/2870/299 2585/2868/314 2587/2869/315
f 2591/2872/284 2592/2876/283 2589/2873/298
f 2591/2872/284 2588/2870/299 2590/2871/300
f 2594/2875/269 2595/2879/268 2592/2876/283
f 2594/2875/269 2591/2872/284 2593/2874/285
f 2597/2878/254 2598/3354/253 2595/2879/268
f 2597/2878/254 2594/2875/269 2596/2877/270
f 2601/2881/238 2598/3354/253 2597/2878/254
f 2602/2883/240 2600/2882/239 2597/2878/254
f 2604/2884/223 2601/2881/238 2600/2882/239
f 2603/2885/224 2600/2882/239 2602/2883/240
f 2607/2887/208 2604/2884/223 2603/2885/224
f 2608/2889/210 2606/2888/209 2603/2885/224
f 2609/2890/194 2610/3363/193 2607/2887/208
f 2611/2891/195 2609/2890/194 2606/2888/209
f 2613/2892/178 2610/3363/193 2609/2890/194
f 2612/2893/179 2609/2890/194 2611/2891/195
f 2615/2895/164 2616/3368/163 2613/2892/178
f 2617/2896/165 2615/2895/164 2612/2893/179
f 2619/2897/148 2616/3368/163 2615/2895/164
f 2618/2898/149 2615/2895/164 2617/2896/165
f 2622/2900/132 2619/2897/148 2618/2898/149
f 2623/2902/134 2621/2901/133 2618/2898/149
f 2625/2903/117 2622/2900/132 2621/2901/133
f 2626/2905/119 2624/2904/118 2621/2901/133
f 2628/2906/102 2625/2903/117 2624/2904/118
f 2627/2907/103 2624/2904/118 2626/2905/119
f 2630/2909/88 2631/3307/87 2628/2906/102
f 2632/2910/89 2630/2909/88 2627/2907/103
f 2988/2824/72 2631/3307/87 2630/2909/88
f 2540/2825/73 2630/2909/88 2632/2910/89
f 2633/2911/90 2632/2910/89 2629/2908/104
f 2635/2913/75 2634/2822/74 2632/2910/89
f 2542/2823/540 2634/2822/74 2635/2913/75
f 2635/2913/75 2633/2911/90 2698/2915/91
f 2638/2917/541 2637/2914/66 2635/2913/75
f 2639/2918/527 2545/2828/526 2542/2823/540
f 2639/2918/527 2637/2914/66 2638/2917/541
f 2548/2831/511 2545/2828/526 2639/2918/527
f 2641/2920/512 2639/2918/527 2640/2919/528
f 2551/2833/496 2548/2831/511 2641/2920/512
f 2643/2922/497 2641/2920/512 2642/2921/513
f 2554/2836/481 2551/2833/496 2643/2922/497
f 2645/2924/482 2643/2922/497 2644/2923/498
f 2647/2926/467 2557/2839/466 2554/2836/481
f 2647/2926/467 2645/2924/482 2646/2925/483
f 2649/2928/452 2560/2841/451 2557/2839/466
f 2649/2928/452 2647/2926/467 2648/2927/468
f 2563/2844/436 2560/2841/451 2649/2928/452
f 2651/2930/437 2649/2928/452 2650/2929/453
f 2566/2847/421 2563/2844/436 2651/2930/437
f 2653/2932/422 2651/2930/437 2652/2931/438
f 2655/2934/407 2569/2852/406 2566/2851/421
f 2655/2934/407 2653/2935/422 2654/2936/423
f 2657/2938/392 2572/2855/391 2569/2852/406
f 2657/2938/392 2655/2934/407 2656/2937/408
f 2575/2857/376 2572/2855/391 2657/2938/392
f 2659/2940/377 2657/2938/392 2658/2939/393
f 2578/2860/360 2575/2857/376 2659/2940/377
f 2661/2942/361 2659/2940/377 2660/2941/378
f 2663/2944/346 2581/2863/345 2578/2860/360
f 2663/2944/346 2661/2942/361 2662/2943/362
f 2584/2866/330 2581/2863/345 2663/2944/346
f 2665/2946/331 2663/2944/346 2664/2945/347
f 2667/2948/316 2587/2869/315 2584/2866/330
f 2667/2948/316 2665/2946/331 2666/2947/332
f 2590/2871/300 2587/2869/315 2667/2948/316
f 2669/2950/301 2667/2948/316 2668/2949/317
f 2593/2874/285 2590/2871/300 2669/2950/301
f 2671/2952/286 2669/2950/301 2670/2951/302
f 2596/2877/270 2593/2874/285 2671/2952/286
f 2673/2954/271 2671/2952/286 2672/2953/287
f 2599/2880/255 2596/2877/270 2673/2954/271
f 2675/2956/256 2673/2954/271 2674/2955/272
f 2602/2883/240 2599/2880/255 2675/2956/256
f 2678/2959/242 2677/2958/241 2675/2956/256
f 2605/2886/225 2602/2883/240 2677/2958/241
f 2679/2960/226 2677/2958/241 2678/2959/242
f 2608/2889/210 2605/2886/225 2679/2960/226
f 2682/2963/212 2681/2962/211 2679/2960/226
f 2611/2891/195 2608/2889/210 2681/2962/211
f 2684/2965/197 2683/2964/196 2681/2962/211
f 2614/2894/180 2611/2891/195 2683/2964/196
f 2685/2966/181 2683/2964/196 2684/2965/197
f 2687/2968/166 2617/2896/165 2614/2894/180
f 2688/2969/167 2687/2968/166 2685/2966/181
f 2620/2899/150 2617/2896/165 2687/2968/166
f 2689/2970/151 2687/2968/166 2688/2969/167
f 2691/2972/135 2623/2902/134 2620/2899/150
f 2691/2972/135 2689/2970/151 2690/2971/152
f 2693/2974/120 2626/2905/119 2623/2902/134
f 2694/2975/121 2693/2974/120 2691/2972/135
f 2695/2912/105 2629/2908/104 2626/2905/119
f 2695/2912/105 2693/2974/120 2694/2975/121
f 2633/2911/90 2695/2912/105 2696/2976/106
f 2697/2977/107 2696/2976/106 2694/2975/121
f 2698/2915/91 2696/2976/106 2697/2977/107
f 2636/2916/76 2698/2915/91 2699/2979/92
f 2699/2979/92 2697/2977/107 2762/2981/108
f 2702/2983/78 2701/2980/77 2699/2979/92
f 2638/2917/541 2636/2916/76 2701/2980/77
f 2703/2984/67 2701/2980/77 2702/2983/78
f 2706/2986/530 2705/2987/529 2703/2984/67
f 2640/2919/528 2638/2917/541 2703/2984/67
f 2707/2988/514 2642/2921/513 2640/2919/528
f 2707/2988/514 2705/2987/529 2706/2986/530
f 2644/2923/498 2642/2921/513 2707/2988/514
f 2710/2991/500 2709/2990/499 2707/2988/514
f 2646/2925/483 2644/2923/498 2709/2990/499
f 2711/2992/484 2709/2990/499 2710/2991/500
f 2713/2994/469 2648/2927/468 2646/2925/483
f 2714/2995/470 2713/2994/469 2711/2992/484
f 2715/2996/454 2650/2929/453 2648/2927/468
f 2716/2997/455 2715/2996/454 2713/2994/469
f 2717/2998/439 2652/2931/438 2650/2929/453
f 2718/2999/440 2717/2998/439 2715/2996/454
f 2719/3000/424 2654/2933/423 2652/2931/438
f 2720/3001/425 2719/3000/424 2717/2998/439
f 2721/3002/409 2656/2937/408 2654/2936/423
f 2722/3004/410 2721/3002/409 2719/3003/424
f 2723/3006/394 2658/2939/393 2656/2937/408
f 2723/3006/394 2721/3002/409 2722/3004/410
f 2725/3008/379 2660/2941/378 2658/2939/393
f 2726/3009/380 2725/3008/379 2723/3006/394
f 2727/3010/363 2662/2943/362 2660/2941/378
f 2728/3011/364 2727/3010/363 2725/3008/379
f 2729/3012/348 2664/2945/347 2662/2943/362
f 2730/3013/349 2729/3012/348 2727/3010/363
f 2666/2947/332 2664/2945/347 2729/3012/348
f 2732/3015/334 2731/3014/333 2729/3012/348
f 2733/3016/318 2668/2949/317 2666/2947/332
f 2734/3017/319 2733/3016/318 2731/3014/333
f 2735/3018/303 2670/2951/302 2668/2949/317
f 2735/3018/303 2733/3016/318 2734/3017/319
f 2672/2953/287 2670/2951/302 2735/3018/303
f 2737/3020/288 2735/3018/303 2736/3019/304
f 2739/3022/273 2674/2955/272 2672/2953/287
f 2739/3022/273 2737/3020/288 2738/3021/289
f 2741/3024/258 2676/2957/257 2674/2955/272
f 2742/3025/259 2741/3024/258 2739/3022/273
f 2678/2959/242 2676/2957/257 2741/3024/258
f 2743/3026/243 2741/3024/258 2742/3025/259
f 2680/2961/227 2678/2959/242 2743/3026/243
f 2746/3029/229 2745/3028/228 2743/3026/243
f 2747/3030/213 2682/2963/212 2680/2961/227
f 2748/3031/214 2747/3030/213 2745/3028/228
f 2749/3032/198 2684/2965/197 2682/2963/212
f 2749/3032/198 2747/3030/213 2748/3031/214
f 2686/2967/182 2684/2965/197 2749/3032/198
f 2752/3035/184 2751/3034/183 2749/3032/198
f 2753/3036/168 2688/2969/167 2686/2967/182
f 2754/3037/169 2753/3036/168 2751/3034/183
f 2690/2971/152 2688/2969/167 2753/3036/168
f 2756/3039/154 2755/3038/153 2753/3036/168
f 2692/2973/136 2690/2971/152 2755/3038/153
f 2758/3041/138 2757/3040/137 2755/3038/153
f 2759/2978/122 2694/2975/121 2692/2973/136
f 2760/3042/123 2759/2978/122 2757/3040/137
f 2697/2977/107 2759/2978/122 2760/3042/123
f 2761/3043/124 2760/3042/123 2758/3041/138
f 2763/3045/109 2762/2981/108 2760/3042/123
f 2765/3046/94 2700/2982/93 2762/2981/108
f 2763/3045/109 2761/3043/124 2826/3047/125
f 2766/3049/95 2765/3046/94 2763/3045/109
f 2702/2983/78 2700/2982/93 2765/3046/94
f 2768/3051/80 2767/3050/79 2765/3046/94
f 2704/2985/68 2702/2983/78 2767/3050/79
f 2770/3053/542 2769/3052/69 2767/3050/79
f 2706/2986/530 2704/2985/68 2769/3052/69
f 2771/3054/531 2769/3052/69 2770/3053/542
f 2708/2989/515 2706/2986/530 2771/3054/531
f 2774/3057/517 2773/3056/516 2771/3054/531
f 2710/2991/500 2708/2989/515 2773/3056/516
f 2775/3058/501 2773/3056/516 2774/3057/517
f 2712/2993/485 2710/2991/500 2775/3058/501
f 2777/3060/486 2775/3058/501 2776/3059/502
f 2714/2995/470 2712/2993/485 2777/3060/486
f 2779/3062/471 2777/3060/486 2778/3061/487
f 2716/2997/455 2714/2995/470 2779/3062/471
f 2781/3064/456 2779/3062/471 2780/3063/472
f 2718/2999/440 2716/2997/455 2781/3064/456
f 2783/3066/441 2781/3064/456 2782/3065/457
f 2720/3001/425 2718/2999/440 2783/3066/441
f 2785/3068/426 2783/3066/441 2784/3067/442
f 2722/3004/410 2720/3005/425 2785/3070/426
f 2787/3071/411 2785/3070/426 2786/3072/427
f 2789/3074/396 2724/3007/395 2722/3004/410
f 2789/3074/396 2787/3071/411 2788/3073/412
f 2726/3009/380 2724/3007/395 2789/3074/396
f 2791/3076/381 2789/3074/396 2790/3075/397
f 2728/3011/364 2726/3009/380 2791/3076/381
f 2793/3078/365 2791/3076/381 2792/3077/382
f 2730/3013/349 2728/3011/364 2793/3078/365
f 2795/3080/350 2793/3078/365 2794/3079/366
f 2732/3015/334 2730/3013/349 2795/3080/350
f 2798/3083/336 2797/3082/335 2795/3080/350
f 2734/3017/319 2732/3015/334 2797/3082/335
f 2799/3084/320 2797/3082/335 2798/3083/336
f 2801/3086/305 2736/3019/304 2734/3017/319
f 2801/3086/305 2799/3084/320 2800/3085/321
f 2738/3021/289 2736/3019/304 2801/3086/305
f 2803/3088/290 2801/3086/305 2802/3087/306
f 2805/3090/275 2740/3023/274 2738/3021/289
f 2805/3090/275 2803/3088/290 2804/3089/291
f 2742/3025/259 2740/3023/274 2805/3090/275
f 2807/3092/260 2805/3090/275 2806/3091/276
f 2744/3027/244 2742/3025/259 2807/3092/260
f 2810/3095/246 2809/3094/245 2807/3092/260
f 2746/3029/229 2744/3027/244 2809/3094/245
f 2811/3096/230 2809/3094/245 2810/3095/246
f 2748/3031/214 2746/3029/229 2811/3096/230
f 2813/3098/215 2811/3096/230 2812/3097/231
f 2815/3100/200 2750/3033/199 2748/3031/214
f 2815/3100/200 2813/3098/215 2814/3099/216
f 2752/3035/184 2750/3033/199 2815/3100/200
f 2818/3103/186 2817/3102/185 2815/3100/200
f 2754/3037/169 2752/3035/184 2817/3102/185
f 2819/3104/170 2817/3102/185 2818/3103/186
f 2756/3039/154 2754/3037/169 2819/3104/170
f 2821/3106/155 2819/3104/170 2820/3105/171
f 2758/3041/138 2756/3039/154 2821/3106/155
f 2823/3044/139 2821/3106/155 2822/3107/156
f 2761/3043/124 2823/3044/139 2824/3108/140
f 2824/3108/140 2822/3107/156 2887/3109/157
f 2826/3047/125 2824/3108/140 2825/3110/141
f 2829/3112/111 2764/3048/110 2826/3047/125
f 2827/3111/126 2825/3110/141 2890/3113/142
f 2829/3112/111 2827/3111/126 2828/3114/127
f 2831/3116/96 2766/3049/95 2764/3048/110
f 2831/3116/96 2829/3112/111 2830/3115/112
f 2768/3051/80 2766/3049/95 2831/3116/96
f 2833/3118/81 2831/3116/96 2832/3117/97
f 2770/3053/542 2768/3051/80 2833/3118/81
f 2836/3121/543 2835/3120/70 2833/3118/81
f 2772/3055/532 2770/3053/542 2835/3120/70
f 2837/3122/533 2835/3120/70 2836/3121/543
f 2774/3057/517 2772/3055/532 2837/3122/533
f 2839/3124/518 2837/3122/533 2838/3123/534
f 2841/3126/503 2776/3059/502 2774/3057/517
f 2841/3126/503 2839/3124/518 2840/3125/519
f 2778/3061/487 2776/3059/502 2841/3126/503
f 2844/3129/489 2843/3128/488 2841/3126/503
f 2845/3130/473 2780/3063/472 2778/3061/487
f 2845/3130/473 2843/3128/488 2844/3129/489
f 2782/3065/457 2780/3063/472 2845/3130/473
f 2848/3133/459 2847/3132/458 2845/3130/473
f 2849/3134/443 2784/3067/442 2782/3065/457
f 2850/3135/444 2849/3134/443 2847/3132/458
f 2851/3136/428 2786/3069/427 2784/3067/442
f 2852/3137/429 2851/3136/428 2849/3134/443
f 2853/3138/413 2788/3073/412 2786/3072/427
f 2853/3138/413 2851/3139/428 2852/3140/429
f 2855/3142/398 2790/3075/397 2788/3073/412
f 2855/3142/398 2853/3138/413 2854/3141/414
f 2857/3144/383 2792/3077/382 2790/3075/397
f 2857/3144/383 2855/3142/398 2856/3143/399
f 2859/3146/367 2794/3079/366 2792/3077/382
f 2860/3147/368 2859/3146/367 2857/3144/383
f 2861/3148/352 2796/3081/351 2794/3079/366
f 2861/3148/352 2859/3146/367 2860/3147/368
f 2863/3150/337 2798/3083/336 2796/3081/351
f 2863/3150/337 2861/3148/352 2862/3149/353
f 2800/3085/321 2798/3083/336 2863/3150/337
f 2865/3152/322 2863/3150/337 2864/3151/338
f 2867/3154/307 2802/3087/306 2800/3085/321
f 2867/3154/307 2865/3152/322 2866/3153/323
f 2804/3089/291 2802/3087/306 2867/3154/307
f 2869/3156/292 2867/3154/307 2868/3155/308
f 2871/3158/277 2806/3091/276 2804/3089/291
f 2872/3159/278 2871/3158/277 2869/3156/292
f 2808/3093/261 2806/3091/276 2871/3158/277
f 2873/3160/262 2871/3158/277 2872/3159/278
f 2810/3095/246 2808/3093/261 2873/3160/262
f 2876/3163/248 2875/3162/247 2873/3160/262
f 2812/3097/231 2810/3095/246 2875/3162/247
f 2878/3165/233 2877/3164/232 2875/3162/247
f 2879/3166/217 2814/3099/216 2812/3097/231
f 2880/3167/218 2879/3166/217 2877/3164/232
f 2816/3101/201 2814/3099/216 2879/3166/217
f 2882/3169/203 2881/3168/202 2879/3166/217
f 2818/3103/186 2816/3101/201 2881/3168/202
f 2884/3171/188 2883/3170/187 2881/3168/202
f 2820/3105/171 2818/3103/186 2883/3170/187
f 2885/3172/172 2883/3170/187 2884/3171/188
f 2887/3109/157 2822/3107/156 2820/3105/171
f 2887/3109/157 2885/3172/172 2886/3173/173
f 2890/3113/142 2825/3110/141 2887/3109/157
f 2889/3175/159 2888/3174/158 2886/3173/173
f 2890/3113/142 2888/3174/158 2889/3175/159
f 2828/3114/127 2890/3113/142 2891/3177/143
f 2892/3179/144 2891/3177/143 2889/3175/159
f 2893/3178/128 2891/3177/143 2892/3179/144
f 2895/3182/113 2830/3115/112 2828/3114/127
f 2895/3182/113 2893/3178/128 2894/3181/129
f 2897/3184/98 2832/3117/97 2830/3115/112
f 2897/3184/98 2895/3182/113 2896/3183/114
f 2899/3186/83 2834/3119/82 2832/3117/97
f 2900/3187/84 2899/3186/83 2897/3184/98
f 2901/3188/544 2836/3121/543 2834/3119/82
f 2901/3188/544 2899/3186/83 2900/3187/84
f 2903/3190/535 2838/3123/534 2836/3121/543
f 2903/3190/535 2901/3188/544 2902/3189/545
f 2905/3192/520 2840/3125/519 2838/3123/534
f 2906/3193/521 2905/3192/520 2903/3190/535
f 2842/3127/504 2840/3125/519 2905/3192/520
f 2907/3194/505 2905/3192/520 2906/3193/521
f 2909/3196/490 2844/3129/489 2842/3127/504
f 2910/3197/491 2909/3196/490 2907/3194/505
f 2911/3198/475 2846/3131/474 2844/3129/489
f 2912/3199/476 2911/3198/475 2909/3196/490
f 2913/3200/460 2848/3133/459 2846/3131/474
f 2913/3200/460 2911/3198/475 2912/3199/476
f 2850/3135/444 2848/3133/459 2913/3200/460
f 2915/3202/445 2913/3200/460 2914/3201/461
f 2917/3204/430 2852/3137/429 2850/3135/444
f 2918/3205/431 2917/3204/430 2915/3202/445
f 2919/3206/415 2854/3141/414 2852/3140/429
f 2920/3208/416 2919/3206/415 2917/3207/430
f 2856/3143/399 2854/3141/414 2919/3206/415
f 2922/3211/401 2921/3210/400 2919/3206/415
f 2858/3145/384 2856/3143/399 2921/3210/400
f 2923/3212/385 2921/3210/400 2922/3211/401
f 2925/3214/369 2860/3147/368 2858/3145/384
f 2925/3214/369 2923/3212/385 2924/3213/386
f 2862/3149/353 2860/3147/368 2925/3214/369
f 2928/3217/355 2927/3216/354 2925/3214/369
f 2864/3151/338 2862/3149/353 2927/3216/354
f 2930/3219/340 2929/3218/339 2927/3216/354
f 2931/3220/324 2866/3153/323 2864/3151/338
f 2932/3221/325 2931/3220/324 2929/3218/339
f 2868/3155/308 2866/3153/323 2931/3220/324
f 2933/3222/309 2931/3220/324 2932/3221/325
f 2935/3224/294 2870/3157/293 2868/3155/308
f 2935/3224/294 2933/3222/309 2934/3223/310
f 2937/3226/279 2872/3159/278 2870/3157/293
f 2937/3226/279 2935/3224/294 2936/3225/295
f 2939/3228/264 2874/3161/263 2872/3159/278
f 2939/3228/264 2937/3226/279 2938/3227/280
f 2876/3163/248 2874/3161/263 2939/3228/264
f 2942/3231/250 2941/3230/249 2939/3228/264
f 2943/3232/234 2878/3165/233 2876/3163/248
f 2944/3233/235 2943/3232/234 2941/3230/249
f 2880/3167/218 2878/3165/233 2943/3232/234
f 2945/3234/219 2943/3232/234 2944/3233/235
f 2882/3169/203 2880/3167/218 2945/3234/219
f 2947/3236/204 2945/3234/219 2946/3235/220
f 2949/3238/189 2884/3171/188 2882/3169/203
f 2950/3239/190 2949/3238/189 2947/3236/204
f 2886/3173/173 2884/3171/188 2949/3238/189
f 2951/3176/174 2949/3238/189 2950/3239/190
f 2954/3180/160 2889/3175/159 2951/3176/174
f 2952/3240/175 2950/3239/190 2964/3241/191
f 2955/3243/161 2954/3180/160 2952/3240/175
f 2892/3179/144 2954/3180/160 2955/3243/161
f 2904/3191/536 2902/3189/545 2959/3254/546
f 2985/3304/522 2906/3193/521 2904/3191/536
f 2908/3195/506 2906/3193/521 2985/3304/522
f 2910/3197/491 2908/3195/506 2984/3302/1161
f 2982/3298/1160 2912/3199/476 2910/3197/491
f 2981/3296/462 2914/3201/461 2912/3199/476
f 2980/3294/447 2916/3203/446 2914/3201/461
f 2918/3205/431 2916/3203/446 2980/3294/447
f 2978/3289/417 2920/3208/416 2918/3209/431
f 2977/3287/402 2922/3211/401 2920/3208/416
f 2924/3213/386 2922/3211/401 2977/3287/402
f 2926/3215/370 2924/3213/386 2976/3249/553
f 2975/3251/1159 2928/3217/355 2926/3215/370
f 2930/3219/340 2928/3217/355 2975/3251/1159
f 2932/3221/325 2930/3219/340 2974/3284/341
f 2934/3223/310 2932/3221/325 2973/3282/326
f 2971/3278/296 2936/3225/295 2934/3223/310
f 2938/3227/280 2936/3225/295 2971/3278/296
f 2940/3229/265 2938/3227/280 2970/3276/281
f 2942/3231/250 2940/3229/265 2969/3274/266
f 2944/3233/235 2942/3231/250 2968/3272/251
f 2946/3235/220 2944/3233/235 2967/3270/236
f 2965/3266/206 2948/3237/205 2946/3235/220
f 2950/3239/190 2948/3237/205 2965/3266/206
f 2963/3262/130 2894/3181/129 2892/3179/144
f 2962/3260/115 2896/3183/114 2894/3181/129
f 2961/3258/100 2898/3185/99 2896/3183/114
f 2900/3187/84 2898/3185/99 2961/3258/100
f 2902/3189/545 2900/3187/84 2960/3256/85
f 2987/3306/86 3020/3377/101 2628/2906/102
f 2988/2824/72 2989/3308/71 2987/3306/86
f 2541/2827/539 2991/3310/538 2989/3308/71
f 2544/3312/524 2992/3313/523 2991/3310/538
f 2993/3315/508 2992/3313/523 2544/3312/524
f 2550/3317/494 2994/3318/493 2993/3315/508
f 2553/2834/479 2995/3320/478 2994/3318/493
f 2996/3322/463 2995/3320/478 2553/2834/479
f 2997/3324/448 2996/3322/463 2556/2837/464
f 2998/3326/433 2997/3324/448 2559/2843/449
f 2565/3328/419 2999/3329/418 2998/3326/433
f 3000/3331/403 2999/3334/418 2565/3332/419
f 2571/2853/389 3001/3335/388 3000/3331/403
f 3002/3337/373 3001/3335/388 2571/2853/389
f 2577/3339/358 3003/3340/357 3002/3337/373
f 3004/3342/342 3003/3340/357 2577/3339/358
f 2583/2864/328 3005/3344/327 3004/3342/342
f 2586/2867/313 3006/3346/312 3005/3344/327
f 2589/2873/298 3007/3348/297 3006/3346/312
f 3008/3350/282 3007/3348/297 2589/2873/298
f 2595/2879/268 3009/3352/267 3008/3350/282
f 2598/3354/253 3010/3355/548 3009/3352/267
f 2601/2881/238 3011/3357/237 3010/3355/548
f 3012/3359/222 3011/3357/237 2601/2881/238
f 2607/2887/208 3013/3361/207 3012/3359/222
f 2610/3363/193 3014/3364/192 3013/3361/207
f 3015/3366/177 3014/3364/192 2610/3363/193
f 2616/3368/163 3016/3369/162 3015/3366/177
f 3017/3371/147 3016/3369/162 2616/3368/163
f 2622/2900/132 3018/3373/1162 3017/3371/147
f 3019/3375/116 3018/3373/1162 2622/2900/132
f 3020/3377/101 3019/3375/116 2625/2903/117
f 3116/3380/526 3022/3477/525 3021/3381/65
f 3021/3381/65 3022/3477/525 3470/3383/524
f 3025/3385/73 3021/3381/65 3023/3384/539
f 3024/3382/540 3021/3381/65 3025/3385/73
f 3025/3385/73 3026/3386/72 3029/3388/87
f 3027/3387/74 3025/3385/73 3028/3389/88
f 3028/3389/88 3029/3388/87 3032/3391/102
f 3030/3390/89 3028/3389/88 3031/3392/103
f 3034/3394/118 3031/3392/103 3032/3391/102
f 3033/3393/104 3031/3392/103 3034/3394/118
f 3037/3397/133 3034/3394/118 3035/3395/117
f 3036/3396/119 3034/3394/118 3037/3397/133
f 3037/3397/133 3038/3398/132 3041/3400/148
f 3039/3399/134 3037/3397/133 3040/3401/149
f 3040/3401/149 3041/3400/148 3044/3403/163
f 3042/3402/150 3040/3401/149 3043/3404/164
f 3046/3406/179 3043/3404/164 3044/3403/163
f 3048/3408/180 3045/3405/165 3043/3404/164
f 3046/3409/179 3047/4215/178 3050/3410/193
f 3048/3412/180 3046/3409/179 3049/3411/194
f 3049/3411/194 3050/3410/193 3053/3414/208
f 3051/3413/195 3049/3411/194 3052/3415/209
f 3055/3417/224 3052/3415/209 3053/3414/208
f 3054/3416/210 3052/3415/209 3055/3417/224
f 3058/3420/239 3055/3417/224 3056/3418/223
f 3057/3419/225 3055/3417/224 3058/3420/239
f 3058/3420/239 3059/3421/238 3062/3423/253
f 3060/3422/240 3058/3420/239 3061/3424/254
f 3064/3426/269 3061/3424/254 3062/3423/253
f 3063/3425/255 3061/3424/254 3064/3426/269
f 3067/3429/284 3064/3426/269 3065/3427/268
f 3069/3431/285 3066/3428/270 3064/3426/269
f 3070/3432/299 3067/3429/284 3068/3430/283
f 3072/3434/300 3069/3431/285 3067/3429/284
f 3070/3432/299 3071/3433/298 3074/3435/313
f 3075/3437/315 3072/3434/300 3070/3432/299
f 3073/3436/314 3074/3435/313 3077/3438/328
f 3075/3437/315 3073/3436/314 3076/3439/329
f 3076/3439/329 3077/3438/328 3080/3441/343
f 3081/3443/345 3078/3440/330 3076/3439/329
f 3079/3442/344 3080/3441/343 3083/3444/358
f 3084/3446/360 3081/3443/345 3079/3442/344
f 3085/3447/375 3082/3445/359 3083/3444/358
f 3084/3446/360 3082/3445/359 3085/3447/375
f 3085/3447/375 3086/3448/374 3089/3450/389
f 3087/3449/376 3085/3447/375 3088/3451/390
f 3091/3453/405 3088/3451/390 3089/3450/389
f 3090/3452/391 3088/3451/390 3091/3453/405
f 3091/3453/405 3092/3454/404 3095/3456/419
f 3096/3458/421 3093/3455/406 3091/3453/405
f 3097/3459/435 3094/3457/420 3095/3456/419
f 3099/3461/436 3096/3458/421 3094/3457/420
f 3097/3459/435 3098/3460/434 3101/3462/449
f 3099/3461/436 3097/3459/435 3100/3463/450
f 3103/3465/465 3100/3463/450 3101/3462/449
f 3105/3467/466 3102/3464/451 3100/3463/450
f 3103/3465/465 3104/3466/464 3107/3468/479
f 3108/3470/481 3105/3467/466 3103/3465/465
f 3109/3471/495 3106/3469/480 3107/3468/479
f 3108/3470/481 3106/3469/480 3109/3471/495
f 3112/3474/510 3109/3471/495 3110/3472/494
f 3114/3476/511 3111/3473/496 3109/3471/495
f 3112/3474/510 3113/3475/509 3470/3383/524
f 3114/3476/511 3112/3474/510 3022/3477/525
f 3177/3478/497 3111/3473/496 3114/3476/511
f 3115/3479/512 3114/3476/511 3116/3380/526
f 3117/3480/527 3116/3380/526 3024/3382/540
f 3118/3482/528 3180/3542/513 3115/3479/512
f 3120/3483/541 3118/3482/528 3117/3480/527
f 3119/3481/66 3024/3382/540 3027/3387/74
f 3122/3485/76 3120/3483/541 3119/3481/66
f 3123/3486/90 3121/3484/75 3027/3387/74
f 3124/3487/91 3122/3485/76 3121/3484/75
f 3123/3486/90 3030/3390/89 3033/3393/104
f 3124/3487/91 3123/3486/90 3125/3488/105
f 3125/3488/105 3033/3393/104 3036/3396/119
f 3126/3489/106 3125/3488/105 3127/3490/120
f 3127/3490/120 3036/3396/119 3039/3399/134
f 3128/3491/121 3127/3490/120 3129/3492/135
f 3129/3492/135 3039/3399/134 3042/3402/150
f 3130/3493/136 3129/3492/135 3131/3494/151
f 3133/3496/166 3131/3494/151 3042/3402/150
f 3134/3497/167 3132/3495/152 3131/3494/151
f 3133/3496/166 3045/3405/165 3048/3408/180
f 3134/3497/167 3133/3496/166 3135/3498/181
f 3137/3500/196 3135/3502/181 3048/3412/180
f 3138/3501/197 3136/3567/182 3135/3502/181
f 3139/3503/211 3137/3500/196 3051/3413/195
f 3138/3501/197 3137/3500/196 3139/3503/211
f 3141/3505/226 3139/3503/211 3054/3416/210
f 3140/3504/212 3139/3503/211 3141/3505/226
f 3141/3505/226 3057/3419/225 3060/3422/240
f 3144/3508/242 3142/3506/227 3141/3505/226
f 3145/3509/256 3143/3507/241 3060/3422/240
f 3146/3510/257 3144/3508/242 3143/3507/241
f 3145/3509/256 3063/3425/255 3066/3428/270
f 3146/3510/257 3145/3509/256 3147/3511/271
f 3147/3511/271 3066/3428/270 3069/3431/285
f 3148/3512/272 3147/3511/271 3149/3513/286
f 3149/3513/286 3069/3431/285 3072/3434/300
f 3150/3514/287 3149/3513/286 3151/3515/301
f 3153/3517/316 3151/3515/301 3072/3434/300
f 3154/3518/317 3152/3516/302 3151/3515/301
f 3155/3519/331 3153/3517/316 3075/3437/315
f 3154/3518/317 3153/3517/316 3155/3519/331
f 3157/3521/346 3155/3519/331 3078/3440/330
f 3156/3520/332 3155/3519/331 3157/3521/346
f 3157/3521/346 3081/3443/345 3084/3446/360
f 3158/3522/347 3157/3521/346 3159/3523/361
f 3161/3525/377 3159/3523/361 3084/3446/360
f 3160/3524/362 3159/3523/361 3161/3525/377
f 3161/3525/377 3087/3449/376 3090/3452/391
f 3162/3526/378 3161/3525/377 3163/3527/392
f 3165/3529/407 3163/3527/392 3090/3452/391
f 3166/3530/408 3164/3528/393 3163/3527/392
f 3167/3531/422 3165/3529/407 3093/3455/406
f 3166/3530/408 3165/3529/407 3167/3531/422
f 3167/3531/422 3096/3458/421 3099/3461/436
f 3170/3534/438 3168/3532/423 3167/3531/422
f 3169/3533/437 3099/3461/436 3102/3464/451
f 3172/3536/453 3170/3534/438 3169/3533/437
f 3173/3537/467 3171/3535/452 3102/3464/451
f 3174/3538/468 3172/3536/453 3171/3535/452
f 3173/3537/467 3105/3467/466 3108/3470/481
f 3176/3540/483 3174/3538/468 3173/3537/467
f 3177/3478/497 3175/3539/482 3108/3470/481
f 3178/3541/498 3176/3540/483 3175/3539/482
f 3180/3542/513 3178/3541/498 3177/3478/497
f 3179/3543/499 3241/3606/484 3176/3540/483
f 3179/3543/499 3178/3541/498 3180/3542/513
f 3181/3544/514 3180/3542/513 3118/3482/528
f 3182/3546/515 3244/3608/500 3179/3543/499
f 3184/3547/530 3182/3546/515 3181/3544/514
f 3185/3548/67 3183/3545/529 3118/3482/528
f 3186/3549/68 3184/3547/530 3183/3545/529
f 3186/3549/68 3185/3548/67 3187/3550/77
f 3187/3550/77 3185/3548/67 3120/3483/541
f 3189/3552/92 3187/3550/77 3122/3485/76
f 3188/3551/78 3187/3550/77 3189/3552/92
f 3191/3554/107 3189/3552/92 3124/3487/91
f 3190/3553/93 3189/3552/92 3191/3554/107
f 3193/3556/122 3191/3554/107 3126/3489/106
f 3194/3557/123 3192/3555/108 3191/3554/107
f 3195/3558/137 3193/3556/122 3128/3491/121
f 3196/3559/138 3194/3557/123 3193/3556/122
f 3195/3558/137 3130/3493/136 3132/3495/152
f 3198/3561/154 3196/3559/138 3195/3558/137
f 3199/3562/168 3197/3560/153 3132/3495/152
f 3198/3561/154 3197/3560/153 3199/3562/168
f 3199/3562/168 3134/3497/167 3136/3499/182
f 3202/3565/184 3200/3563/169 3199/3562/168
f 3203/3566/198 3201/3569/183 3136/3567/182
f 3204/3568/199 3202/4216/184 3201/3569/183
f 3205/3570/213 3203/3566/198 3138/3501/197
f 3206/3571/214 3204/3568/199 3203/3566/198
f 3205/3570/213 3140/3504/212 3142/3506/227
f 3208/3573/229 3206/3571/214 3205/3570/213
f 3207/3572/228 3142/3506/227 3144/3508/242
f 3210/3575/244 3208/3573/229 3207/3572/228
f 3211/3576/258 3209/3574/243 3144/3508/242
f 3212/3577/259 3210/3575/244 3209/3574/243
f 3213/3578/273 3211/3576/258 3146/3510/257
f 3214/3579/274 3212/3577/259 3211/3576/258
f 3213/3578/273 3148/3512/272 3150/3514/287
f 3216/3581/289 3214/3579/274 3213/3578/273
f 3215/3580/288 3150/3514/287 3152/3516/302
f 3218/3583/304 3216/3581/289 3215/3580/288
f 3217/3582/303 3152/3516/302 3154/3518/317
f 3220/3585/319 3218/3583/304 3217/3582/303
f 3221/3586/333 3219/3584/318 3154/3518/317
f 3220/3585/319 3219/3584/318 3221/3586/333
f 3223/3588/348 3221/3586/333 3156/3520/332
f 3222/3587/334 3221/3586/333 3223/3588/348
f 3225/3590/363 3223/3588/348 3158/3522/347
f 3226/3591/364 3224/3589/349 3223/3588/348
f 3225/3590/363 3160/3524/362 3162/3526/378
f 3228/3593/380 3226/3591/364 3225/3590/363
f 3229/3594/394 3227/3592/379 3162/3526/378
f 3228/3593/380 3227/3592/379 3229/3594/394
f 3229/3594/394 3164/3528/393 3166/3530/408
f 3230/3595/395 3229/3594/394 3231/3596/409
f 3233/3598/424 3231/3596/409 3166/3530/408
f 3234/3599/425 3232/3597/410 3231/3596/409
f 3233/3598/424 3168/3532/423 3170/3534/438
f 3236/3601/440 3234/3599/425 3233/3598/424
f 3237/3602/454 3235/3600/439 3170/3534/438
f 3238/3603/455 3236/3601/440 3235/3600/439
f 3239/3604/469 3237/3602/454 3172/3536/453
f 3238/3603/455 3237/3602/454 3239/3604/469
f 3241/3606/484 3239/3604/469 3174/3538/468
f 3240/3605/470 3239/3604/469 3241/3606/484
f 3242/3607/485 3241/3606/484 3179/3543/499
f 3243/3609/486 3305/3673/471 3240/3605/470
f 3245/3610/501 3243/3609/486 3242/3607/485
f 3245/3610/501 3244/3608/500 3182/3546/515
f 3308/3612/487 3243/3609/486 3245/3610/501
f 3248/3614/517 3246/3613/502 3245/3610/501
f 3247/3611/516 3182/3546/515 3184/3547/530
f 3250/3616/532 3248/3614/517 3247/3611/516
f 3249/3615/531 3184/3547/530 3186/3549/68
f 3250/3616/532 3249/3615/531 3251/3617/69
f 3251/3617/69 3186/3549/68 3188/3551/78
f 3252/3618/542 3251/3617/69 3253/3619/79
f 3253/3619/79 3188/3551/78 3190/3553/93
f 3254/3620/80 3253/3619/79 3255/3621/94
f 3257/3623/109 3255/3621/94 3190/3553/93
f 3256/3622/95 3255/3621/94 3257/3623/109
f 3257/3623/109 3192/3555/108 3194/3557/123
f 3258/3624/110 3257/3623/109 3259/3625/124
f 3259/3625/124 3194/3557/123 3196/3559/138
f 3260/3626/125 3259/3625/124 3261/3627/139
f 3261/3627/139 3196/3559/138 3198/3561/154
f 3262/3628/140 3261/3627/139 3263/3629/155
f 3263/3629/155 3198/3561/154 3200/3563/169
f 3264/3630/156 3263/3629/155 3265/3631/170
f 3265/3631/170 3200/3563/169 3202/3565/184
f 3266/3632/171 3265/3631/170 3267/3633/185
f 3267/3635/185 3202/4216/184 3204/3568/199
f 3268/3637/186 3267/3635/185 3269/3636/200
f 3269/3636/200 3204/3568/199 3206/3571/214
f 3270/3638/201 3269/3636/200 3271/3639/215
f 3271/3639/215 3206/3571/214 3208/3573/229
f 3272/3640/216 3271/3639/215 3273/3641/230
f 3273/3641/230 3208/3573/229 3210/3575/244
f 3276/3644/246 3274/3642/231 3273/3641/230
f 3275/3643/245 3210/3575/244 3212/3577/259
f 3276/3644/246 3275/3643/245 3277/3645/260
f 3277/3645/260 3212/3577/259 3214/3579/274
f 3278/3646/261 3277/3645/260 3279/3647/275
f 3279/3647/275 3214/3579/274 3216/3581/289
f 3282/3650/291 3280/3648/276 3279/3647/275
f 3281/3649/290 3216/3581/289 3218/3583/304
f 3284/3652/306 3282/3650/291 3281/3649/290
f 3285/3653/320 3283/3651/305 3218/3583/304
f 3286/3654/321 3284/3652/306 3283/3651/305
f 3287/3655/335 3285/3653/320 3220/3585/319
f 3286/3654/321 3285/3653/320 3287/3655/335
f 3289/3657/350 3287/3655/335 3222/3587/334
f 3288/3656/336 3287/3655/335 3289/3657/350
f 3289/3657/350 3224/3589/349 3226/3591/364
f 3290/3658/351 3289/3657/350 3291/3659/365
f 3291/3659/365 3226/3591/364 3228/3593/380
f 3292/3660/366 3291/3659/365 3293/3661/381
f 3295/3663/396 3293/3661/381 3228/3593/380
f 3294/3662/382 3293/3661/381 3295/3663/396
f 3297/3665/411 3295/3663/396 3230/3595/395
f 3296/3664/397 3295/3663/396 3297/3665/411
f 3297/3665/411 3232/3597/410 3234/3599/425
f 3298/3666/412 3297/3665/411 3299/3667/426
f 3299/3667/426 3234/3599/425 3236/3601/440
f 3300/3668/427 3299/3667/426 3301/3669/441
f 3301/3669/441 3236/3601/440 3238/3603/455
f 3302/3670/442 3301/3669/441 3303/3671/456
f 3303/3671/456 3238/3603/455 3240/3605/470
f 3304/3672/457 3303/3671/456 3305/3673/471
f 3306/3674/472 3305/3673/471 3243/3609/486
f 3369/3675/458 3304/3672/457 3306/3674/472
f 3307/3676/473 3306/3674/472 3308/3612/487
f 3309/3677/488 3308/3612/487 3246/3613/502
f 3310/3679/489 3372/3740/474 3307/3676/473
f 3310/3679/489 3309/3677/488 3311/3678/503
f 3311/3678/503 3246/3613/502 3248/3614/517
f 3314/3682/519 3312/3680/504 3311/3678/503
f 3313/3681/518 3248/3614/517 3250/3616/532
f 3316/3684/534 3314/3682/519 3313/3681/518
f 3317/3685/70 3315/3683/533 3250/3616/532
f 3318/3686/543 3316/3684/534 3315/3683/533
f 3317/3685/70 3252/3618/542 3254/3620/80
f 3318/3686/543 3317/3685/70 3319/3687/81
f 3319/3687/81 3254/3620/80 3256/3622/95
f 3320/3688/82 3319/3687/81 3321/3689/96
f 3323/3691/111 3321/3689/96 3256/3622/95
f 3324/3692/112 3322/3690/97 3321/3689/96
f 3325/3693/126 3323/3691/111 3258/3624/110
f 3324/3692/112 3323/3691/111 3325/3693/126
f 3327/3695/141 3325/3693/126 3260/3626/125
f 3328/3696/142 3326/3694/127 3325/3693/126
f 3329/3697/157 3327/3695/141 3262/3628/140
f 3330/3698/158 3328/3696/142 3327/3695/141
f 3329/3697/157 3264/3630/156 3266/3632/171
f 3330/3698/158 3329/3697/157 3331/3699/172
f 3333/3701/187 3331/3699/172 3266/3632/171
f 3334/3702/188 3332/3700/173 3331/3699/172
f 3333/3703/187 3268/3637/186 3270/3638/201
f 3334/3705/188 3333/3703/187 3335/3704/202
f 3337/3707/217 3335/3704/202 3270/3638/201
f 3336/3706/203 3335/3704/202 3337/3707/217
f 3339/3709/232 3337/3707/217 3272/3640/216
f 3338/3708/218 3337/3707/217 3339/3709/232
f 3339/3709/232 3274/3642/231 3276/3644/246
f 3342/3712/248 3340/3710/233 3339/3709/232
f 3341/3711/247 3276/3644/246 3278/3646/261
f 3342/3712/248 3341/3711/247 3343/3713/262
f 3343/3713/262 3278/3646/261 3280/3648/276
f 3346/3716/278 3344/3714/263 3343/3713/262
f 3347/3717/292 3345/3715/277 3280/3648/276
f 3348/3718/293 3346/3716/278 3345/3715/277
f 3349/3719/307 3347/3717/292 3282/3650/291
f 3350/3720/308 3348/3718/293 3347/3717/292
f 3349/3719/307 3284/3652/306 3286/3654/321
f 3350/3720/308 3349/3719/307 3351/3721/322
f 3353/3723/337 3351/3721/322 3286/3654/321
f 3352/3722/323 3351/3721/322 3353/3723/337
f 3355/3725/352 3353/3723/337 3288/3656/336
f 3354/3724/338 3353/3723/337 3355/3725/352
f 3357/3727/367 3355/3725/352 3290/3658/351
f 3358/3728/368 3356/3726/353 3355/3725/352
f 3359/3729/383 3357/3727/367 3292/3660/366
f 3358/3728/368 3357/3727/367 3359/3729/383
f 3361/3731/398 3359/3729/383 3294/3662/382
f 3362/3732/399 3360/3730/384 3359/3729/383
f 3363/3733/413 3361/3731/398 3296/3664/397
f 3362/3732/399 3361/3731/398 3363/3733/413
f 3365/3735/428 3363/3733/413 3298/3666/412
f 3364/3734/414 3363/3733/413 3365/3735/428
f 3365/3735/428 3300/3668/427 3302/3670/442
f 3368/3738/444 3366/3736/429 3365/3735/428
f 3367/3737/443 3302/3670/442 3304/3672/457
f 3370/3739/459 3368/3738/444 3367/3737/443
f 3370/3739/459 3369/3675/458 3307/3676/473
f 3433/3741/445 3368/3738/444 3370/3739/459
f 3371/3742/460 3370/3739/459 3372/3740/474
f 3373/3743/475 3372/3740/474 3310/3679/489
f 3436/3745/461 3371/3742/460 3373/3743/475
f 3376/3747/491 3374/3746/476 3373/3743/475
f 3377/3748/505 3375/3744/490 3310/3679/489
f 3376/3747/491 3375/3744/490 3377/3748/505
f 3379/3750/520 3377/3748/505 3312/3680/504
f 3378/3749/506 3377/3748/505 3379/3750/520
f 3379/3750/520 3314/3682/519 3316/3684/534
f 3382/3753/536 3380/3751/521 3379/3750/520
f 3381/3752/535 3316/3684/534 3318/3686/543
f 3382/3753/536 3381/3752/535 3383/3754/544
f 3385/3756/83 3383/3754/544 3318/3686/543
f 3386/3757/84 3384/3755/545 3383/3754/544
f 3387/3758/98 3385/3756/83 3320/3688/82
f 3386/3757/84 3385/3756/83 3387/3758/98
f 3389/3760/113 3387/3758/98 3322/3690/97
f 3390/3761/114 3388/3759/99 3387/3758/98
f 3391/3762/128 3389/3760/113 3324/3692/112
f 3392/3763/129 3390/3761/114 3389/3760/113
f 3391/3762/128 3326/3694/127 3328/3696/142
f 3394/3765/144 3392/3763/129 3391/3762/128
f 3395/3766/159 3393/3764/143 3328/3696/142
f 3396/3767/160 3394/3765/144 3393/3764/143
f 3397/3768/174 3395/3766/159 3330/3698/158
f 3398/3769/175 3396/3767/160 3395/3766/159
f 3399/3770/189 3397/3768/174 3332/3700/173
f 3398/3769/175 3397/3768/174 3399/3770/189
f 3401/3772/204 3399/3774/189 3334/3705/188
f 3402/3773/205 3400/4217/190 3399/3774/189
f 3403/3775/219 3401/3772/204 3336/3706/203
f 3404/3776/220 3402/3773/205 3401/3772/204
f 3403/3775/219 3338/3708/218 3340/3710/233
f 3404/3776/220 3403/3775/219 3405/3777/234
f 3407/3779/249 3405/3777/234 3340/3710/233
f 3406/3778/235 3405/3777/234 3407/3779/249
f 3409/3781/264 3407/3779/249 3342/3712/248
f 3410/3782/265 3408/3780/250 3407/3779/249
f 3411/3783/279 3409/3781/264 3344/3714/263
f 3410/3782/265 3409/3781/264 3411/3783/279
f 3411/3783/279 3346/3716/278 3348/3718/293
f 3412/3784/280 3411/3783/279 3413/3785/294
f 3413/3785/294 3348/3718/293 3350/3720/308
f 3414/3786/295 3413/3785/294 3415/3787/309
f 3415/3787/309 3350/3720/308 3352/3722/323
f 3418/3790/325 3416/3788/310 3415/3787/309
f 3419/3791/339 3417/3789/324 3352/3722/323
f 3418/3790/325 3417/3789/324 3419/3791/339
f 3421/3793/354 3419/3791/339 3354/3724/338
f 3422/3794/355 3420/3792/340 3419/3791/339
f 3421/3793/354 3356/3726/353 3358/3728/368
f 3424/3796/370 3422/3794/355 3421/3793/354
f 3425/3797/385 3423/3795/369 3358/3728/368
f 3424/3796/370 3423/3795/369 3425/3797/385
f 3427/3799/400 3425/3797/385 3360/3730/384
f 3428/3800/401 3426/3798/386 3425/3797/385
f 3429/3801/415 3427/3799/400 3362/3732/399
f 3428/3800/401 3427/3799/400 3429/3801/415
f 3429/3801/415 3364/3734/414 3366/3736/429
f 3432/3804/431 3430/3802/416 3429/3801/415
f 3433/3741/445 3431/3803/430 3366/3736/429
f 3432/3804/431 3431/3803/430 3433/3741/445
f 3436/3745/461 3434/3805/446 3433/3741/445
f 3446/3806/432 3432/3804/431 3434/3805/446
f 3437/3808/462 3435/3807/447 3434/3805/446
f 3437/3808/462 3436/3745/461 3374/3746/476
f 3441/3818/546 3384/3755/545 3386/3757/84
f 3468/3819/85 3386/3757/84 3388/3759/99
f 3466/3867/1163 3467/3869/100 3388/3759/99
f 3465/3865/130 3466/3867/1163 3390/3761/114
f 3465/3865/130 3392/3763/129 3394/3765/144
f 3464/3863/1158 3394/3765/144 3396/3767/160
f 3463/3861/161 3396/3767/160 3398/3769/175
f 3461/3859/191 3462/3858/176 3398/3769/175
f 3461/3856/191 3400/4217/190 3402/3773/205
f 3459/3852/221 3460/3854/206 3402/3773/205
f 3458/3813/236 3459/3852/221 3404/3776/220
f 3458/3813/236 3406/3778/235 3408/3780/250
f 3440/3814/251 3408/3780/250 3410/3782/265
f 3457/3816/266 3410/3782/265 3412/3784/280
f 3455/3847/296 3456/3849/281 3412/3784/280
f 3455/3847/296 3414/3786/295 3416/3788/310
f 3453/3843/326 3454/3845/311 3416/3788/310
f 3452/3841/341 3453/3843/326 3418/3790/325
f 3452/3841/341 3420/3792/340 3422/3794/355
f 3450/3837/371 3451/3839/356 3422/3794/355
f 3450/3837/371 3424/3796/370 3426/3798/386
f 3448/3833/402 3449/3835/553 3426/3798/386
f 3448/3833/402 3428/3800/401 3430/3802/416
f 3446/3806/432 3447/3831/417 3430/3802/416
f 3445/3827/492 3438/3809/1160 3374/3746/476
f 3445/3827/492 3376/3747/491 3378/3749/506
f 3444/3825/507 3378/3749/506 3380/3751/521
f 3443/3823/522 3380/3751/521 3382/3753/536
f 3442/3821/537 3382/3753/536 3384/3755/545
f 3113/3475/509 3110/3472/494 3502/3871/493
f 3113/3475/509 3469/3872/508 3471/3873/523
f 3023/3384/539 3470/3383/524 3471/3873/523
f 3026/3386/72 3023/3384/539 3473/3874/538
f 3029/3388/87 3026/3386/72 3474/3877/71
f 3032/3391/102 3029/3388/87 3475/3879/86
f 3032/3391/102 3476/3881/1164 3477/3883/116
f 3038/3398/132 3035/3395/117 3477/3883/116
f 3041/3400/148 3038/3398/132 3478/3885/1162
f 3044/3403/163 3041/3400/148 3479/3887/147
f 3044/3403/163 3480/3889/162 3481/3891/177
f 3050/3410/193 3047/4215/178 3481/3893/177
f 3050/3410/193 3482/3894/192 3483/3896/207
f 3056/3418/223 3053/3414/208 3483/3896/207
f 3056/3418/223 3484/3898/222 3485/3900/237
f 3062/3423/253 3059/3421/238 3485/3900/237
f 3065/3427/268 3062/3423/253 3486/3902/252
f 3065/3427/268 3487/3904/267 3488/3906/282
f 3071/3433/298 3068/3430/283 3488/3906/282
f 3071/3433/298 3489/3908/297 3490/3910/312
f 3077/3438/328 3074/3435/313 3490/3910/312
f 3080/3441/343 3077/3438/328 3491/3912/327
f 3083/3444/358 3080/3441/343 3492/3914/342
f 3086/3448/374 3083/3444/358 3493/3916/357
f 3086/3448/374 3494/3918/1165 3495/3920/388
f 3092/3454/404 3089/3450/389 3495/3920/388
f 3092/3454/404 3496/3922/403 3497/3924/418
f 3098/3460/434 3095/3456/419 3497/3924/418
f 3098/3460/434 3498/3926/433 3499/3928/448
f 3104/3466/464 3101/3462/449 3499/3928/448
f 3104/3466/464 3500/3930/552 3501/3932/478
f 3110/3472/494 3107/3468/479 3501/3932/478
f 3504/3938/4 3503/4218/1 3506/4219/2
f 3506/4219/2 3507/4220/61 3512/4221/60
f 3512/4221/60 3513/4222/59 3514/4223/58
f 3514/4223/58 3515/4224/53 3520/4225/52
f 3520/4225/52 3521/4226/51 3522/4227/50
f 3522/4227/50 3523/4228/1168 3528/4229/44
f 3528/4229/44 3529/4230/43 3530/4231/42
f 3530/4231/42 3531/4232/37 3536/3936/36
f 3536/3936/36 3537/4233/35 3538/4234/34
f 3538/4234/34 3539/4235/29 3544/4236/28
f 3544/4236/28 3545/4237/27 3546/4238/26
f 3546/4238/26 3547/4239/1171 3552/3937/20
f 3552/3937/20 3553/4240/19 3554/4241/18
f 3554/4241/18 3555/4242/1173 3560/4243/12
f 3560/4243/12 3561/4244/11 3562/4245/10
f 3562/4245/10 3563/4246/5 3504/3938/4
f 3504/3938/4 3506/4219/2 3512/4221/60
f 3512/4221/60 3514/4223/58 3520/4225/52
f 3520/4225/52 3522/4227/50 3528/4229/44
f 3528/4229/44 3530/4231/42 3536/3936/36
f 3536/3936/36 3538/4234/34 3544/4236/28
f 3544/4236/28 3546/4238/26 3552/3937/20
f 3552/3937/20 3554/4241/18 3560/4243/12
f 3560/4243/12 3562/4245/10 3504/3938/4
f 3504/3938/4 3512/4221/60 3520/4225/52
f 3520/4225/52 3528/4229/44 3536/3936/36
f 3536/3936/36 3544/4236/28 3552/3937/20
f 3552/3937/20 3560/4243/12 3504/3938/4
f 3504/3938/4 3520/4225/52 3536/3936/36
f 3504/3939/4 3566/4006/6 3505/3940/3
f 3503/3942/1 3505/4247/3 3508/3943/64
f 3506/3944/2 3508/3943/64 3509/3945/63
f 3505/3949/3 3566/4248/6 3565/4249/7
f 3565/4249/7 3564/4250/8 3559/4251/9
f 3559/4251/9 3558/4252/14 3557/4253/1174
f 3557/4253/1174 3556/4254/16 3551/4255/17
f 3551/4255/17 3550/4256/22 3549/4257/1172
f 3549/4257/1172 3548/4258/24 3543/4259/1170
f 3543/4259/1170 3542/4260/30 3541/4261/31
f 3541/4261/31 3540/4262/32 3535/3947/33
f 3535/3947/33 3534/4263/38 3533/4264/39
f 3533/4264/39 3532/4265/40 3527/4266/41
f 3527/4266/41 3526/4267/46 3525/4268/1169
f 3525/4268/1169 3524/4269/48 3519/3948/49
f 3519/3948/49 3518/4270/54 3517/4271/1167
f 3517/4271/1167 3516/4272/56 3511/4273/1166
f 3511/4273/1166 3510/4274/62 3509/4275/63
f 3509/4275/63 3508/4276/64 3505/3949/3
f 3505/3949/3 3565/4249/7 3559/4251/9
f 3559/4251/9 3557/4253/1174 3551/4255/17
f 3551/4255/17 3549/4257/1172 3543/4259/1170
f 3543/4259/1170 3541/4261/31 3535/3947/33
f 3535/3947/33 3533/4264/39 3527/4266/41
f 3527/4266/41 3525/4268/1169 3519/3948/49
f 3519/3948/49 3517/4271/1167 3511/4273/1166
f 3511/4273/1166 3509/4275/63 3505/3949/3
f 3505/3949/3 3559/4251/9 3551/4255/17
f 3551/4255/17 3543/4259/1170 3535/3947/33
f 3535/3947/33 3527/4266/41 3519/3948/49
f 3519/3948/49 3511/4273/1166 3505/3949/3
f 3505/3949/3 3551/4255/17 3535/3947/33
f 3507/3946/61 3509/3945/63 3510/3950/62
f 3512/3951/60 3510/3950/62 3511/3952/1166
f 3513/3953/59 3511/3952/1166 3516/3954/56
f 3514/3955/58 3516/3954/56 3517/3956/1167
f 3515/3957/53 3517/3956/1167 3518/3958/54
f 3520/3959/52 3518/3958/54 3519/3960/49
f 3521/3961/51 3519/3960/49 3524/3962/48
f 3522/3963/50 3524/3962/48 3525/3964/1169
f 3523/3965/1168 3525/3964/1169 3526/3966/46
f 3528/3967/44 3526/3966/46 3527/3968/41
f 3529/3969/43 3527/3968/41 3532/3970/40
f 3530/3971/42 3532/3970/40 3533/3972/39
f 3531/3973/37 3533/3972/39 3534/3974/38
f 3536/3975/36 3534/3974/38 3535/3976/33
f 3537/3977/35 3535/3976/33 3540/3978/32
f 3538/3979/34 3540/3978/32 3541/3980/31
f 3539/3981/29 3541/3980/31 3542/3982/30
f 3544/3983/28 3542/3982/30 3543/3984/1170
f 3545/3985/27 3543/3984/1170 3548/3986/24
f 3546/3987/26 3548/3986/24 3549/3988/1172
f 3547/3989/1171 3549/3988/1172 3550/3990/22
f 3552/3991/20 3550/3990/22 3551/3992/17
f 3553/3993/19 3551/3992/17 3556/3994/16
f 3554/3995/18 3556/3994/16 3557/3996/1174
f 3555/3997/1173 3557/3996/1174 3558/3998/14
f 3560/3999/12 3558/3998/14 3559/4000/9
f 3561/4001/11 3559/4000/9 3564/4002/8
f 3562/4003/10 3564/4002/8 3565/4004/7
f 3563/4005/5 3565/4004/7 3566/4006/6
f 3571/4007/1179 3570/4015/1178 3567/4008/1175
f 3569/4010/1177 3574/4017/1182 3568/4011/1176
f 3572/4013/1180 3569/4277/1177 3567/4014/1175
f 3573/4016/1181 3572/4013/1180 3570/4015/1178
f 3574/4017/1182 3569/4278/1177 3572/4013/1180
f 3574/4017/1182 3573/4016/1181 3571/4007/1179
f 3575/4018/1183 3578/4026/1186 3579/4019/1187
f 3576/4021/1184 3582/4029/1190 3577/4022/1185
f 3575/4024/1183 3577/4279/1185 3580/4025/1188
f 3578/4026/1186 3580/4025/1188 3581/4027/1189
f 3580/4025/1188 3577/4280/1185 3582/4028/1190
f 3579/4019/1187 3581/4027/1189 3582/4029/1190
