# Blender 4.1.1
# www.blender.org
mtllib boss.mtl
o Куб.004_Куб.006
v 0.434715 -0.171386 -1.865376
v 0.434715 0.636123 -1.865376
v 0.472900 -0.099205 -3.096328
v 0.472900 0.563943 -3.096328
v 1.169361 -0.171386 -1.876584
v 1.169361 0.636123 -1.876584
v 1.099548 -0.099205 -3.105888
v 1.099548 0.563943 -3.105888
v 0.479161 0.636123 -1.936188
v 0.522543 0.670689 -2.895218
v 1.123113 0.636123 -1.946011
v 1.055095 0.670689 -2.903343
v 0.479302 1.244967 -1.925240
v 0.530075 1.210402 -2.309328
v 1.123253 1.244967 -1.935063
v 1.062627 1.210402 -2.317452
v 0.420112 0.636123 -3.001319
v 0.420112 -0.171386 -3.001319
v 1.154758 -0.171386 -3.012527
v 1.154758 0.636123 -3.012527
v 0.466360 0.636123 -2.931892
v 1.110312 0.636123 -2.941716
v 0.474857 1.244967 -2.270955
v 1.118809 1.244967 -2.280778
v 0.617484 0.652069 -2.857807
v 0.961151 0.652069 -2.863050
v 0.625017 1.191781 -2.271915
v 0.968683 1.191781 -2.277158
v 0.529878 1.145064 -2.324613
v 1.062430 1.145064 -2.332737
v 0.530100 1.160947 -2.307371
v 1.062652 1.160947 -2.315496
v 0.529721 1.173952 -2.336815
v 1.062273 1.173952 -2.344940
v 0.529943 1.189834 -2.319573
v 1.062495 1.189834 -2.327697
v 0.529166 1.093330 -2.379982
v 1.061718 1.093330 -2.388106
v 0.529388 1.109212 -2.362740
v 1.061940 1.109212 -2.370864
v 0.529010 1.122218 -2.392184
v 1.061561 1.122218 -2.400308
v 0.529231 1.138100 -2.374942
v 1.061783 1.138100 -2.383066
v 0.528366 1.034697 -2.442271
v 1.060917 1.034697 -2.450396
v 0.528587 1.050580 -2.425029
v 1.061139 1.050580 -2.433154
v 0.528209 1.063586 -2.454473
v 1.060761 1.063586 -2.462597
v 0.528430 1.079468 -2.437231
v 1.060982 1.079468 -2.445355
v 0.527476 0.971467 -2.511481
v 1.060028 0.971467 -2.519606
v 0.527698 0.987349 -2.494241
v 1.060249 0.987349 -2.502365
v 0.527319 1.000355 -2.523683
v 1.059871 1.000355 -2.531807
v 0.527541 1.016237 -2.506443
v 1.060093 1.016237 -2.514567
v 0.526532 0.907153 -2.584911
v 1.059084 0.907153 -2.593036
v 0.526754 0.923036 -2.567669
v 1.059305 0.923036 -2.575794
v 0.526375 0.936041 -2.597113
v 1.058927 0.936041 -2.605237
v 0.526597 0.951923 -2.579871
v 1.059149 0.951923 -2.587995
v 0.525631 0.841731 -2.655003
v 1.058183 0.841731 -2.663128
v 0.525853 0.857614 -2.637761
v 1.058404 0.857614 -2.645885
v 0.525474 0.870619 -2.667205
v 1.058026 0.870619 -2.675329
v 0.525696 0.886501 -2.649963
v 1.058248 0.886501 -2.658087
v 0.524655 0.772428 -2.730936
v 1.057207 0.772428 -2.739060
v 0.524876 0.788311 -2.713694
v 1.057428 0.788311 -2.721818
v 0.524498 0.801316 -2.743137
v 1.057050 0.801316 -2.751262
v 0.524719 0.817198 -2.725895
v 1.057271 0.817198 -2.734020
v 0.523711 0.703125 -2.804364
v 1.056263 0.703125 -2.812489
v 0.523932 0.719008 -2.787124
v 1.056484 0.719008 -2.795248
v 0.523554 0.732013 -2.816566
v 1.056106 0.732013 -2.824690
v 0.523775 0.747895 -2.799325
v 1.056327 0.747895 -2.807449
v 1.040338 0.232368 -2.873535
v 1.304664 0.232368 -2.796812
v 1.040759 0.122841 -2.840745
v 1.304961 0.155170 -2.773701
v 1.041960 0.029989 -2.747371
v 1.305879 0.084149 -2.702281
v 1.043756 -0.032054 -2.607625
v 1.307358 0.033080 -2.587251
v 1.045876 -0.053840 -2.442782
v 1.309164 0.014517 -2.446799
v 1.047995 -0.032054 -2.277941
v 1.310969 0.033080 -2.306347
v 1.049791 0.029989 -2.138195
v 1.312448 0.084149 -2.191319
v 1.050992 0.122841 -2.044820
v 1.313366 0.155170 -2.119896
v 1.051413 0.232368 -2.012031
v 1.313663 0.232368 -2.096786
v 1.050992 0.341895 -2.044820
v 1.313366 0.309566 -2.119896
v 1.049791 0.434748 -2.138195
v 1.312448 0.380588 -2.191319
v 1.047995 0.496790 -2.277941
v 1.310969 0.431657 -2.306347
v 1.045876 0.518576 -2.442782
v 1.309164 0.450219 -2.446799
v 1.043756 0.496790 -2.607625
v 1.307358 0.431657 -2.587252
v 1.041960 0.434748 -2.747371
v 1.305879 0.380588 -2.702281
v 1.040759 0.341895 -2.840745
v 1.304961 0.309566 -2.773701
v 1.246559 0.122841 -2.843884
v 1.246138 0.232368 -2.876675
v 1.247760 0.029989 -2.750510
v 1.249556 -0.032054 -2.610764
v 1.251675 -0.053840 -2.445922
v 1.253794 -0.032054 -2.281081
v 1.255591 0.029989 -2.141335
v 1.256791 0.122841 -2.047960
v 1.257213 0.232368 -2.015170
v 1.256791 0.341895 -2.047960
v 1.255591 0.434748 -2.141335
v 1.253794 0.496790 -2.281081
v 1.251675 0.518576 -2.445922
v 1.249556 0.496790 -2.610764
v 1.247760 0.434748 -2.750510
v 1.246559 0.341895 -2.843884
v 1.476619 0.155170 -2.776320
v 1.476321 0.232368 -2.799431
v 1.477537 0.084149 -2.704899
v 1.479015 0.033080 -2.589870
v 1.480821 0.014516 -2.449418
v 1.482627 0.033080 -2.308966
v 1.484105 0.084149 -2.193937
v 1.485024 0.155170 -2.122515
v 1.485321 0.232368 -2.099405
v 1.485024 0.309566 -2.122515
v 1.484105 0.380588 -2.193937
v 1.482627 0.431657 -2.308966
v 1.480821 0.450219 -2.449418
v 1.479015 0.431657 -2.589870
v 1.477537 0.380588 -2.704899
v 1.476619 0.309566 -2.776320
v 1.510367 0.138246 -2.848515
v 1.510005 0.232368 -2.876692
v 1.511487 0.051655 -2.761437
v 1.513290 -0.010610 -2.621189
v 1.515491 -0.033242 -2.449946
v 1.517693 -0.010610 -2.278704
v 1.519496 0.051655 -2.138457
v 1.520615 0.138246 -2.051379
v 1.520977 0.232368 -2.023201
v 1.520615 0.326490 -2.051379
v 1.519496 0.413082 -2.138457
v 1.517693 0.475346 -2.278704
v 1.515491 0.497978 -2.449946
v 1.513290 0.475346 -2.621191
v 1.511487 0.413082 -2.761437
v 1.510367 0.326490 -2.848515
v 1.509822 0.128229 -2.890932
v 1.509421 0.232368 -2.922108
v 1.511061 0.032422 -2.794585
v 1.513056 -0.036468 -2.639413
v 1.515491 -0.061509 -2.449946
v 1.517927 -0.036468 -2.260480
v 1.519922 0.032422 -2.105308
v 1.521160 0.128229 -2.008962
v 1.521561 0.232368 -1.977786
v 1.521160 0.336507 -2.008962
v 1.519922 0.432313 -2.105308
v 1.517927 0.501205 -2.260481
v 1.515491 0.526246 -2.449948
v 1.513056 0.501205 -2.639413
v 1.511061 0.432314 -2.794585
v 1.509822 0.336507 -2.890932
v 1.703808 0.140606 -2.866682
v 1.703455 0.232368 -2.894152
v 1.704939 0.053157 -2.778740
v 1.706812 -0.011533 -2.633031
v 1.709127 -0.035340 -2.452900
v 1.711443 -0.011533 -2.272771
v 1.713316 0.053157 -2.127062
v 1.714447 0.140606 -2.039121
v 1.714800 0.232368 -2.011650
v 1.714447 0.324131 -2.039121
v 1.713316 0.411580 -2.127062
v 1.711443 0.476270 -2.272771
v 1.709127 0.500076 -2.452902
v 1.706812 0.476270 -2.633031
v 1.704939 0.411580 -2.778740
v 1.703808 0.324131 -2.866682
v 1.703458 0.128229 -2.893886
v 1.703057 0.232368 -2.925062
v 1.704697 0.032422 -2.797539
v 1.706692 -0.036468 -2.642367
v 1.709127 -0.061509 -2.452900
v 1.711563 -0.036468 -2.263435
v 1.713558 0.032422 -2.108261
v 1.714797 0.128229 -2.011916
v 1.715197 0.232368 -1.980740
v 1.714797 0.336507 -2.011916
v 1.713558 0.432313 -2.108261
v 1.711563 0.501205 -2.263435
v 1.709127 0.526246 -2.452902
v 1.706692 0.501205 -2.642367
v 1.704697 0.432314 -2.797539
v 1.703458 0.336507 -2.893886
v 1.729820 0.140606 -2.867078
v 1.729467 0.232368 -2.894549
v 1.730951 0.053157 -2.779137
v 1.732824 -0.011533 -2.633428
v 1.735140 -0.035340 -2.453297
v 1.737455 -0.011533 -2.273168
v 1.739329 0.053157 -2.127459
v 1.740459 0.140606 -2.039517
v 1.740812 0.232368 -2.012047
v 1.740459 0.324131 -2.039517
v 1.739329 0.411580 -2.127459
v 1.737455 0.476270 -2.273168
v 1.735140 0.500076 -2.453297
v 1.732824 0.476270 -2.633428
v 1.730951 0.411580 -2.779137
v 1.729820 0.324131 -2.867078
v 1.833888 0.171320 -2.730142
v 1.833653 0.232368 -2.748418
v 1.834640 0.113141 -2.671636
v 1.835886 0.070103 -2.574696
v 1.837427 0.054264 -2.454857
v 1.838967 0.070103 -2.335021
v 1.840213 0.113141 -2.238081
v 1.840966 0.171320 -2.179574
v 1.841200 0.232368 -2.161298
v 1.840966 0.293417 -2.179574
v 1.840213 0.351596 -2.238081
v 1.838967 0.394633 -2.335021
v 1.837427 0.410471 -2.454857
v 1.835886 0.394633 -2.574696
v 1.834640 0.351596 -2.671636
v 1.833888 0.293417 -2.730142
v 1.515491 -0.187782 -2.449946
v 1.513056 -0.162741 -2.639413
v 1.517927 -0.162741 -2.260480
v 1.709127 -0.187782 -2.452900
v 1.706692 -0.162741 -2.642367
v 1.711563 -0.162741 -2.263435
v -0.462117 -0.171386 -1.851695
v -0.462117 0.636123 -1.851695
v -0.531932 -0.099205 -3.080997
v -0.531932 0.563943 -3.080997
v -1.196765 -0.171386 -1.840487
v -1.196765 0.636123 -1.840487
v -1.158582 -0.099205 -3.071437
v -1.158582 0.563943 -3.071438
v -0.508367 0.636123 -1.921122
v -0.576385 0.670689 -2.878453
v -1.152319 0.636123 -1.911297
v -1.108937 0.670689 -2.870329
v -0.508227 1.244967 -1.910174
v -0.568853 1.210402 -2.292562
v -1.152178 1.244967 -1.900349
v -1.101405 1.210402 -2.284437
v -0.476722 0.636123 -2.987638
v -0.476722 -0.171386 -2.987637
v -1.211370 -0.171386 -2.976428
v -1.211370 0.636123 -2.976429
v -0.521168 0.636123 -2.916827
v -1.165120 0.636123 -2.907003
v -0.512671 1.244967 -2.255888
v -1.156623 1.244967 -2.246064
v -0.670330 0.652069 -2.838159
v -1.013996 0.652069 -2.832916
v -0.662798 1.191781 -2.252269
v -1.006462 1.191781 -2.247026
v -0.569050 1.145064 -2.307847
v -1.101602 1.145064 -2.299723
v -0.568828 1.160947 -2.290606
v -1.101380 1.160947 -2.282482
v -0.569207 1.173952 -2.320049
v -1.101759 1.173952 -2.311924
v -0.568985 1.189834 -2.302808
v -1.101537 1.189834 -2.294684
v -0.569762 1.093330 -2.363216
v -1.102314 1.093330 -2.355092
v -0.569540 1.109212 -2.345975
v -1.102092 1.109212 -2.337851
v -0.569919 1.122218 -2.375418
v -1.102470 1.122218 -2.367293
v -0.569697 1.138100 -2.358177
v -1.102249 1.138100 -2.350052
v -0.570563 1.034697 -2.425505
v -1.103114 1.034697 -2.417381
v -0.570341 1.050580 -2.408264
v -1.102893 1.050580 -2.400140
v -0.570719 1.063586 -2.437707
v -1.103271 1.063586 -2.429583
v -0.570498 1.079468 -2.420466
v -1.103050 1.079468 -2.412342
v -0.571452 0.971467 -2.494717
v -1.104004 0.971467 -2.486592
v -0.571231 0.987349 -2.477475
v -1.103782 0.987349 -2.469350
v -0.571609 1.000355 -2.506918
v -1.104161 1.000355 -2.498794
v -0.571388 1.016237 -2.489676
v -1.103939 1.016237 -2.481552
v -0.572396 0.907153 -2.568145
v -1.104948 0.907153 -2.560021
v -0.572175 0.923036 -2.550904
v -1.104727 0.923036 -2.542780
v -0.572553 0.936041 -2.580347
v -1.105105 0.936041 -2.572223
v -0.572331 0.951923 -2.563106
v -1.104883 0.951923 -2.554982
v -0.573297 0.841731 -2.638237
v -1.105849 0.841731 -2.630113
v -0.573076 0.857614 -2.620996
v -1.105628 0.857614 -2.612872
v -0.573454 0.870619 -2.650439
v -1.106006 0.870619 -2.642314
v -0.573233 0.886501 -2.633198
v -1.105784 0.886501 -2.625073
v -0.574274 0.772428 -2.714171
v -1.106825 0.772428 -2.706045
v -0.574052 0.788311 -2.696929
v -1.106604 0.788311 -2.688805
v -0.574430 0.801316 -2.726373
v -1.106982 0.801316 -2.718247
v -0.574209 0.817198 -2.709130
v -1.106761 0.817198 -2.701006
v -0.575218 0.703125 -2.787600
v -1.107769 0.703125 -2.779475
v -0.574996 0.719008 -2.770359
v -1.107548 0.719008 -2.762233
v -0.575374 0.732013 -2.799801
v -1.107926 0.732013 -2.791677
v -0.575153 0.747895 -2.782560
v -1.107705 0.747895 -2.774435
v -1.093420 0.232368 -2.840981
v -1.355671 0.232368 -2.756226
v -1.092999 0.122841 -2.808193
v -1.355374 0.155170 -2.733116
v -1.091798 0.029989 -2.714818
v -1.354455 0.084149 -2.661694
v -1.090002 -0.032054 -2.575071
v -1.352977 0.033080 -2.546665
v -1.087883 -0.053840 -2.410231
v -1.351171 0.014517 -2.406214
v -1.085763 -0.032054 -2.245388
v -1.349365 0.033080 -2.265761
v -1.083967 0.029989 -2.105643
v -1.347887 0.084149 -2.150732
v -1.082766 0.122841 -2.012268
v -1.346968 0.155170 -2.079311
v -1.082345 0.232368 -1.979479
v -1.346671 0.232368 -2.056200
v -1.082766 0.341895 -2.012268
v -1.346968 0.309566 -2.079311
v -1.083967 0.434748 -2.105643
v -1.347887 0.380588 -2.150732
v -1.085763 0.496790 -2.245388
v -1.349365 0.431657 -2.265761
v -1.087883 0.518576 -2.410231
v -1.351171 0.450219 -2.406214
v -1.090002 0.496790 -2.575071
v -1.352977 0.431657 -2.546665
v -1.091798 0.434748 -2.714818
v -1.354455 0.380588 -2.661694
v -1.092999 0.341895 -2.808193
v -1.355374 0.309566 -2.733116
v -1.298800 0.122841 -2.805054
v -1.299221 0.232368 -2.837842
v -1.297599 0.029989 -2.711678
v -1.295802 -0.032054 -2.571932
v -1.293682 -0.053840 -2.407091
v -1.291563 -0.032054 -2.242249
v -1.289767 0.029989 -2.102503
v -1.288566 0.122841 -2.009128
v -1.288145 0.232368 -1.976338
v -1.288566 0.341895 -2.009128
v -1.289767 0.434748 -2.102503
v -1.291563 0.496790 -2.242249
v -1.293682 0.518576 -2.407091
v -1.295802 0.496790 -2.571932
v -1.297599 0.434748 -2.711678
v -1.298800 0.341895 -2.805054
v -1.527032 0.155170 -2.730497
v -1.527329 0.232368 -2.753607
v -1.526114 0.084149 -2.659075
v -1.524635 0.033080 -2.544046
v -1.522829 0.014516 -2.403595
v -1.521024 0.033080 -2.263143
v -1.519545 0.084149 -2.148113
v -1.518627 0.155170 -2.076693
v -1.518329 0.232368 -2.053581
v -1.518627 0.309566 -2.076693
v -1.519545 0.380588 -2.148114
v -1.521024 0.431657 -2.263143
v -1.522829 0.450219 -2.403595
v -1.524635 0.431657 -2.544046
v -1.526114 0.380588 -2.659075
v -1.527032 0.309566 -2.730497
v -1.562623 0.138246 -2.801633
v -1.562986 0.232368 -2.829811
v -1.561504 0.051655 -2.714555
v -1.559701 -0.010610 -2.574309
v -1.557498 -0.033242 -2.403066
v -1.555297 -0.010610 -2.231823
v -1.553494 0.051655 -2.091576
v -1.552374 0.138246 -2.004498
v -1.552012 0.232368 -1.976320
v -1.552374 0.326490 -2.004498
v -1.553494 0.413082 -2.091576
v -1.555297 0.475346 -2.231823
v -1.557498 0.497978 -2.403066
v -1.559701 0.475346 -2.574309
v -1.561504 0.413082 -2.714555
v -1.562623 0.326490 -2.801633
v -1.563169 0.128229 -2.844050
v -1.563570 0.232368 -2.875226
v -1.561930 0.032422 -2.747705
v -1.559935 -0.036468 -2.592533
v -1.557498 -0.061509 -2.403066
v -1.555063 -0.036468 -2.213599
v -1.553068 0.032422 -2.058427
v -1.551829 0.128229 -1.962080
v -1.551428 0.232368 -1.930906
v -1.551829 0.336507 -1.962080
v -1.553068 0.432313 -2.058427
v -1.555063 0.501205 -2.213599
v -1.557498 0.526246 -2.403066
v -1.559935 0.501205 -2.592533
v -1.561930 0.432314 -2.747705
v -1.563169 0.336507 -2.844050
v -1.756454 0.140606 -2.813892
v -1.756807 0.232368 -2.841363
v -1.755323 0.053157 -2.725950
v -1.753450 -0.011533 -2.580241
v -1.751134 -0.035340 -2.400112
v -1.748819 -0.011533 -2.219982
v -1.746946 0.053157 -2.074272
v -1.745815 0.140606 -1.986331
v -1.745462 0.232368 -1.958860
v -1.745815 0.324131 -1.986331
v -1.746946 0.411580 -2.074272
v -1.748819 0.476270 -2.219982
v -1.751134 0.500076 -2.400112
v -1.753450 0.476270 -2.580242
v -1.755323 0.411580 -2.725950
v -1.756454 0.324131 -2.813892
v -1.756804 0.128229 -2.841096
v -1.757204 0.232368 -2.872272
v -1.755565 0.032422 -2.744751
v -1.753570 -0.036468 -2.589578
v -1.751134 -0.061509 -2.400112
v -1.748699 -0.036468 -2.210645
v -1.746704 0.032422 -2.055473
v -1.745465 0.128229 -1.959126
v -1.745064 0.232368 -1.927950
v -1.745465 0.336507 -1.959126
v -1.746704 0.432313 -2.055473
v -1.748699 0.501205 -2.210645
v -1.751134 0.526246 -2.400112
v -1.753570 0.501205 -2.589578
v -1.755565 0.432314 -2.744751
v -1.756804 0.336507 -2.841096
v -1.782467 0.140606 -2.813495
v -1.782821 0.232368 -2.840966
v -1.781337 0.053157 -2.725554
v -1.779464 -0.011533 -2.579844
v -1.777147 -0.035340 -2.399715
v -1.774831 -0.011533 -2.219584
v -1.772958 0.053157 -2.073875
v -1.771827 0.140606 -1.985934
v -1.771474 0.232368 -1.958463
v -1.771827 0.324131 -1.985934
v -1.772958 0.411580 -2.073875
v -1.774831 0.476270 -2.219584
v -1.777147 0.500076 -2.399715
v -1.779464 0.476270 -2.579844
v -1.781337 0.411580 -2.725554
v -1.782467 0.324131 -2.813495
v -1.882973 0.171320 -2.673439
v -1.883208 0.232368 -2.691714
v -1.882221 0.113141 -2.614931
v -1.880974 0.070103 -2.517992
v -1.879434 0.054264 -2.398153
v -1.877893 0.070103 -2.278316
v -1.876647 0.113141 -2.181377
v -1.875895 0.171320 -2.122870
v -1.875660 0.232368 -2.104594
v -1.875895 0.293417 -2.122870
v -1.876647 0.351596 -2.181377
v -1.877893 0.394633 -2.278316
v -1.879434 0.410471 -2.398153
v -1.880974 0.394633 -2.517992
v -1.882221 0.351596 -2.614931
v -1.882973 0.293417 -2.673439
v -1.557498 -0.187782 -2.403066
v -1.559935 -0.162741 -2.592533
v -1.555063 -0.162741 -2.213599
v -1.751134 -0.187782 -2.400112
v -1.753570 -0.162741 -2.589578
v -1.748699 -0.162741 -2.210645
v 1.312625 -0.537299 -2.159781
v 1.423639 -0.616221 -2.161475
v 1.423639 -0.184868 -2.161475
v 1.312625 -0.263791 -2.159781
v 1.390177 -0.642519 -2.939620
v 1.265627 -0.553973 -2.937720
v 1.265627 -0.247116 -2.937720
v 1.390177 -0.158571 -2.939620
v 1.808359 -0.616221 -2.167345
v 1.919373 -0.537299 -2.169038
v 1.919373 -0.263791 -2.169038
v 1.808359 -0.184868 -2.167345
v 1.946355 -0.553973 -2.948105
v 1.821804 -0.642519 -2.946205
v 1.821804 -0.158571 -2.946205
v 1.946355 -0.247116 -2.948105
v 1.415748 -0.616221 -2.775276
v 1.304734 -0.537299 -2.773582
v 1.415748 -0.184868 -2.775276
v 1.304734 -0.263791 -2.773582
v 1.800469 -0.616221 -2.781145
v 1.911482 -0.537299 -2.782838
v 1.800469 -0.184868 -2.781145
v 1.911482 -0.263791 -2.782838
v 1.255466 -0.553973 -3.728165
v 1.380016 -0.642519 -3.730065
v 1.380016 -0.158571 -3.730065
v 1.255466 -0.247116 -3.728165
v 1.811643 -0.642519 -3.736650
v 1.936193 -0.553973 -3.738550
v 1.936193 -0.247116 -3.738550
v 1.811643 -0.158571 -3.736650
v 1.382378 -0.642519 -3.546331
v 1.814004 -0.642519 -3.552916
v 1.938555 -0.553973 -3.554816
v 1.938555 -0.247116 -3.554816
v 1.814004 -0.158571 -3.552916
v 1.257828 -0.247116 -3.544431
v 1.257828 -0.553973 -3.544431
v 1.382378 -0.158571 -3.546331
v 1.204588 -0.576828 -3.741077
v 1.347691 -0.678563 -3.743260
v 1.347691 -0.122526 -3.743260
v 1.204588 -0.224262 -3.741077
v 1.843615 -0.678563 -3.750825
v 1.986718 -0.576828 -3.753009
v 1.986718 -0.224262 -3.753009
v 1.843615 -0.122526 -3.750825
v 1.350405 -0.678563 -3.532156
v 1.989432 -0.576828 -3.541904
v 1.207302 -0.224262 -3.529973
v 1.350405 -0.122526 -3.532156
v 1.846329 -0.678563 -3.539721
v 1.989432 -0.224262 -3.541904
v 1.846329 -0.122526 -3.539721
v 1.207302 -0.576828 -3.529973
v 1.606689 -0.643469 -3.707722
v 1.672887 -0.637360 -3.710793
v 1.736165 -0.622013 -3.713728
v 1.794096 -0.598018 -3.716415
v 1.844452 -0.566298 -3.718750
v 1.885296 -0.528070 -3.720644
v 1.915061 -0.484805 -3.722024
v 1.932601 -0.438166 -3.722838
v 1.937245 -0.389943 -3.723053
v 1.928811 -0.341990 -3.722662
v 1.907625 -0.296152 -3.721679
v 1.874501 -0.254187 -3.720144
v 1.830712 -0.217710 -3.718112
v 1.777940 -0.188122 -3.715664
v 1.718214 -0.166561 -3.712896
v 1.653829 -0.153855 -3.709909
v 1.587259 -0.150491 -3.706821
v 1.521061 -0.156601 -3.703753
v 1.457782 -0.171948 -3.700817
v 1.399851 -0.195943 -3.698130
v 1.349497 -0.227663 -3.695795
v 1.308652 -0.265890 -3.693902
v 1.278886 -0.309155 -3.692521
v 1.261346 -0.355795 -3.691707
v 1.256703 -0.404018 -3.691492
v 1.265137 -0.451970 -3.691883
v 1.286323 -0.497810 -3.692865
v 1.319447 -0.539773 -3.694402
v 1.363236 -0.576250 -3.696433
v 1.416007 -0.605838 -3.698879
v 1.475734 -0.627399 -3.701650
v 1.540118 -0.640106 -3.704636
v -1.295783 -0.537299 -2.119989
v -1.406798 -0.616221 -2.118295
v -1.406798 -0.184868 -2.118295
v -1.295783 -0.263791 -2.119989
v -1.393352 -0.642519 -2.897156
v -1.268803 -0.553973 -2.899056
v -1.268803 -0.247116 -2.899056
v -1.393352 -0.158571 -2.897156
v -1.791517 -0.616221 -2.112426
v -1.902531 -0.537299 -2.110733
v -1.902531 -0.263791 -2.110733
v -1.791517 -0.184868 -2.112426
v -1.949529 -0.553973 -2.888671
v -1.824980 -0.642519 -2.890571
v -1.824980 -0.158571 -2.890571
v -1.949529 -0.247116 -2.888671
v -1.414689 -0.616221 -2.732095
v -1.303674 -0.537299 -2.733789
v -1.414689 -0.184868 -2.732096
v -1.303674 -0.263791 -2.733789
v -1.799408 -0.616221 -2.726226
v -1.910421 -0.537299 -2.724533
v -1.799408 -0.184868 -2.726226
v -1.910421 -0.263791 -2.724533
v -1.278964 -0.553973 -3.689501
v -1.403513 -0.642519 -3.687601
v -1.403513 -0.158571 -3.687601
v -1.278964 -0.247116 -3.689501
v -1.835142 -0.642519 -3.681016
v -1.959691 -0.553973 -3.679116
v -1.959691 -0.247116 -3.679116
v -1.835142 -0.158571 -3.681016
v -1.401151 -0.642519 -3.503867
v -1.832780 -0.642519 -3.497283
v -1.957329 -0.553973 -3.495382
v -1.957329 -0.247116 -3.495382
v -1.832780 -0.158571 -3.497283
v -1.276603 -0.247116 -3.505767
v -1.276603 -0.553973 -3.505767
v -1.401151 -0.158571 -3.503867
v -1.228439 -0.576828 -3.703960
v -1.371541 -0.678563 -3.701777
v -1.371541 -0.122526 -3.701777
v -1.228439 -0.224262 -3.703960
v -1.867465 -0.678563 -3.694211
v -2.010568 -0.576828 -3.692028
v -2.010568 -0.224262 -3.692028
v -1.867465 -0.122526 -3.694211
v -1.368827 -0.678563 -3.490673
v -2.007854 -0.576828 -3.480924
v -1.225725 -0.224262 -3.492856
v -1.368827 -0.122526 -3.490673
v -1.864751 -0.678563 -3.483107
v -2.007854 -0.224262 -3.480924
v -1.864751 -0.122526 -3.483107
v -1.225725 -0.576828 -3.492856
v 1.539943 -0.396981 -4.822302
v -1.758448 -0.755033 -3.595161
v -1.758448 -0.046057 -3.595161
v -1.760685 -0.755033 -3.769178
v -1.760685 -0.046057 -3.769178
v -1.477969 -0.755033 -3.599440
v -1.477969 -0.046057 -3.599440
v -1.480206 -0.755033 -3.773457
v -1.480206 -0.046057 -3.773457
v -1.774402 -0.215652 -4.836208
v -1.760685 -0.215652 -3.769178
v -1.774402 -0.144205 -4.836208
v -1.760685 -0.046057 -3.769178
v -1.493923 -0.215652 -4.840487
v -1.480206 -0.215652 -3.773457
v -1.493923 -0.144205 -4.840487
v -1.480206 -0.046057 -3.773457
v -1.761809 -0.215652 -3.856597
v -1.761809 -0.088744 -3.856597
v -1.481330 -0.088744 -3.860875
v -1.481330 -0.215652 -3.860875
v -1.771145 -0.088744 -4.582779
v -1.490665 -0.088744 -4.587058
v -1.490665 -0.215652 -4.587058
v -1.771145 -0.215652 -4.582779
v -1.493923 -0.601315 -4.840487
v -1.480206 -0.601315 -3.773457
v -1.493923 -0.656884 -4.840487
v -1.480206 -0.755033 -3.773457
v -1.774402 -0.601315 -4.836208
v -1.760685 -0.601315 -3.769178
v -1.774402 -0.656884 -4.836208
v -1.760685 -0.755033 -3.769178
v -1.481330 -0.601315 -3.860875
v -1.481330 -0.712345 -3.860875
v -1.761809 -0.712345 -3.856597
v -1.761809 -0.601315 -3.856597
v -1.490665 -0.712345 -4.587058
v -1.771145 -0.712345 -4.582779
v -1.771145 -0.601315 -4.582779
v -1.490665 -0.601315 -4.587058
v -0.132643 -0.148607 -2.898433
v -0.162421 0.792902 -2.686690
v 0.078460 -0.148607 -2.901653
v 0.113670 0.792902 -2.690902
v 0.394384 -0.076648 -2.550274
v 0.396986 0.777953 -2.347926
v 0.190927 -0.118178 -2.158790
v 0.193529 0.717101 -1.956441
v -0.225969 -0.118178 -2.152430
v -0.223368 0.717101 -1.950082
v -0.439410 -0.076648 -2.537554
v -0.436809 0.777953 -2.335206
v 0.192661 0.438675 -2.023891
v 0.191312 -0.005655 -2.128884
v -0.224235 0.438675 -2.017531
v -0.225586 -0.005655 -2.122524
v -0.235953 0.090198 -2.928956
v -0.231397 0.069081 -2.929849
v -0.231992 0.539043 -2.829555
v -0.234777 0.517982 -2.837565
v 0.182119 0.517982 -2.843925
v 0.179541 0.539043 -2.835833
v 0.176367 0.069081 -2.936069
v 0.180944 0.090198 -2.935316
v 0.396085 0.469222 -2.417971
v 0.396153 0.491259 -2.412696
v 0.390772 0.479112 -2.405087
v 0.394730 0.024644 -2.523352
v 0.394802 0.046856 -2.517772
v 0.389422 0.034783 -2.510079
v -0.437641 0.491259 -2.399976
v -0.437709 0.469222 -2.405251
v -0.432067 0.479112 -2.392535
v -0.438992 0.046856 -2.505052
v -0.439064 0.024644 -2.510632
v -0.433417 0.034783 -2.497526
v 0.055465 1.046181 -2.647002
v -0.103110 1.046181 -2.644583
v -0.024694 0.944204 -2.713616
v -0.024899 0.928316 -2.729595
v -0.024899 0.890831 -2.729595
v -0.024386 0.864325 -2.689703
v -0.014450 0.954821 -2.687708
v -0.006333 0.944204 -2.709929
v -0.000911 0.928316 -2.724777
v 0.000995 0.909573 -2.729990
v -0.000911 0.890831 -2.724777
v -0.006333 0.874941 -2.709929
v -0.014450 0.864325 -2.687708
v -0.005971 0.954821 -2.681721
v 0.009334 0.944204 -2.698867
v 0.019561 0.928316 -2.710323
v 0.023151 0.909573 -2.714346
v 0.019561 0.890831 -2.710323
v 0.009334 0.874941 -2.698867
v -0.005971 0.864325 -2.681721
v -0.000241 0.954821 -2.672656
v 0.019923 0.944204 -2.682117
v 0.033396 0.928316 -2.688438
v 0.038127 0.909573 -2.690657
v 0.033396 0.890831 -2.688438
v 0.019923 0.874941 -2.682117
v -0.000241 0.864325 -2.672656
v 0.001870 0.954821 -2.661891
v 0.023821 0.944204 -2.662226
v 0.038489 0.928316 -2.662450
v 0.043640 0.909573 -2.662529
v 0.038489 0.890831 -2.662450
v 0.023821 0.874941 -2.662226
v 0.001870 0.864325 -2.661891
v 0.000037 0.954821 -2.651066
v 0.020436 0.944204 -2.642223
v 0.034067 0.928316 -2.636316
v 0.038852 0.909573 -2.634241
v 0.034067 0.890831 -2.636316
v 0.020436 0.874941 -2.642223
v 0.000037 0.864324 -2.651066
v -0.005458 0.954821 -2.641829
v 0.010282 0.944204 -2.625156
v 0.020799 0.928316 -2.614016
v 0.024492 0.909573 -2.610105
v 0.020799 0.890831 -2.614016
v 0.010282 0.874941 -2.625156
v -0.005458 0.864325 -2.641829
v -0.013780 0.954821 -2.635587
v -0.005095 0.944204 -2.613621
v 0.000707 0.928316 -2.598944
v 0.002745 0.909573 -2.593791
v 0.000707 0.890831 -2.598944
v -0.005095 0.874941 -2.613621
v -0.013780 0.864324 -2.635587
v -0.024024 0.958549 -2.661496
v -0.023661 0.954821 -2.633287
v -0.023354 0.944204 -2.609375
v -0.023148 0.928316 -2.593396
v -0.023076 0.909573 -2.587785
v -0.023148 0.890831 -2.593396
v -0.023354 0.874941 -2.609375
v -0.023661 0.864325 -2.633287
v -0.033599 0.954821 -2.635284
v -0.041716 0.944204 -2.613062
v -0.047138 0.928316 -2.598214
v -0.049043 0.909573 -2.593001
v -0.047138 0.890831 -2.598214
v -0.041716 0.874941 -2.613062
v -0.033599 0.864324 -2.635284
v -0.042078 0.954821 -2.641270
v -0.057383 0.944204 -2.624124
v -0.067610 0.928316 -2.612668
v -0.071200 0.909573 -2.608645
v -0.067610 0.890831 -2.612668
v -0.057383 0.874941 -2.624124
v -0.042078 0.864325 -2.641270
v -0.024024 0.860597 -2.661496
v -0.047808 0.954821 -2.650336
v -0.067972 0.944204 -2.640875
v -0.081445 0.928316 -2.634554
v -0.086176 0.909573 -2.632334
v -0.081445 0.890831 -2.634554
v -0.067972 0.874941 -2.640875
v -0.047808 0.864324 -2.650336
v -0.049919 0.954821 -2.661101
v -0.071870 0.944204 -2.660766
v -0.086538 0.928316 -2.660542
v -0.091689 0.909573 -2.660464
v -0.086538 0.890831 -2.660542
v -0.071870 0.874941 -2.660766
v -0.049919 0.864325 -2.661101
v -0.048086 0.954821 -2.671926
v -0.068485 0.944204 -2.680768
v -0.082115 0.928316 -2.686676
v -0.086901 0.909573 -2.688750
v -0.082115 0.890831 -2.686676
v -0.068485 0.874941 -2.680768
v -0.048086 0.864325 -2.671926
v -0.042591 0.954821 -2.681162
v -0.058331 0.944204 -2.697835
v -0.068848 0.928316 -2.708975
v -0.072540 0.909573 -2.712888
v -0.068848 0.890831 -2.708975
v -0.058331 0.874941 -2.697835
v -0.042591 0.864325 -2.681162
v -0.034269 0.954821 -2.687406
v -0.042954 0.944204 -2.709370
v -0.048756 0.928316 -2.724047
v -0.050794 0.909573 -2.729200
v -0.048756 0.890831 -2.724047
v -0.042954 0.874941 -2.709370
v -0.034269 0.864325 -2.687406
v -0.024386 0.954821 -2.689703
v -0.024971 0.909573 -2.735206
v -0.024694 0.874941 -2.713616
vn -0.9999 -0.0000 0.0129
vn -0.9876 -0.0000 -0.1571
vn -0.9876 -0.0000 -0.1572
vn -0.0153 -0.0000 -0.9999
vn 0.9832 -0.0000 -0.1826
vn 0.9999 -0.0000 -0.0129
vn 0.0153 -0.0000 0.9999
vn -0.0000 -1.0000 -0.0000
vn -0.0000 1.0000 -0.0000
vn 0.0153 -0.0180 0.9997
vn 0.3808 0.6776 -0.6291
vn -0.8741 -0.0000 -0.4857
vn -0.0093 -0.7937 -0.6082
vn -0.0093 0.7937 -0.6082
vn 0.8608 -0.0000 -0.5090
vn -0.0103 0.7355 -0.6774
vn -0.0066 -0.9018 -0.4321
vn -0.3994 0.6768 -0.6184
vn 0.0066 0.9018 0.4321
vn 0.0103 -0.7355 0.6774
vn -0.0141 -0.3891 -0.9211
vn 0.0141 0.3891 0.9211
vn 0.0103 -0.7356 0.6774
vn -0.0103 0.7356 -0.6774
vn -0.0141 -0.3892 -0.9211
vn 0.0141 0.3892 0.9211
vn -0.0129 -0.5291 -0.8485
vn -0.0084 -0.8329 -0.5533
vn -0.0040 -0.9642 -0.2653
vn 0.0040 -0.9642 0.2653
vn 0.0084 -0.8329 0.5533
vn 0.0129 -0.5291 0.8485
vn 0.0129 0.5291 0.8485
vn 0.0084 0.8329 0.5533
vn 0.0040 0.9642 0.2653
vn -0.0040 0.9642 -0.2653
vn -0.0084 0.8329 -0.5533
vn -0.0129 0.5291 -0.8485
vn 0.7967 -0.2991 -0.5252
vn 0.8066 -0.0000 -0.5911
vn 0.7788 -0.5079 -0.3681
vn 0.7949 -0.3280 -0.5104
vn 0.7673 -0.6132 -0.1876
vn 0.7770 -0.5266 -0.3449
vn 0.7652 -0.6437 -0.0098
vn 0.7669 -0.6179 -0.1734
vn 0.7714 -0.6176 0.1535
vn 0.7722 -0.6128 0.1677
vn 0.7862 -0.5260 0.3244
vn 0.7886 -0.5072 0.3475
vn 0.8086 -0.3274 0.4888
vn 0.8108 -0.2985 0.5035
vn 0.8224 -0.0000 0.5689
vn 0.8108 0.2985 0.5035
vn 0.8224 -0.0000 0.5688
vn 0.7886 0.5072 0.3475
vn 0.8086 0.3274 0.4888
vn 0.7722 0.6128 0.1677
vn 0.7862 0.5260 0.3244
vn 0.7652 0.6437 -0.0098
vn 0.7714 0.6176 0.1535
vn 0.7669 0.6179 -0.1734
vn 0.7673 0.6132 -0.1876
vn 0.7770 0.5266 -0.3449
vn 0.7788 0.5079 -0.3681
vn 0.7949 0.3280 -0.5104
vn 0.7967 0.2991 -0.5252
vn -0.8613 0.4304 -0.2698
vn -0.9630 0.2624 -0.0607
vn -0.9728 0.1977 -0.1206
vn -0.9630 -0.2624 -0.0607
vn -0.9582 -0.2858 0.0123
vn -0.8899 -0.2395 0.3883
vn -0.9694 -0.1978 0.1456
vn -0.9773 -0.1052 0.1837
vn -0.8999 0.2391 -0.3646
vn -0.9818 0.1051 -0.1583
vn -0.9057 -0.0000 0.4238
vn -0.9805 -0.0000 0.1964
vn -0.9167 -0.0000 -0.3996
vn -0.9818 -0.1051 -0.1583
vn -0.8999 -0.2391 -0.3646
vn -0.9853 -0.0000 -0.1710
vn -0.9773 0.1052 0.1837
vn -0.8899 0.2395 0.3883
vn -0.9728 -0.1977 -0.1206
vn -0.8613 -0.4304 -0.2698
vn -0.9694 0.1978 0.1456
vn -0.8538 0.4309 0.2922
vn -0.8248 -0.5483 -0.1378
vn -0.9611 0.2625 0.0855
vn -0.8208 0.5486 0.1590
vn -0.8091 -0.5875 0.0104
vn -0.9582 0.2858 0.0123
vn -0.8091 0.5875 0.0104
vn -0.8208 -0.5486 0.1590
vn -0.9611 -0.2625 0.0855
vn -0.8248 0.5483 -0.1378
vn -0.8538 -0.4309 0.2922
vn 0.0129 0.5290 0.8485
vn -0.0062 -0.9140 -0.4057
vn 0.0062 -0.9140 0.4057
vn 0.0129 -0.5290 0.8485
vn 0.6588 -0.7522 -0.0085
vn 0.6813 -0.7089 0.1824
vn 0.6826 -0.7060 0.1885
vn -0.0041 -0.9642 -0.2653
vn 0.0041 0.9642 0.2653
vn 0.0041 -0.9642 0.2653
vn 0.6588 0.7522 -0.0085
vn 0.6759 0.7094 -0.2000
vn 0.6771 0.7065 -0.2061
vn 0.7366 -0.5712 0.3620
vn 0.7398 -0.5620 0.3699
vn 0.7262 0.5720 -0.3813
vn 0.7292 0.5627 -0.3893
vn 0.8003 -0.3271 0.5026
vn 0.8022 -0.3165 0.5063
vn 0.7862 0.3277 -0.5240
vn 0.7880 0.3171 -0.5277
vn 0.8298 -0.0000 0.5581
vn 0.7880 -0.3171 -0.5277
vn 0.8142 -0.0000 -0.5805
vn 0.7862 -0.3277 -0.5240
vn 0.8022 0.3165 0.5063
vn 0.8003 0.3271 0.5026
vn 0.7292 -0.5627 -0.3893
vn 0.7262 -0.5720 -0.3813
vn 0.7398 0.5620 0.3699
vn 0.7366 0.5712 0.3620
vn 0.6771 -0.7065 -0.2061
vn 0.6759 -0.7094 -0.2000
vn 0.6826 0.7060 0.1885
vn 0.6813 0.7089 0.1824
vn -0.0020 -0.9914 -0.1310
vn 0.0020 -0.9914 0.1310
vn -0.0103 0.7355 -0.6775
vn -0.8224 -0.0000 -0.5688
vn -0.8108 -0.2985 -0.5035
vn -0.8086 -0.3273 -0.4888
vn -0.7887 -0.5072 -0.3475
vn -0.7862 -0.5260 -0.3244
vn -0.7722 -0.6128 -0.1677
vn -0.7714 -0.6176 -0.1535
vn -0.7652 -0.6437 0.0098
vn -0.7669 -0.6179 0.1734
vn -0.7673 -0.6132 0.1876
vn -0.7770 -0.5266 0.3449
vn -0.7788 -0.5079 0.3681
vn -0.7949 -0.3280 0.5104
vn -0.7967 -0.2991 0.5252
vn -0.8066 -0.0000 0.5911
vn -0.7967 0.2991 0.5252
vn -0.7949 0.3280 0.5104
vn -0.7788 0.5079 0.3681
vn -0.7770 0.5266 0.3449
vn -0.7673 0.6132 0.1876
vn -0.7669 0.6179 0.1734
vn -0.7652 0.6437 0.0098
vn -0.7714 0.6176 -0.1535
vn -0.7722 0.6128 -0.1677
vn -0.7862 0.5260 -0.3244
vn -0.7887 0.5072 -0.3475
vn -0.8086 0.3273 -0.4888
vn -0.8108 0.2985 -0.5035
vn 0.8538 0.4309 -0.2922
vn 0.9611 0.2625 -0.0855
vn 0.8208 0.5486 -0.1590
vn 0.9611 -0.2625 -0.0855
vn 0.9582 -0.2857 -0.0123
vn 0.8999 -0.2391 0.3646
vn 0.9728 -0.1977 0.1206
vn 0.8614 -0.4304 0.2698
vn 0.8899 0.2395 -0.3883
vn 0.9694 0.1978 -0.1456
vn 0.9167 -0.0000 0.3996
vn 0.9818 -0.1051 0.1583
vn 0.9773 -0.1052 -0.1837
vn 0.9057 -0.0000 -0.4238
vn 0.8899 -0.2395 -0.3883
vn 0.9773 0.1052 -0.1837
vn 0.9818 0.1051 0.1583
vn 0.8999 0.2391 0.3646
vn 0.9694 -0.1978 -0.1456
vn 0.8538 -0.4309 -0.2922
vn 0.9728 0.1977 0.1206
vn 0.8614 0.4304 0.2698
vn 0.8208 -0.5486 -0.1590
vn 0.9630 0.2624 0.0607
vn 0.8248 0.5483 0.1378
vn 0.8092 -0.5875 -0.0104
vn 0.9582 0.2857 -0.0123
vn 0.8092 0.5875 -0.0104
vn 0.8249 -0.5483 0.1378
vn 0.9630 -0.2624 0.0607
vn 0.9853 -0.0000 0.1710
vn 0.9805 -0.0000 -0.1964
vn -0.0129 -0.5290 -0.8485
vn -0.9999 -0.0000 0.0128
vn -0.6759 -0.7094 0.2000
vn -0.6588 -0.7522 0.0085
vn -0.6771 -0.7065 0.2061
vn 0.0130 -0.5291 0.8485
vn 0.0130 0.5291 0.8485
vn -0.6813 0.7089 -0.1824
vn -0.6588 0.7522 0.0085
vn -0.6826 0.7060 -0.1885
vn -0.7262 -0.5720 0.3813
vn -0.7292 -0.5627 0.3893
vn -0.7366 0.5712 -0.3620
vn -0.7398 0.5620 -0.3699
vn -0.7862 -0.3277 0.5240
vn -0.7880 -0.3171 0.5277
vn -0.8003 0.3271 -0.5025
vn -0.8022 0.3165 -0.5063
vn -0.8142 -0.0000 0.5805
vn -0.8022 -0.3165 -0.5063
vn -0.8298 -0.0000 -0.5581
vn -0.7880 0.3171 0.5277
vn -0.7398 -0.5620 -0.3699
vn -0.8003 -0.3271 -0.5025
vn -0.7292 0.5627 0.3893
vn -0.7862 0.3277 0.5240
vn -0.6826 -0.7060 -0.1885
vn -0.7366 -0.5712 -0.3620
vn -0.6771 0.7065 0.2061
vn -0.7262 0.5720 0.3813
vn -0.6813 -0.7089 -0.1824
vn -0.6759 0.7094 0.2000
vn 0.9948 -0.0000 0.1021
vn 0.0013 0.9966 0.0820
vn -0.9918 -0.0000 0.1277
vn -0.9931 -0.0000 0.1174
vn -0.1506 0.0657 -0.9864
vn -0.1057 0.2814 -0.9538
vn -0.0604 0.1889 -0.9801
vn -0.5793 -0.8151 0.0074
vn -0.5745 -0.8106 0.1133
vn -0.5746 -0.8106 0.1130
vn -0.5748 0.8109 0.1093
vn -0.5745 0.8106 0.1133
vn -0.5746 0.8106 0.1130
vn 0.5778 -0.8107 0.0944
vn 0.5776 -0.8104 0.0984
vn 0.5776 -0.8104 0.0981
vn 0.5776 0.8104 0.0981
vn 0.5793 0.8151 -0.0074
vn 0.5776 0.8104 0.0984
vn 0.0013 -0.9966 0.0821
vn 0.0011 -0.9972 0.0745
vn 0.5778 0.8107 0.0944
vn 0.5778 0.8107 0.0941
vn 0.5793 -0.8151 -0.0074
vn -0.5793 0.8151 0.0074
vn -0.5748 -0.8109 0.1093
vn -0.5749 -0.8110 0.1089
vn 0.0011 0.9972 0.0745
vn 0.9958 -0.0000 0.0918
vn -0.1506 -0.0657 -0.9864
vn 0.2298 0.1042 0.9677
vn 0.1057 0.2814 0.9538
vn 0.0862 0.2975 0.9508
vn -0.0766 0.2815 0.9565
vn -0.0571 0.2976 0.9530
vn 0.1205 -0.0657 -0.9905
vn 0.0766 -0.2815 -0.9565
vn 0.0305 -0.1889 -0.9815
vn -0.2004 0.1043 0.9742
vn -0.1895 -0.1281 0.9735
vn -0.2004 -0.1043 0.9742
vn 0.1205 0.0657 -0.9905
vn 0.0766 0.2815 -0.9565
vn 0.1895 0.1280 -0.9735
vn -0.2190 -0.1279 -0.9673
vn -0.2190 0.1279 -0.9673
vn -0.0766 -0.2815 0.9565
vn -0.0571 -0.2976 0.9530
vn -0.5749 0.8110 0.1089
vn 0.5778 -0.8107 0.0941
vn 0.0862 -0.2975 0.9508
vn 0.1057 -0.2814 0.9538
vn -0.1057 -0.2814 -0.9538
vn 0.2298 -0.1042 0.9677
vn 0.2189 -0.1279 0.9673
vn 0.0305 0.1889 -0.9815
vn 0.2189 0.1279 0.9673
vn 0.1895 -0.1280 -0.9735
vn -0.1895 0.1281 0.9735
vn -0.0604 -0.1889 -0.9801
vn 0.1496 -0.9626 -0.2261
vn -0.0592 -0.0000 -0.9982
vn 0.2902 -0.9265 -0.2394
vn 0.4332 -0.8640 -0.2566
vn 0.5770 -0.7683 -0.2771
vn 0.7154 -0.6313 -0.2994
vn 0.8352 -0.4469 -0.3204
vn 0.9165 -0.2178 -0.3355
vn 0.9397 0.0376 -0.3399
vn 0.8981 0.2883 -0.3320
vn 0.8034 0.5055 -0.3147
vn 0.6763 0.6759 -0.2929
vn 0.5354 0.8000 -0.2709
vn 0.3914 0.8852 -0.2513
vn 0.2490 0.9395 -0.2352
vn 0.1091 0.9687 -0.2229
vn -0.0296 0.9763 -0.2145
vn -0.1688 0.9631 -0.2098
vn -0.3102 0.9275 -0.2088
vn -0.4545 0.8653 -0.2114
vn -0.6000 0.7700 -0.2172
vn -0.7405 0.6331 -0.2253
vn -0.8626 0.4485 -0.2342
vn -0.9456 0.2187 -0.2410
vn -0.9693 -0.0378 -0.2430
vn -0.9268 -0.2894 -0.2394
vn -0.8301 -0.5072 -0.2317
vn -0.7008 -0.6777 -0.2228
vn -0.5578 -0.8016 -0.2152
vn -0.4122 -0.8865 -0.2103
vn -0.2688 -0.9403 -0.2087
vn -0.1282 -0.9691 -0.2108
vn 0.0463 -0.0000 0.9989
vn 0.0107 -0.9762 -0.2165
vn -0.0067 0.8986 -0.4387
vn -0.0016 0.9944 -0.1060
vn -0.0033 0.9769 -0.2137
vn -0.0067 -0.8986 -0.4387
vn -0.0016 -0.9944 -0.1060
vn -0.0033 -0.9769 -0.2137
vn 0.7823 0.2912 -0.5506
vn 0.8544 0.1943 -0.4820
vn 0.8533 0.3417 -0.3939
vn 0.8888 -0.0354 -0.4568
vn 0.8911 0.1031 -0.4420
vn 0.8869 0.1010 -0.4507
vn 0.8872 -0.1099 0.4480
vn 0.8867 -0.1102 0.4491
vn 0.8864 -0.1154 0.4484
vn 0.0148 -0.2327 0.9724
vn 0.0148 -0.2355 0.9718
vn 0.1420 0.9043 0.4025
vn 0.3842 0.8609 0.3335
vn 0.0965 0.9059 0.4124
vn -0.8742 -0.1094 0.4730
vn -0.8749 -0.1101 0.4716
vn -0.8743 -0.1104 0.4726
vn -0.0142 0.3586 -0.9334
vn -0.0138 0.4215 -0.9067
vn -0.0138 0.4216 -0.9067
vn 0.0709 -0.9970 0.0301
vn -0.0699 -0.9970 0.0319
vn 0.0569 -0.9979 0.0323
vn -0.0146 0.2826 -0.9591
vn -0.0151 0.1294 -0.9915
vn -0.0151 0.1293 -0.9915
vn -0.8670 0.1939 -0.4590
vn -0.7972 0.2906 -0.5292
vn -0.8636 0.3412 -0.3712
vn -0.8750 -0.1152 0.4703
vn -0.8743 -0.1207 0.4701
vn -0.8736 -0.1222 0.4710
vn 0.0148 -0.2435 0.9698
vn 0.0147 -0.2569 0.9663
vn -0.8755 -0.1078 0.4711
vn -0.8768 -0.1035 0.4696
vn -0.8748 -0.1093 0.4719
vn 0.8873 -0.1150 0.4467
vn 0.8859 -0.1220 0.4475
vn 0.8872 -0.1091 0.4484
vn 0.8878 -0.1075 0.4475
vn 0.8269 -0.2361 -0.5103
vn 0.8553 -0.0767 -0.5123
vn 0.7180 -0.4117 -0.5613
vn -0.8688 -0.0766 -0.4891
vn -0.8405 -0.2356 -0.4879
vn -0.7334 -0.4109 -0.5415
vn -0.9025 0.1029 -0.4181
vn -0.9007 -0.0354 -0.4330
vn -0.8986 0.1008 -0.4269
vn 0.8866 -0.1092 0.4495
vn 0.8865 -0.1103 0.4494
vn 0.8866 -0.1204 0.4466
vn -0.8741 -0.1105 0.4730
vn -0.8950 0.1144 -0.4312
vn 0.8872 0.1789 -0.4252
vn -0.0152 -0.0409 -0.9990
vn -0.0151 -0.1495 -0.9886
vn 0.7619 0.1824 -0.6214
vn 0.7468 0.2765 -0.6049
vn -0.0150 0.1674 -0.9858
vn -0.1297 0.9046 0.4061
vn -0.0839 0.9060 0.4148
vn -0.0043 -0.9598 -0.2808
vn 0.1130 -0.9588 -0.2607
vn -0.0086 -0.8242 -0.5662
vn 0.3410 -0.5145 -0.7867
vn 0.2271 -0.8209 -0.5240
vn -0.0152 -0.0000 -0.9999
vn 0.3410 0.5146 -0.7867
vn 0.3977 -0.0000 -0.9175
vn -0.0086 0.8242 -0.5662
vn 0.1130 0.9588 -0.2607
vn 0.2271 0.8209 -0.5240
vn -0.0130 -0.5193 -0.8545
vn -0.0130 0.5193 -0.8545
vn -0.0043 0.9597 -0.2808
vn 0.2125 -0.9563 -0.2006
vn 0.6285 -0.5029 -0.5934
vn 0.6285 0.5029 -0.5934
vn 0.2125 0.9563 -0.2006
vn 0.4239 -0.8125 -0.4002
vn 0.7272 -0.0000 -0.6865
vn 0.4239 0.8125 -0.4002
vn 0.8097 -0.4918 -0.3202
vn 0.5528 0.8042 -0.2186
vn 0.8097 0.4918 -0.3202
vn 0.2793 0.9538 -0.1104
vn 0.2793 -0.9538 -0.1104
vn 0.5528 -0.8042 -0.2185
vn 0.9299 -0.0000 -0.3677
vn 0.3037 -0.9528 -0.0039
vn 0.8732 -0.4872 -0.0112
vn 0.5991 -0.8006 -0.0077
vn 0.8732 0.4872 -0.0112
vn 0.3037 0.9528 -0.0039
vn 0.5991 0.8006 -0.0077
vn 0.8182 0.4912 0.2988
vn 0.9393 -0.0000 0.3431
vn 0.2825 0.9537 0.1032
vn 0.5589 0.8037 0.2041
vn 0.5589 -0.8037 0.2041
vn 0.2824 -0.9537 0.1032
vn 0.8182 -0.4912 0.2988
vn 0.2185 -0.9561 0.1951
vn 0.6452 -0.5020 0.5759
vn 0.6452 0.5020 0.5759
vn 0.2185 0.9561 0.1951
vn 0.4356 -0.8118 0.3888
vn 0.7460 -0.0000 0.6659
vn 0.4356 0.8118 0.3888
vn 0.2429 0.8204 0.5177
vn 0.3644 0.5139 0.7766
vn 0.1209 0.9586 0.2576
vn 0.1209 -0.9587 0.2576
vn 0.2429 -0.8204 0.5177
vn 0.4248 -0.0000 0.9053
vn 0.3644 -0.5139 0.7766
vn 0.0043 -0.9597 0.2808
vn 0.0086 -0.8242 0.5662
vn 0.0043 0.9597 0.2808
vn 0.0086 0.8242 0.5662
vn 0.0130 -0.5193 0.8545
vn 0.0130 0.5193 0.8545
vn -0.1130 0.9588 0.2607
vn -0.2271 0.8209 0.5240
vn -0.2271 -0.8209 0.5240
vn -0.1130 -0.9588 0.2607
vn -0.3410 -0.5145 0.7867
vn -0.3410 0.5145 0.7867
vn -0.3977 -0.0000 0.9175
vn -0.2125 -0.9563 0.2007
vn -0.6285 -0.5029 0.5934
vn -0.6285 0.5029 0.5933
vn -0.2125 0.9563 0.2006
vn -0.4239 -0.8125 0.4002
vn -0.7272 -0.0000 0.6865
vn -0.4239 0.8125 0.4002
vn -0.2793 0.9538 0.1104
vn -0.2792 -0.9539 0.1104
vn -0.5528 -0.8042 0.2186
vn -0.9299 -0.0000 0.3677
vn -0.5528 0.8042 0.2185
vn -0.8097 -0.4918 0.3201
vn -0.8097 0.4918 0.3201
vn -0.5991 -0.8006 0.0077
vn -0.5991 0.8006 0.0077
vn -0.3037 -0.9528 0.0039
vn -0.8732 -0.4872 0.0112
vn -0.8732 0.4872 0.0112
vn -0.3037 0.9528 0.0039
vn -0.5589 -0.8037 -0.2041
vn -0.2825 -0.9537 -0.1032
vn -0.9393 -0.0000 -0.3431
vn -0.8182 -0.4912 -0.2989
vn -0.5589 0.8037 -0.2041
vn -0.8182 0.4912 -0.2989
vn -0.2825 0.9537 -0.1032
vn -0.6452 -0.5020 -0.5759
vn -0.6452 0.5020 -0.5759
vn -0.2185 0.9561 -0.1951
vn -0.2185 -0.9561 -0.1950
vn -0.4356 -0.8118 -0.3888
vn -0.7460 -0.0000 -0.6659
vn -0.4356 0.8118 -0.3888
vn -0.1209 -0.9586 -0.2576
vn -0.2429 -0.8204 -0.5177
vn -0.4248 -0.0000 -0.9053
vn -0.2429 0.8204 -0.5177
vn -0.3644 -0.5138 -0.7767
vn -0.3644 0.5139 -0.7766
vn -0.1209 0.9586 -0.2577
vn -0.3741 0.8615 0.3434
vn -0.7788 0.1820 -0.6003
vn -0.7633 0.2759 -0.5842
vn 0.9999 -0.0000 -0.0128
vn 0.0463 0.0002 0.9989
vn 0.0463 0.0001 0.9989
vn 0.0464 -0.0000 0.9989
vn 0.0464 0.0002 0.9989
vn 0.0463 -0.0002 0.9989
vn 0.0464 -0.0001 0.9989
vn -0.8740 -0.1156 0.4719
vn -0.2137 -0.9768 0.0131
vn -0.0559 -0.9979 0.0337
vn 0.2140 -0.9768 0.0076
vn 0.8891 -0.1033 0.4460
vn 0.8831 0.1146 -0.4549
vn -0.8983 0.1786 -0.4015
vt 0.358291 0.459028
vt 0.231447 0.363167
vt 0.350755 0.321739
vt 0.238438 0.348896
vt 0.289623 0.245522
vt 0.326026 0.316410
vt 0.296822 0.223107
vt 0.091099 0.262415
vt 0.151872 0.117607
vt 0.015488 0.099369
vt 0.226197 0.015488
vt 0.371147 0.120987
vt 0.189760 0.308483
vt 0.196688 0.304072
vt 0.092809 0.268536
vt 0.104453 0.366313
vt 0.078416 0.361189
vt 0.207370 0.458062
vt 0.226365 0.365710
vt 0.015488 0.283119
vt 0.021038 0.287599
vt 0.068020 0.414020
vt 0.134365 0.417172
vt 0.025207 0.360027
vt 0.218359 0.363964
vt 0.135013 0.399863
vt 0.208191 0.356630
vt 0.211984 0.304736
vt 0.187954 0.316003
vt 0.111165 0.367648
vt 0.136506 0.410213
vt 0.119010 0.373717
vt 0.190387 0.327624
vt 0.718697 0.906918
vt 0.718697 0.906873
vt 0.749987 0.935560
vt 0.749987 0.935560
vt 0.718697 0.937894
vt 0.718697 0.937894
vt 0.544653 0.876922
vt 0.544653 0.876878
vt 0.015488 0.937727
vt 0.015488 0.937727
vt 0.718697 0.875897
vt 0.718697 0.875852
vt 0.303734 0.498076
vt 0.303735 0.640326
vt 0.303734 0.498067
vt 0.544653 0.938919
vt 0.544653 0.938919
vt 0.015488 0.498067
vt 0.040682 0.516955
vt 0.015488 0.516955
vt 0.040682 0.535843
vt 0.015488 0.535843
vt 0.040682 0.554731
vt 0.015488 0.554731
vt 0.015488 0.573619
vt 0.040682 0.592506
vt 0.015488 0.592506
vt 0.040682 0.611394
vt 0.015488 0.611394
vt 0.040682 0.630282
vt 0.015488 0.630282
vt 0.015488 0.649169
vt 0.040682 0.668057
vt 0.015488 0.668057
vt 0.015488 0.686945
vt 0.040682 0.686945
vt 0.015488 0.705833
vt 0.040683 0.705833
vt 0.015488 0.724721
vt 0.040683 0.743608
vt 0.015488 0.743608
vt 0.040683 0.762496
vt 0.015488 0.762496
vt 0.125550 0.897234
vt 0.135717 0.858273
vt 0.146874 0.869277
vt 0.015488 0.781384
vt 0.040683 0.781384
vt 0.015488 0.800272
vt 0.826741 0.713187
vt 0.813386 0.646043
vt 0.880529 0.632687
vt 0.219069 0.772931
vt 0.257639 0.779228
vt 0.238072 0.792273
vt 0.192730 0.760932
vt 0.229680 0.751018
vt 0.161797 0.759744
vt 0.193842 0.735133
vt 0.131143 0.768996
vt 0.155037 0.733104
vt 0.087254 0.773349
vt 0.116969 0.745385
vt 0.108138 0.791663
vt 0.071659 0.810923
vt 0.096420 0.821029
vt 0.071659 0.851480
vt 0.097034 0.850829
vt 0.085757 0.889943
vt 0.106066 0.877281
vt 0.152847 0.909325
vt 0.114581 0.919892
vt 0.184362 0.909833
vt 0.152149 0.935821
vt 0.215125 0.899771
vt 0.191852 0.936728
vt 0.259197 0.894858
vt 0.229881 0.923331
vt 0.237977 0.876763
vt 0.274436 0.856953
vt 0.249516 0.847197
vt 0.273623 0.816225
vt 0.248753 0.817533
vt 0.215074 0.841418
vt 0.201385 0.852716
vt 0.206351 0.839748
vt 0.183671 0.793477
vt 0.161961 0.876122
vt 0.166106 0.792422
vt 0.179460 0.876655
vt 0.149880 0.798847
vt 0.195535 0.869329
vt 0.137132 0.811203
vt 0.208519 0.857478
vt 0.130578 0.827148
vt 0.130305 0.843571
vt 0.214915 0.825095
vt 0.198437 0.800131
vt 0.209629 0.810678
vt 0.167233 0.801189
vt 0.155544 0.807496
vt 0.153934 0.805059
vt 0.139360 0.828908
vt 0.139561 0.841695
vt 0.205883 0.827001
vt 0.144159 0.852894
vt 0.193060 0.807662
vt 0.201321 0.816075
vt 0.152389 0.861717
vt 0.181663 0.802263
vt 0.164028 0.867357
vt 0.177937 0.868033
vt 0.191237 0.862791
vt 0.144363 0.815975
vt 0.154332 0.858859
vt 0.156718 0.844943
vt 0.161196 0.849572
vt 0.189548 0.860210
vt 0.147147 0.817812
vt 0.198671 0.850779
vt 0.142445 0.829582
vt 0.203056 0.838982
vt 0.142980 0.841118
vt 0.202512 0.827595
vt 0.147299 0.850893
vt 0.191192 0.810499
vt 0.198275 0.818073
vt 0.181016 0.805415
vt 0.164676 0.864023
vt 0.167607 0.804475
vt 0.177254 0.864758
vt 0.190320 0.836899
vt 0.189242 0.830567
vt 0.190301 0.830372
vt 0.184760 0.819364
vt 0.178054 0.816507
vt 0.167440 0.852716
vt 0.170277 0.816474
vt 0.175294 0.853335
vt 0.163679 0.820294
vt 0.158921 0.818334
vt 0.161396 0.816696
vt 0.182915 0.850193
vt 0.162683 0.812341
vt 0.159636 0.813814
vt 0.188641 0.844624
vt 0.154313 0.831657
vt 0.191692 0.837529
vt 0.154370 0.838827
vt 0.191665 0.830390
vt 0.189298 0.824297
vt 0.184188 0.820639
vt 0.188269 0.824940
vt 0.178098 0.818025
vt 0.170864 0.818000
vt 0.164367 0.821332
vt 0.157567 0.824377
vt 0.158697 0.825589
vt 0.155710 0.832299
vt 0.155704 0.838850
vt 0.161744 0.848384
vt 0.157746 0.844296
vt 0.167492 0.851206
vt 0.174809 0.851743
vt 0.181979 0.848750
vt 0.187446 0.843534
vt 0.164943 0.822203
vt 0.165014 0.829796
vt 0.159617 0.826283
vt 0.156883 0.838637
vt 0.158707 0.843677
vt 0.183523 0.821601
vt 0.187238 0.825592
vt 0.162391 0.847480
vt 0.177873 0.819157
vt 0.167767 0.850164
vt 0.171134 0.819120
vt 0.174603 0.850502
vt 0.181342 0.847782
vt 0.186552 0.842917
vt 0.156782 0.832527
vt 0.189128 0.836652
vt 0.168102 0.827073
vt 0.171949 0.825434
vt 0.177933 0.842454
vt 0.181059 0.839592
vt 0.163292 0.833402
vt 0.182733 0.835899
vt 0.163159 0.837065
vt 0.182834 0.832237
vt 0.164319 0.840136
vt 0.181638 0.829168
vt 0.179333 0.826800
vt 0.166573 0.842517
vt 0.175957 0.825394
vt 0.169919 0.844001
vt 0.173984 0.844074
vt 0.156988 0.815746
vt 0.163866 0.815455
vt 0.410858 0.318493
vt 0.548777 0.464911
vt 0.402124 0.455567
vt 0.475946 0.244716
vt 0.524205 0.350546
vt 0.433731 0.313359
vt 0.468277 0.219542
vt 0.671377 0.257301
vt 0.563810 0.308609
vt 0.747401 0.107123
vt 0.624632 0.125643
vt 0.402124 0.109387
vt 0.569754 0.311583
vt 0.531092 0.364460
vt 0.669904 0.265324
vt 0.657183 0.368453
vt 0.551739 0.458580
vt 0.748591 0.283665
vt 0.754559 0.278569
vt 0.695338 0.420002
vt 0.667442 0.425058
vt 0.625422 0.420133
vt 0.536026 0.366856
vt 0.744290 0.362381
vt 0.543586 0.365205
vt 0.625688 0.402340
vt 0.623516 0.413260
vt 0.549586 0.308737
vt 0.571615 0.318939
vt 0.649951 0.369773
vt 0.641434 0.375927
vt 0.552022 0.358799
vt 0.569609 0.330877
vt 0.933752 0.314758
vt 0.933752 0.314758
vt 0.544653 0.907899
vt 0.544653 0.907943
vt 0.902776 0.314758
vt 0.902776 0.314802
vt 0.334711 0.640317
vt 0.334711 0.498067
vt 0.334711 0.498085
vt 0.334711 0.498076
vt 0.718697 0.840878
vt 0.718840 0.844876
vt 0.718697 0.844876
vt 0.718697 0.844591
vt 0.544653 0.842903
vt 0.544653 0.845902
vt 0.683068 0.947235
vt 0.647435 0.947252
vt 0.749987 0.798092
vt 0.775181 0.779204
vt 0.775181 0.798092
vt 0.749987 0.760317
vt 0.749987 0.779204
vt 0.775181 0.741429
vt 0.775181 0.760317
vt 0.749987 0.722541
vt 0.749987 0.741429
vt 0.749987 0.703653
vt 0.775181 0.722541
vt 0.749987 0.684765
vt 0.775181 0.703653
vt 0.749987 0.665878
vt 0.775181 0.684765
vt 0.749987 0.646990
vt 0.775181 0.665878
vt 0.775181 0.628102
vt 0.775181 0.646990
vt 0.749987 0.628102
vt 0.775181 0.609214
vt 0.749987 0.609214
vt 0.775181 0.590327
vt 0.749987 0.590327
vt 0.775181 0.571439
vt 0.749987 0.571439
vt 0.775181 0.552551
vt 0.749987 0.533663
vt 0.749987 0.552551
vt 0.249455 0.614400
vt 0.216746 0.592769
vt 0.249247 0.586979
vt 0.775181 0.514775
vt 0.775181 0.533663
vt 0.749987 0.495888
vt 0.749987 0.514775
vt 0.826741 0.758619
vt 0.893885 0.771975
vt 0.880529 0.839118
vt 0.071659 0.619915
vt 0.095372 0.587257
vt 0.095997 0.615433
vt 0.071942 0.578159
vt 0.107832 0.559901
vt 0.088542 0.540728
vt 0.129265 0.536551
vt 0.117343 0.511982
vt 0.159697 0.525874
vt 0.194728 0.498368
vt 0.191929 0.525410
vt 0.231332 0.515583
vt 0.219837 0.539846
vt 0.258983 0.544879
vt 0.240457 0.560985
vt 0.272758 0.582877
vt 0.272758 0.622893
vt 0.238842 0.641900
vt 0.257736 0.660439
vt 0.217281 0.664487
vt 0.228825 0.688661
vt 0.187252 0.674529
vt 0.153867 0.702128
vt 0.155768 0.675163
vt 0.116669 0.687936
vt 0.126754 0.663303
vt 0.086781 0.659190
vt 0.105442 0.642116
vt 0.147749 0.635186
vt 0.165391 0.633734
vt 0.163584 0.642090
vt 0.130879 0.593392
vt 0.215867 0.608311
vt 0.137057 0.578218
vt 0.209594 0.623455
vt 0.149400 0.565626
vt 0.181056 0.641693
vt 0.165526 0.558809
vt 0.199254 0.566549
vt 0.129851 0.609026
vt 0.167367 0.569237
vt 0.154474 0.572687
vt 0.166861 0.566325
vt 0.210291 0.578639
vt 0.193985 0.573885
vt 0.136408 0.623313
vt 0.152900 0.627885
vt 0.202415 0.583487
vt 0.140045 0.595161
vt 0.144252 0.618391
vt 0.206722 0.606540
vt 0.144706 0.583332
vt 0.202227 0.618548
vt 0.192618 0.628519
vt 0.197317 0.635547
vt 0.179550 0.633927
vt 0.183397 0.559393
vt 0.181355 0.567786
vt 0.192320 0.603857
vt 0.203213 0.595258
vt 0.203350 0.605775
vt 0.178965 0.630898
vt 0.180557 0.571044
vt 0.165992 0.630484
vt 0.192180 0.576498
vt 0.154743 0.625048
vt 0.206837 0.594585
vt 0.199547 0.585387
vt 0.143397 0.595931
vt 0.139872 0.607160
vt 0.147108 0.616473
vt 0.147352 0.585194
vt 0.199489 0.616573
vt 0.156451 0.575339
vt 0.190861 0.625715
vt 0.157882 0.609768
vt 0.162963 0.613708
vt 0.162290 0.614665
vt 0.154375 0.598239
vt 0.156994 0.591423
vt 0.184473 0.615871
vt 0.170193 0.584239
vt 0.172446 0.579588
vt 0.177439 0.583015
vt 0.177139 0.619229
vt 0.165255 0.577645
vt 0.168935 0.619234
vt 0.161682 0.616092
vt 0.189854 0.591250
vt 0.154594 0.604727
vt 0.143526 0.606483
vt 0.155642 0.598731
vt 0.155756 0.604490
vt 0.158065 0.592560
vt 0.163325 0.587444
vt 0.162696 0.585912
vt 0.170410 0.585476
vt 0.177446 0.584666
vt 0.184830 0.586125
vt 0.184291 0.587542
vt 0.188860 0.592201
vt 0.192145 0.597337
vt 0.190994 0.597560
vt 0.191049 0.603352
vt 0.188574 0.609308
vt 0.189582 0.610356
vt 0.183730 0.614456
vt 0.176774 0.617519
vt 0.169041 0.617600
vt 0.156919 0.610675
vt 0.175791 0.592094
vt 0.170589 0.586456
vt 0.177257 0.585881
vt 0.187951 0.592787
vt 0.156797 0.604279
vt 0.189928 0.603127
vt 0.158986 0.593173
vt 0.163960 0.588506
vt 0.183110 0.613575
vt 0.176519 0.616381
vt 0.169260 0.616448
vt 0.167184 0.608677
vt 0.164569 0.606058
vt 0.164798 0.596384
vt 0.170964 0.610216
vt 0.179547 0.593526
vt 0.183634 0.588495
vt 0.182155 0.596064
vt 0.158886 0.609132
vt 0.183429 0.599083
vt 0.189825 0.597786
vt 0.156833 0.598950
vt 0.163322 0.603023
vt 0.163349 0.599742
vt 0.187639 0.608692
vt 0.183430 0.602360
vt 0.182017 0.605721
vt 0.167728 0.593654
vt 0.179151 0.608559
vt 0.168652 0.576656
vt 0.166743 0.580549
vt 0.171825 0.576424
vt 0.169452 0.579978
vt 0.600565 0.501028
vt 0.621926 0.495888
vt 0.629600 0.500680
vt 0.616365 0.570729
vt 0.630180 0.530186
vt 0.641270 0.563899
vt 0.581419 0.574849
vt 0.599517 0.537074
vt 0.605999 0.572849
vt 0.676194 0.767694
vt 0.699907 0.748353
vt 0.701781 0.758981
vt 0.665797 0.633806
vt 0.681412 0.636805
vt 0.678202 0.640568
vt 0.658997 0.518939
vt 0.681044 0.545196
vt 0.672945 0.549894
vt 0.660552 0.762301
vt 0.665743 0.772130
vt 0.654620 0.569480
vt 0.651034 0.560483
vt 0.608819 0.535327
vt 0.638807 0.527249
vt 0.677861 0.558071
vt 0.607613 0.582774
vt 0.618483 0.581097
vt 0.680237 0.809902
vt 0.690669 0.805899
vt 0.686325 0.552632
vt 0.715820 0.796486
vt 0.644728 0.573466
vt 0.633059 0.643818
vt 0.705731 0.579676
vt 0.700935 0.590896
vt 0.698004 0.588734
vt 0.673084 0.609739
vt 0.671718 0.605843
vt 0.649186 0.696541
vt 0.633571 0.693539
vt 0.636775 0.689777
vt 0.658611 0.611356
vt 0.625966 0.626228
vt 0.625916 0.621925
vt 0.681963 0.686512
vt 0.693213 0.675286
vt 0.685692 0.689788
vt 0.629341 0.640527
vt 0.667044 0.629009
vt 0.613138 0.627483
vt 0.612494 0.623647
vt 0.580605 0.584770
vt 0.580683 0.619808
vt 0.671880 0.757241
vt 0.644426 0.724654
vt 0.656159 0.718093
vt 0.688526 0.711180
vt 0.708990 0.600683
vt 0.680759 0.621660
vt 0.661148 0.615610
vt 0.613610 0.642096
vt 0.653865 0.714373
vt 0.690186 0.706155
vt 0.634551 0.708695
vt 0.647934 0.701353
vt 0.578074 0.622836
vt 0.576171 0.638620
vt 0.709467 0.581727
vt 0.621775 0.655040
vt 0.641645 0.721625
vt 0.688455 0.673967
vt 0.626546 0.656363
vt 0.647435 0.916276
vt 0.647435 0.840878
vt 0.652091 0.916187
vt 0.907430 0.208473
vt 0.902776 0.283782
vt 0.902776 0.208279
vt 0.015488 0.906751
vt 0.015488 0.831248
vt 0.020145 0.906651
vt 0.898143 0.495888
vt 0.896388 0.571414
vt 0.893486 0.495888
vt 0.897090 0.374447
vt 0.895178 0.450005
vt 0.892432 0.374447
vt 0.861456 0.374447
vt 0.859373 0.450026
vt 0.856798 0.374447
vt 0.365687 0.573690
vt 0.365687 0.498067
vt 0.370342 0.573551
vt 0.370343 0.604802
vt 0.365687 0.680286
vt 0.365687 0.604666
vt 0.790191 0.374572
vt 0.785536 0.450048
vt 0.785536 0.374447
vt 0.821168 0.450048
vt 0.821168 0.374447
vt 0.825822 0.449876
vt 0.754645 0.829068
vt 0.751701 0.904584
vt 0.749987 0.829068
vt 0.616459 0.840878
vt 0.613390 0.916350
vt 0.611801 0.840878
vt 0.580825 0.840878
vt 0.580825 0.916367
vt 0.576171 0.841073
vt 0.406781 0.842903
vt 0.403548 0.918271
vt 0.402124 0.842903
vt 0.683068 0.916259
vt 0.683068 0.840878
vt 0.687721 0.916058
vt 0.513677 0.842989
vt 0.509020 0.918169
vt 0.509020 0.842903
vt 0.932719 0.374447
vt 0.932719 0.449713
vt 0.928066 0.374646
vt 0.936747 0.731595
vt 0.933604 0.806741
vt 0.932089 0.731595
vt 0.943062 0.208379
vt 0.938406 0.283396
vt 0.938406 0.208279
vt 0.305412 0.945071
vt 0.305412 0.869954
vt 0.310066 0.944891
vt 0.341042 0.945035
vt 0.341042 0.869954
vt 0.345697 0.944865
vt 0.968404 0.015488
vt 0.965829 0.090499
vt 0.963746 0.015488
vt 0.841790 0.952362
vt 0.841790 0.877322
vt 0.846445 0.952214
vt 0.882077 0.877322
vt 0.882077 0.952358
vt 0.877421 0.877460
vt 0.968353 0.374447
vt 0.966322 0.449463
vt 0.963695 0.374447
vt 0.806158 0.952384
vt 0.806158 0.877322
vt 0.810814 0.952268
vt 0.936743 0.837899
vt 0.932089 0.912846
vt 0.932089 0.837717
vt 0.933773 0.496078
vt 0.929119 0.571062
vt 0.929119 0.495888
vt 0.936747 0.625459
vt 0.935256 0.700619
vt 0.932089 0.625459
vt 0.928113 0.090715
vt 0.928113 0.015488
vt 0.932770 0.090626
vt 0.928114 0.147664
vt 0.933392 0.130263
vt 0.970124 0.160408
vt 0.437758 0.918243
vt 0.437758 0.842903
vt 0.442414 0.918157
vt 0.521089 0.531046
vt 0.513301 0.535896
vt 0.491646 0.530659
vt 0.505709 0.571443
vt 0.480955 0.565107
vt 0.516016 0.573295
vt 0.545195 0.541143
vt 0.540919 0.574648
vt 0.428060 0.750356
vt 0.453651 0.768679
vt 0.426846 0.761396
vt 0.443685 0.638149
vt 0.458936 0.634762
vt 0.446944 0.641754
vt 0.448754 0.550776
vt 0.454367 0.516149
vt 0.462470 0.519854
vt 0.469126 0.762243
vt 0.464524 0.772508
vt 0.467630 0.570920
vt 0.471165 0.561731
vt 0.522600 0.537728
vt 0.443790 0.559222
vt 0.514563 0.583245
vt 0.482824 0.527849
vt 0.441373 0.808540
vt 0.452259 0.811927
vt 0.440446 0.546023
vt 0.415058 0.800634
vt 0.542002 0.584678
vt 0.477630 0.574704
vt 0.503843 0.581775
vt 0.489008 0.688941
vt 0.477001 0.695925
vt 0.444538 0.686985
vt 0.420939 0.594948
vt 0.414731 0.583259
vt 0.423986 0.592041
vt 0.450834 0.611437
vt 0.451686 0.607931
vt 0.492259 0.692548
vt 0.497555 0.625669
vt 0.464895 0.612316
vt 0.497569 0.621471
vt 0.433172 0.676278
vt 0.437808 0.674847
vt 0.494962 0.640355
vt 0.491394 0.643690
vt 0.509994 0.627166
vt 0.510720 0.623465
vt 0.434931 0.553684
vt 0.540878 0.619780
vt 0.457469 0.757782
vt 0.482996 0.724162
vt 0.438702 0.711455
vt 0.443884 0.623803
vt 0.462651 0.616601
vt 0.510169 0.640704
vt 0.440972 0.690307
vt 0.473412 0.713970
vt 0.436936 0.706492
vt 0.492764 0.707367
vt 0.485682 0.721133
vt 0.543871 0.623409
vt 0.412983 0.605456
vt 0.410875 0.585916
vt 0.502785 0.654405
vt 0.498134 0.655835
vt 0.471132 0.717753
vt 0.478359 0.700615
vt 0.478044 0.843105
vt 0.473391 0.918243
vt 0.473391 0.842903
vt 0.862509 0.576531
vt 0.852285 0.513839
vt 0.862509 0.513839
vt 0.852285 0.576531
vt 0.834333 0.513839
vt 0.834333 0.576531
vt 0.824109 0.513839
vt 0.824109 0.576531
vt 0.806158 0.513839
vt 0.834333 0.495888
vt 0.824109 0.495888
vt 0.834333 0.594483
vt 0.785536 0.233394
vt 0.803005 0.237258
vt 0.786724 0.239756
vt 0.805480 0.228765
vt 0.830965 0.240756
vt 0.849301 0.240298
vt 0.846969 0.246714
vt 0.871800 0.246918
vt 0.869931 0.253366
vt 0.821367 0.318665
vt 0.822635 0.343471
vt 0.814728 0.341134
vt 0.840977 0.208279
vt 0.830125 0.231233
vt 0.834642 0.302539
vt 0.857212 0.308345
vt 0.821368 0.299134
vt 0.800249 0.297083
vt 0.785536 0.298344
vt 0.797444 0.317287
vt 0.788816 0.318679
vt 0.829275 0.321001
vt 0.852107 0.327298
vt 0.305412 0.752623
vt 0.317816 0.755985
vt 0.306476 0.757702
vt 0.339201 0.750663
vt 0.339880 0.757627
vt 0.352496 0.756395
vt 0.350807 0.761426
vt 0.369295 0.766438
vt 0.332116 0.819349
vt 0.331425 0.838978
vt 0.326475 0.837434
vt 0.346771 0.733104
vt 0.359783 0.810681
vt 0.341619 0.806104
vt 0.332129 0.803660
vt 0.315491 0.801816
vt 0.305412 0.802622
vt 0.313078 0.817857
vt 0.307792 0.818642
vt 0.337066 0.820894
vt 0.355618 0.826103
vt 0.812743 0.136813
vt 0.843694 0.115935
vt 0.836255 0.142184
vt 0.875198 0.150166
vt 0.845319 0.116765
vt 0.883807 0.119778
vt 0.845698 0.093596
vt 0.880764 0.091834
vt 0.829733 0.079062
vt 0.843883 0.074684
vt 0.829867 0.093064
vt 0.818837 0.109323
vt 0.790033 0.087148
vt 0.835040 0.057912
vt 0.864198 0.043239
vt 0.806146 0.154307
vt 0.828551 0.167631
vt 0.932089 0.960539
vt 0.949199 0.943822
vt 0.963767 0.984512
vt 0.830410 0.168383
vt 0.871285 0.177303
vt 0.833522 0.058123
vt 0.803293 0.054221
vt 0.822679 0.037675
vt 0.865568 0.043938
vt 0.865720 0.043068
vt 0.871897 0.038174
vt 0.884149 0.062417
vt 0.891894 0.089728
vt 0.874406 0.066007
vt 0.820996 0.067815
vt 0.884460 0.118800
vt 0.876959 0.150644
vt 0.897137 0.124051
vt 0.897137 0.158631
vt 0.856185 0.021767
vt 0.870497 0.015488
vt 0.854761 0.022341
vt 0.843696 0.115934
vt 0.844436 0.115129
vt 0.885737 0.120425
vt 0.883809 0.119777
vt 0.835039 0.057913
vt 0.834902 0.058838
vt 0.865719 0.043070
vt 0.838061 0.142651
vt 0.873288 0.177278
vt 0.895651 0.173340
vt 0.789117 0.132815
vt 0.785535 0.142694
vt 0.791580 0.077602
vt 0.304494 0.678079
vt 0.306614 0.677583
vt 0.306645 0.678416
vt 0.308419 0.677287
vt 0.309718 0.678166
vt 0.308529 0.678226
vt 0.310758 0.677166
vt 0.311720 0.678240
vt 0.310720 0.678183
vt 0.313071 0.677467
vt 0.314739 0.678708
vt 0.312890 0.678389
vt 0.309689 0.677180
vt 0.311822 0.677263
vt 0.314828 0.677889
vt 0.316885 0.678529
vt 0.306784 0.679233
vt 0.309727 0.679105
vt 0.311647 0.679173
vt 0.316690 0.679596
vt 0.314548 0.679507
vt 0.304619 0.679179
vt 0.308587 0.679129
vt 0.310686 0.679130
vt 0.312761 0.679282
vt 0.309721 0.680008
vt 0.312697 0.680143
vt 0.311578 0.680072
vt 0.316460 0.680277
vt 0.314399 0.680281
vt 0.304810 0.679885
vt 0.306884 0.680022
vt 0.308610 0.679998
vt 0.310652 0.680041
vt 0.304815 0.680215
vt 0.306805 0.680813
vt 0.309701 0.680893
vt 0.308608 0.680856
vt 0.311543 0.680955
vt 0.310622 0.680933
vt 0.314425 0.681072
vt 0.312637 0.680994
vt 0.316441 0.680609
vt 0.311521 0.681835
vt 0.310593 0.681821
vt 0.314327 0.681856
vt 0.312613 0.681845
vt 0.308573 0.681712
vt 0.306848 0.681605
vt 0.309666 0.681776
vt 0.316387 0.681717
vt 0.304793 0.681319
vt 0.306711 0.682385
vt 0.309613 0.682670
vt 0.311517 0.682729
vt 0.316368 0.682039
vt 0.314407 0.682636
vt 0.304780 0.681643
vt 0.308520 0.682577
vt 0.310565 0.682711
vt 0.312610 0.682705
vt 0.312672 0.683582
vt 0.311521 0.683646
vt 0.316410 0.683085
vt 0.314385 0.683421
vt 0.304656 0.682692
vt 0.306676 0.683179
vt 0.308404 0.683457
vt 0.310537 0.683636
vt 0.309555 0.683588
vt 0.304599 0.683002
vt 0.306457 0.683946
vt 0.308248 0.684363
vt 0.310508 0.684631
vt 0.314544 0.684185
vt 0.312779 0.684487
vt 0.309468 0.684546
vt 0.311552 0.684605
vt 0.316424 0.683395
vt 0.314765 0.684957
vt 0.312938 0.685446
vt 0.308039 0.685312
vt 0.306303 0.684738
vt 0.309324 0.685592
vt 0.311636 0.685658
vt 0.316634 0.684006
vt 0.304348 0.683946
vt 0.310477 0.685708
vt 0.305957 0.685466
vt 0.309108 0.686774
vt 0.311783 0.686858
vt 0.316892 0.684559
vt 0.315070 0.685727
vt 0.304264 0.684215
vt 0.307719 0.686319
vt 0.310441 0.686905
vt 0.313206 0.686484
vt 0.317245 0.685207
vt 0.315424 0.686506
vt 0.303873 0.684807
vt 0.305557 0.686200
vt 0.307188 0.687412
vt 0.310393 0.688376
vt 0.313676 0.687625
vt 0.308781 0.688132
vt 0.312022 0.688242
vt 0.306342 0.688592
vt 0.310323 0.690359
vt 0.314449 0.688879
vt 0.304962 0.686795
vt 0.308194 0.689788
vt 0.312493 0.689946
vt 0.317367 0.685389
vt 0.315986 0.687154
vt 0.303735 0.684971
vt 0.305151 0.674532
vt 0.307516 0.674047
vt 0.305722 0.675195
vt 0.308718 0.671563
vt 0.310932 0.673259
vt 0.309238 0.673453
vt 0.313288 0.671806
vt 0.314205 0.674356
vt 0.312600 0.673607
vt 0.316482 0.675016
vt 0.317721 0.676875
vt 0.315874 0.675617
vt 0.303735 0.676329
vt 0.306731 0.672782
vt 0.311032 0.671302
vt 0.315090 0.673190
vt 0.309475 0.674865
vt 0.312217 0.674995
vt 0.317603 0.677049
vt 0.315463 0.676371
vt 0.303844 0.676523
vt 0.306084 0.675998
vt 0.307998 0.675232
vt 0.310856 0.674818
vt 0.313654 0.675468
vt 0.304207 0.677185
vt 0.306392 0.676790
vt 0.308266 0.676300
vt 0.310802 0.676082
vt 0.313301 0.676502
vt 0.309611 0.676091
vt 0.311983 0.676190
vt 0.317215 0.677670
vt 0.315103 0.677125
vt 0.316927 0.678212
vt 0.304469 0.677757
vt 0.211407 0.467091
vt 0.094057 0.419143
vt 0.129632 0.446445
vt 0.040682 0.498067
vt 0.040682 0.573618
vt 0.040682 0.649169
vt 0.040683 0.724721
vt 0.040683 0.800272
vt 0.813386 0.699831
vt 0.806158 0.682381
vt 0.806158 0.663493
vt 0.826741 0.632687
vt 0.844191 0.625459
vt 0.863079 0.625459
vt 0.893885 0.646043
vt 0.901113 0.663493
vt 0.901113 0.682381
vt 0.893885 0.699831
vt 0.880529 0.713187
vt 0.863079 0.720415
vt 0.844191 0.720415
vt 0.558479 0.015488
vt 0.685080 0.363397
vt 0.629259 0.449334
vt 0.775181 0.495888
vt 0.844192 0.751391
vt 0.863079 0.751391
vt 0.880529 0.758619
vt 0.901113 0.789425
vt 0.901113 0.808313
vt 0.893885 0.825763
vt 0.863079 0.846346
vt 0.844191 0.846346
vt 0.826741 0.839118
vt 0.813386 0.825762
vt 0.806158 0.808312
vt 0.806158 0.789424
vt 0.813386 0.771974
vt 0.154798 0.498067
vt 0.192232 0.701757
vt 0.171653 0.592211
vt 0.175219 0.610123
vt 0.634834 0.522428
vt 0.601145 0.530535
vt 0.595911 0.508787
vt 0.576171 0.540658
vt 0.667104 0.515247
vt 0.719011 0.591227
vt 0.936686 0.126970
vt 0.940558 0.124382
vt 0.944861 0.122600
vt 0.949429 0.121691
vt 0.954087 0.121691
vt 0.958655 0.122599
vt 0.962958 0.124382
vt 0.966831 0.126969
vt 0.970124 0.130263
vt 0.972712 0.134135
vt 0.974494 0.138438
vt 0.975403 0.143007
vt 0.975403 0.147664
vt 0.974494 0.152232
vt 0.972712 0.156535
vt 0.966831 0.163702
vt 0.962958 0.166289
vt 0.958655 0.168072
vt 0.954087 0.168980
vt 0.949430 0.168980
vt 0.944861 0.168072
vt 0.940558 0.166289
vt 0.936686 0.163702
vt 0.933392 0.160408
vt 0.930805 0.156536
vt 0.929022 0.152233
vt 0.928114 0.143007
vt 0.929022 0.138439
vt 0.930804 0.134136
vt 0.486936 0.522786
vt 0.492268 0.500738
vt 0.500056 0.495888
vt 0.521711 0.501125
vt 0.526421 0.508998
vt 0.457570 0.630083
vt 0.545195 0.638213
vt 0.402124 0.596405
vt 0.806158 0.576531
vt 0.824109 0.594483
vt 0.860152 0.217344
vt 0.319861 0.748790
vt 0.370680 0.761235
vt 0.360067 0.738836
vt 0.972430 0.949522
vt 0.972430 0.976047
vt 0.937249 0.983896
vt 0.823820 0.037023
s 1
usemtl マテリアル.001
f 1/1/1 17/2/2 18/3/3
f 4/4/4 7/5/4 3/6/4
f 19/7/5 6/8/6 5/9/6
f 6/8/7 1/10/7 5/9/7
f 19/7/8 1/11/8 18/12/8
f 17/2/9 22/13/9 20/14/9
f 11/15/6 24/16/6 15/17/6
f 6/8/9 22/13/9 11/15/9
f 17/2/9 9/18/9 21/19/9
f 2/20/9 11/15/9 9/21/9
f 24/16/9 13/22/9 15/17/9
f 9/18/1 23/23/1 21/19/1
f 11/15/10 13/24/10 9/21/10
f 10/25/11 27/26/11 25/27/11
f 3/6/12 17/2/2 4/4/12
f 7/5/13 18/3/13 3/6/13
f 4/4/14 20/14/14 8/28/14
f 7/5/15 20/14/5 19/7/5
f 12/29/16 21/19/16 10/25/16
f 16/30/16 23/23/16 24/16/16
f 16/30/16 22/13/16 12/29/16
f 10/25/16 23/23/16 14/31/16
f 25/27/16 28/32/16 26/33/16
f 14/31/17 28/32/17 27/26/17
f 12/29/18 28/32/18 16/30/18
f 10/25/19 26/33/19 12/29/19
f 32/34/20 29/35/20 30/34/20
f 33/35/16 36/34/16 34/34/16
f 32/34/6 34/34/6 36/34/6
f 29/35/21 34/34/21 30/34/21
f 31/35/1 33/35/1 29/35/1
f 32/34/22 35/35/22 31/35/22
f 38/36/23 39/37/20 37/37/20
f 42/36/16 43/37/16 44/36/16
f 40/36/6 42/36/6 44/36/6
f 37/37/21 42/36/21 38/36/21
f 39/37/1 41/37/1 37/37/1
f 40/36/22 43/37/22 39/37/22
f 46/38/20 47/39/20 45/39/20
f 50/38/24 51/39/16 52/38/24
f 48/38/6 50/38/6 52/38/6
f 45/39/21 50/38/21 46/38/21
f 47/39/1 49/39/1 45/39/1
f 47/39/22 52/38/22 51/39/22
f 54/40/20 55/41/20 53/41/20
f 58/40/16 59/41/16 60/40/16
f 56/40/6 58/40/6 60/40/6
f 53/41/21 58/40/21 54/40/21
f 55/41/1 57/41/1 53/41/1
f 55/41/22 60/40/22 59/41/22
f 64/42/20 61/43/20 62/42/20
f 65/43/16 68/42/16 66/42/16
f 64/42/6 66/42/6 68/42/6
f 61/43/21 66/42/25 62/42/25
f 63/43/1 65/43/1 61/43/1
f 64/42/22 67/43/22 63/43/22
f 70/44/20 71/45/20 69/45/20
f 73/45/16 76/44/24 74/44/24
f 72/44/6 74/44/6 76/44/6
f 70/44/21 73/45/21 74/44/21
f 71/45/1 73/45/1 69/45/1
f 72/44/22 75/45/22 71/45/22
f 78/46/20 79/47/20 77/47/20
f 82/48/16 83/47/16 84/48/16
f 80/46/6 82/48/6 84/48/6
f 77/47/21 82/48/21 78/46/21
f 79/47/1 81/47/1 77/47/1
f 79/47/26 84/48/22 83/47/26
f 88/49/20 85/50/20 86/49/20
f 89/50/16 92/49/16 90/49/16
f 88/49/6 90/49/6 92/49/6
f 85/50/21 90/49/21 86/49/21
f 87/50/1 89/50/1 85/50/1
f 88/49/22 91/50/22 87/50/22
f 93/51/4 125/52/27 95/53/27
f 95/53/27 127/54/28 97/55/28
f 97/55/28 128/56/29 99/57/29
f 128/56/29 101/58/8 99/57/29
f 101/58/8 130/59/30 103/60/30
f 103/60/30 131/61/31 105/62/31
f 105/62/31 132/63/32 107/64/32
f 132/63/32 109/65/7 107/64/32
f 109/65/7 134/66/33 111/67/33
f 134/66/33 113/68/34 111/67/33
f 135/69/34 115/70/35 113/68/34
f 136/71/35 117/72/9 115/70/35
f 117/72/9 138/73/36 119/74/36
f 119/74/36 139/75/37 121/76/37
f 112/77/33 149/78/7 150/79/33
f 139/75/37 123/80/38 121/76/37
f 140/81/38 93/82/4 123/80/38
f 123/83/1 99/84/1 107/85/1
f 96/86/39 126/87/40 94/88/40
f 98/89/41 125/90/42 96/86/39
f 100/91/43 127/92/44 98/89/41
f 102/93/45 128/94/46 100/91/43
f 102/93/45 130/95/47 129/96/45
f 104/97/48 131/98/49 130/95/47
f 106/99/50 132/100/51 131/98/49
f 108/101/52 133/102/53 132/100/51
f 112/77/54 133/102/53 110/103/55
f 114/104/56 134/105/57 112/77/54
f 116/106/58 135/107/59 114/104/56
f 118/108/60 136/109/61 116/106/58
f 118/108/60 138/110/62 137/111/60
f 120/112/63 139/113/64 138/110/62
f 122/114/65 140/115/66 139/113/64
f 124/116/67 126/87/40 140/115/66
f 155/117/68 170/118/69 171/119/70
f 96/86/27 143/120/28 98/89/28
f 114/104/34 150/79/33 151/121/34
f 98/89/28 144/122/29 100/91/29
f 114/104/34 152/123/35 116/106/35
f 102/93/8 144/122/29 145/124/8
f 118/108/9 152/123/35 153/125/9
f 102/93/8 146/126/30 104/97/30
f 118/108/9 154/127/36 120/112/36
f 106/99/31 146/126/30 147/128/31
f 122/114/37 154/127/36 155/117/37
f 106/99/31 148/129/32 108/101/32
f 124/116/38 155/117/37 156/130/38
f 108/101/32 149/78/7 110/103/7
f 94/88/4 141/131/27 96/86/27
f 94/88/4 156/130/38 142/132/4
f 160/133/71 177/134/1 161/135/72
f 148/129/73 163/136/74 164/137/75
f 156/130/76 171/119/70 172/138/77
f 149/78/78 164/137/75 165/139/79
f 142/132/80 157/140/81 141/131/82
f 142/132/80 172/138/77 158/141/83
f 149/78/78 166/142/84 150/79/85
f 141/131/82 159/143/86 143/120/87
f 150/79/85 167/144/88 151/121/89
f 143/120/87 160/133/71 144/122/90
f 151/121/89 168/145/91 152/123/92
f 144/122/90 161/135/72 145/124/93
f 152/123/92 169/146/94 153/125/95
f 146/126/96 161/135/72 162/147/97
f 154/127/98 169/146/94 170/118/69
f 147/128/99 162/147/97 163/136/74
f 182/148/33 213/149/7 214/150/100
f 168/145/91 185/151/1 169/146/94
f 162/147/97 177/134/1 178/152/1
f 170/118/69 185/151/1 186/153/1
f 163/136/74 178/152/1 179/154/1
f 171/119/70 186/153/1 187/155/1
f 164/137/75 179/154/1 180/156/1
f 172/138/77 187/155/1 188/157/1
f 165/139/79 180/156/1 181/158/1
f 158/141/83 173/159/1 157/140/81
f 158/141/83 188/157/1 174/160/1
f 165/139/79 182/148/1 166/142/84
f 157/140/81 175/161/1 159/143/86
f 166/142/84 183/162/1 167/144/88
f 159/143/86 176/163/1 160/133/71
f 167/144/88 184/164/1 168/145/91
f 203/165/37 236/166/38 204/167/38
f 175/161/28 205/168/27 207/169/28
f 182/148/33 215/170/34 183/162/34
f 176/163/101 207/169/28 208/171/101
f 183/162/34 216/172/35 184/164/35
f 209/173/6 258/174/6 256/175/6
f 184/164/35 217/176/9 185/151/9
f 177/134/1 254/177/1 253/178/1
f 186/153/36 217/176/9 218/179/36
f 178/152/102 211/180/31 179/154/31
f 186/153/36 219/181/37 187/155/37
f 180/156/32 211/180/31 212/182/103
f 187/155/37 220/183/38 188/157/38
f 180/156/32 213/149/7 181/158/7
f 174/160/4 205/168/27 173/159/27
f 174/160/4 220/183/38 206/184/4
f 189/185/6 206/184/6 190/186/6
f 191/187/6 205/168/6 189/185/6
f 192/188/6 207/169/6 191/187/6
f 193/189/6 208/171/6 192/188/6
f 193/189/6 210/190/6 209/173/6
f 194/191/6 211/180/6 210/190/6
f 195/192/6 212/182/6 211/180/6
f 196/193/6 213/149/6 212/182/6
f 198/194/6 213/149/6 197/195/6
f 199/196/6 214/150/6 198/194/6
f 200/197/6 215/170/6 199/196/6
f 201/198/6 216/172/6 200/197/6
f 201/198/6 218/179/6 217/176/6
f 202/199/6 219/181/6 218/179/6
f 203/165/6 220/183/6 219/181/6
f 204/167/6 206/184/6 220/183/6
f 225/200/104 242/201/105 226/202/106
f 197/195/7 228/203/32 229/204/7
f 190/186/4 221/205/27 189/185/27
f 190/186/4 236/166/38 222/206/4
f 197/195/7 230/207/33 198/194/33
f 191/187/28 221/205/27 223/208/28
f 198/194/33 231/209/34 199/196/34
f 191/187/28 224/210/107 192/188/107
f 200/197/35 231/209/34 232/211/108
f 192/188/107 225/200/8 193/189/8
f 200/197/35 233/212/9 201/198/9
f 193/189/8 226/202/109 194/191/109
f 201/198/9 234/213/36 202/199/36
f 194/191/109 227/214/31 195/192/31
f 203/165/37 234/213/36 235/215/37
f 196/193/32 227/214/31 228/203/32
f 241/216/6 240/217/6 249/218/6
f 233/212/110 250/219/111 234/213/112
f 226/202/106 243/220/113 227/214/114
f 234/213/112 251/221/115 235/215/116
f 227/214/114 244/222/117 228/203/118
f 235/215/116 252/223/119 236/166/120
f 228/203/118 245/224/121 229/204/121
f 221/205/122 238/225/123 237/226/124
f 236/166/120 238/225/123 222/206/123
f 230/207/125 245/224/121 246/227/126
f 223/208/127 237/226/124 239/228/128
f 231/209/129 246/227/126 247/229/130
f 224/210/131 239/228/128 240/217/132
f 232/211/133 247/229/130 248/230/134
f 225/200/104 240/217/132 241/216/104
f 233/212/110 248/230/134 249/218/110
f 254/177/135 256/175/8 253/178/8
f 253/178/8 258/174/136 255/231/136
f 177/134/1 255/231/1 178/152/1
f 178/152/7 258/174/7 210/190/7
f 209/173/6 257/232/6 208/171/6
f 208/171/4 254/177/4 176/163/4
f 276/233/5 260/234/6 259/235/6
f 265/236/4 262/237/4 261/238/4
f 277/239/2 264/240/1 278/241/3
f 259/242/7 264/240/7 263/243/7
f 276/244/8 263/243/8 277/239/8
f 280/245/9 275/246/9 278/241/9
f 269/247/1 282/248/1 280/245/1
f 264/240/9 280/245/9 278/241/9
f 275/246/9 267/249/9 260/234/9
f 267/250/9 264/240/9 260/251/9
f 282/248/9 271/252/9 281/253/9
f 281/254/6 267/249/6 279/255/6
f 271/256/10 269/247/10 267/250/10
f 268/257/18 285/258/18 272/259/18
f 275/246/5 261/238/15 262/237/15
f 276/233/13 265/236/13 261/238/13
f 266/260/14 275/246/14 262/237/14
f 265/236/12 278/241/3 266/260/12
f 268/257/16 280/245/16 270/261/16
f 282/248/16 272/259/16 274/262/16
f 270/261/16 282/248/16 274/262/16
f 272/259/16 279/255/16 268/257/16
f 286/263/16 283/264/16 284/265/16
f 285/258/17 274/262/17 272/259/17
f 286/263/11 270/261/11 274/262/11
f 270/261/19 283/264/19 268/257/19
f 288/266/20 289/267/20 290/266/20
f 292/266/137 293/267/16 291/267/16
f 290/266/1 292/266/1 288/266/1
f 292/266/21 287/267/21 288/266/21
f 291/267/6 289/267/6 287/267/6
f 293/267/22 290/266/26 289/267/22
f 295/268/20 298/269/20 296/269/20
f 302/269/16 299/268/16 300/269/16
f 298/269/1 300/269/1 296/269/1
f 300/269/21 295/268/21 296/269/21
f 299/268/6 297/268/6 295/268/6
f 301/268/22 298/269/22 297/268/22
f 303/270/20 306/271/20 304/271/20
f 310/271/16 307/270/16 308/271/16
f 306/271/1 308/271/1 304/271/1
f 308/271/21 303/270/21 304/271/21
f 307/270/6 305/270/6 303/270/6
f 309/270/22 306/271/22 305/270/22
f 311/272/20 314/273/20 312/274/20
f 318/275/16 315/272/16 316/275/16
f 314/273/1 316/275/1 312/274/1
f 316/275/21 311/272/21 312/274/21
f 315/272/6 313/272/6 311/272/6
f 317/272/22 314/273/22 313/272/22
f 319/276/20 322/277/20 320/278/20
f 326/278/16 323/276/16 324/279/16
f 322/277/1 324/279/1 320/278/1
f 324/279/21 319/276/21 320/278/21
f 323/276/6 321/276/6 319/276/6
f 325/276/22 322/277/22 321/276/22
f 327/280/20 330/281/20 328/281/20
f 332/281/16 333/280/16 331/280/16
f 330/281/1 332/281/1 328/281/1
f 332/281/21 327/280/21 328/281/21
f 331/280/6 329/280/6 327/280/6
f 333/280/22 330/281/22 329/280/22
f 335/282/20 338/282/20 336/282/20
f 342/282/16 339/282/16 340/282/16
f 338/282/1 340/282/1 336/282/1
f 340/282/21 335/282/21 336/282/21
f 339/282/6 337/282/6 335/282/6
f 341/282/22 338/282/22 337/282/22
f 344/283/20 345/283/20 346/283/20
f 348/283/16 349/283/16 347/283/16
f 346/283/1 348/283/1 344/283/1
f 348/283/21 343/283/21 344/283/21
f 347/283/6 345/283/6 343/283/6
f 345/283/22 350/283/22 346/283/22
f 351/284/4 383/285/27 384/286/4
f 355/287/28 383/285/27 353/288/27
f 355/287/28 386/289/29 385/290/28
f 359/291/8 386/289/29 357/292/29
f 361/293/30 387/294/8 359/291/8
f 363/295/31 388/296/30 361/293/30
f 365/297/32 389/298/31 363/295/31
f 367/299/7 390/300/32 365/297/32
f 367/299/7 392/301/33 391/302/7
f 369/303/33 393/304/34 392/301/33
f 371/305/34 394/306/35 393/304/34
f 373/307/35 395/308/9 394/306/35
f 375/309/9 396/310/36 395/308/9
f 379/311/37 396/310/36 377/312/36
f 370/313/33 407/314/7 368/315/7
f 379/311/37 398/316/38 397/317/37
f 351/318/4 398/316/38 381/319/38
f 353/320/6 377/321/6 369/322/6
f 384/323/138 354/324/139 352/325/138
f 383/326/140 356/327/141 354/324/139
f 385/328/142 358/329/143 356/327/141
f 386/330/144 360/331/145 358/329/143
f 360/331/145 388/332/146 362/333/147
f 362/333/147 389/334/148 364/335/149
f 364/335/149 390/336/150 366/337/151
f 366/337/151 391/338/152 368/315/152
f 391/338/152 370/313/153 368/315/152
f 392/339/154 372/340/155 370/313/153
f 393/341/156 374/342/157 372/340/155
f 394/343/158 376/344/159 374/342/157
f 376/344/159 396/345/160 378/346/161
f 378/346/161 397/347/162 380/348/163
f 380/348/163 398/349/164 382/350/165
f 382/350/165 384/323/138 352/325/138
f 413/351/166 428/352/167 412/353/168
f 356/327/28 399/354/27 354/324/27
f 372/340/34 408/355/33 370/313/33
f 358/329/29 401/356/28 356/327/28
f 374/342/35 409/357/34 372/340/34
f 360/331/8 402/358/29 358/329/29
f 411/359/9 374/342/35 376/344/9
f 362/333/30 403/360/8 360/331/8
f 378/346/36 411/359/9 376/344/9
f 405/361/31 362/333/30 364/335/31
f 413/351/37 378/346/36 380/348/37
f 366/337/32 405/361/31 364/335/31
f 382/350/38 413/351/37 380/348/37
f 407/314/7 366/337/32 368/315/7
f 354/324/27 400/362/4 352/325/4
f 400/362/4 382/350/38 352/325/4
f 435/363/6 418/364/169 419/365/170
f 406/366/171 421/367/172 405/361/173
f 414/368/174 429/369/175 413/351/166
f 407/314/176 422/370/177 406/366/171
f 415/371/178 400/362/179 399/354/180
f 400/362/179 430/372/181 414/368/174
f 424/373/182 407/314/176 408/355/183
f 417/374/184 399/354/180 401/356/185
f 425/375/186 408/355/183 409/357/187
f 418/364/169 401/356/185 402/358/188
f 426/376/189 409/357/187 410/377/190
f 419/365/170 402/358/188 403/360/191
f 427/378/192 410/377/190 411/359/193
f 404/379/194 419/365/170 403/360/191
f 412/353/168 427/378/192 411/359/193
f 405/361/173 420/380/195 404/379/194
f 472/381/33 439/382/7 440/383/33
f 443/384/6 426/376/189 427/378/192
f 420/380/195 435/363/6 419/365/170
f 428/352/167 443/384/6 427/378/192
f 421/367/172 436/385/6 420/380/195
f 429/369/175 444/386/6 428/352/167
f 422/370/177 437/387/6 421/367/172
f 430/372/181 445/388/6 429/369/175
f 423/389/196 438/390/6 422/370/177
f 431/391/6 416/392/197 415/371/178
f 416/392/197 446/393/6 430/372/181
f 440/383/6 423/389/196 424/373/182
f 433/394/6 415/371/178 417/374/184
f 441/395/6 424/373/182 425/375/186
f 434/396/6 417/374/184 418/364/169
f 442/397/6 425/375/186 426/376/189
f 462/398/38 493/399/37 461/400/37
f 433/394/28 463/401/27 431/391/198
f 441/395/34 472/381/33 440/383/33
f 434/396/101 465/402/28 433/394/28
f 474/403/35 441/395/34 442/397/35
f 467/404/1 516/405/1 468/406/1
f 475/407/9 442/397/35 443/384/9
f 435/363/6 512/408/6 434/396/6
f 476/409/36 443/384/9 444/386/36
f 437/387/31 468/406/102 436/385/102
f 477/410/37 444/386/36 445/388/37
f 470/411/32 437/387/31 438/390/103
f 446/393/38 477/410/37 445/388/37
f 439/382/7 470/411/32 438/390/103
f 431/391/198 464/412/4 432/413/4
f 464/412/4 446/393/38 432/413/4
f 464/412/1 447/414/1 448/415/1
f 463/401/1 449/416/1 447/414/1
f 465/402/1 450/417/1 449/416/1
f 466/418/1 451/419/1 450/417/1
f 451/419/1 468/406/1 452/420/1
f 452/420/1 469/421/1 453/422/1
f 453/422/1 470/411/1 454/423/1
f 454/423/1 471/424/1 455/425/1
f 471/424/1 456/426/199 455/425/1
f 472/381/199 457/427/1 456/426/199
f 473/428/1 458/429/1 457/427/1
f 474/403/1 459/430/1 458/429/1
f 459/430/1 476/409/1 460/431/1
f 460/431/1 477/410/1 461/400/1
f 461/400/1 478/432/1 462/398/1
f 462/398/1 464/412/1 448/415/1
f 500/433/200 483/434/201 484/435/202
f 455/425/7 486/436/203 454/423/203
f 447/414/27 480/437/4 448/415/4
f 480/437/4 462/398/38 448/415/4
f 488/438/204 455/425/7 456/426/204
f 481/439/28 447/414/27 449/416/28
f 457/427/34 488/438/204 456/426/204
f 482/440/29 449/416/28 450/417/29
f 490/441/108 457/427/34 458/429/108
f 483/434/8 450/417/29 451/419/8
f 491/442/9 458/429/108 459/430/9
f 452/420/109 483/434/8 451/419/8
f 460/431/36 491/442/9 459/430/9
f 453/422/31 484/435/109 452/420/109
f 461/400/37 492/443/36 460/431/36
f 486/436/203 453/422/31 454/423/203
f 509/444/1 510/445/1 497/446/1
f 508/447/205 491/442/206 492/443/207
f 501/448/208 484/435/202 485/449/209
f 509/444/210 492/443/207 493/399/211
f 502/450/212 485/449/209 486/436/213
f 510/445/214 493/399/211 494/451/215
f 503/452/216 486/436/213 487/453/216
f 479/454/217 496/455/218 480/437/218
f 496/455/218 494/451/215 480/437/218
f 488/438/219 503/452/216 487/453/216
f 481/439/220 495/456/221 479/454/217
f 489/457/222 504/458/223 488/438/219
f 482/440/224 497/446/225 481/439/220
f 490/441/226 505/459/227 489/457/222
f 483/434/201 498/460/228 482/440/224
f 491/442/206 506/461/229 490/441/226
f 511/462/8 515/463/135 512/408/135
f 513/464/136 514/465/8 511/462/8
f 513/464/6 435/363/6 436/385/6
f 516/405/7 436/385/7 468/406/7
f 515/463/1 467/404/1 466/418/1
f 512/408/4 466/418/4 434/396/4
f 520/466/7 517/467/7 518/468/7
f 540/469/230 526/470/6 538/471/230
f 535/472/231 528/473/9 539/474/231
f 536/475/232 522/476/233 534/477/232
f 546/478/234 561/479/235 545/480/236
f 518/481/237 534/482/238 533/483/239
f 524/484/240 536/475/241 535/485/242
f 530/486/243 538/471/244 537/487/245
f 539/474/246 527/488/247 540/469/248
f 533/483/249 525/489/8 518/481/8
f 530/486/250 533/483/249 521/490/250
f 531/491/251 540/469/248 532/492/252
f 537/487/245 526/470/253 525/489/253
f 519/493/254 536/475/241 520/494/254
f 521/490/255 534/482/238 522/495/256
f 517/496/1 536/475/232 534/477/232
f 531/491/257 535/472/231 539/474/231
f 529/497/258 540/469/230 538/471/230
f 547/498/259 546/478/234 545/480/236
f 555/499/260 565/500/261 549/501/262
f 549/501/262 569/502/263 550/503/264
f 544/504/265 559/505/266 543/506/267
f 551/507/268 570/508/269 552/509/270
f 541/510/271 558/511/272 557/512/273
f 546/478/234 563/513/274 562/514/275
f 552/509/270 571/515/276 553/516/277
f 521/490/255 555/499/237 549/501/237
f 524/517/257 553/516/9 556/518/9
f 523/519/278 556/520/254 554/521/254
f 522/476/233 554/521/1 555/522/1
f 530/486/243 551/507/253 529/497/279
f 532/492/252 553/516/247 531/491/251
f 529/497/258 552/509/6 532/492/258
f 521/490/250 550/503/8 530/486/250
f 569/502/8 558/523/8 561/524/8
f 566/525/6 563/513/6 570/508/6
f 570/508/247 564/526/247 571/515/247
f 566/525/253 561/524/253 562/514/253
f 567/527/1 557/512/1 572/528/1
f 567/527/254 559/529/254 560/530/254
f 568/531/9 564/526/9 559/532/9
f 572/533/237 558/523/237 565/500/237
f 556/518/280 571/515/276 568/531/281
f 547/498/259 564/534/282 563/513/274
f 554/521/283 568/535/281 567/527/284
f 542/536/285 561/479/235 558/511/272
f 555/522/260 567/527/284 572/528/286
f 541/510/271 560/530/287 544/504/265
f 551/507/268 569/502/263 566/525/288
f 543/506/267 564/534/282 548/537/289
f 574/538/290 661/539/291 575/540/292
f 575/541/292 661/542/291 576/543/293
f 576/544/293 661/545/291 577/546/294
f 577/547/294 661/548/291 578/549/295
f 578/550/295 661/551/291 579/552/296
f 579/553/296 661/554/291 580/555/297
f 580/556/297 661/557/291 581/558/298
f 581/559/298 661/560/291 582/561/299
f 582/562/299 661/563/291 583/564/300
f 583/565/300 661/566/291 584/567/301
f 584/568/301 661/569/291 585/570/302
f 585/571/302 661/572/291 586/573/303
f 586/574/303 661/575/291 587/576/304
f 587/577/304 661/578/291 588/579/305
f 588/580/305 661/581/291 589/582/306
f 589/583/306 661/584/291 590/585/307
f 590/586/307 661/587/291 591/588/308
f 591/589/308 661/590/291 592/591/309
f 592/592/309 661/593/291 593/594/310
f 593/595/310 661/596/291 594/597/311
f 594/598/311 661/599/291 595/600/312
f 595/601/312 661/602/291 596/603/313
f 596/604/313 661/605/291 597/606/314
f 597/607/314 661/608/291 598/609/315
f 598/610/315 661/611/291 599/612/316
f 599/613/316 661/614/291 600/615/317
f 600/616/317 661/617/291 601/618/318
f 601/619/318 661/620/291 602/621/319
f 602/622/319 661/623/291 603/624/320
f 603/625/320 661/626/291 604/627/321
f 600/628/322 604/629/322 588/630/322
f 573/631/323 661/632/291 574/633/290
f 616/634/7 615/635/7 614/636/7
f 614/636/1 628/637/232 626/638/232
f 627/639/231 607/640/9 623/641/231
f 610/642/258 624/643/230 622/644/230
f 649/645/272 634/646/271 633/647/285
f 621/648/245 605/649/253 606/650/253
f 624/643/248 612/651/251 623/652/246
f 626/638/238 618/653/255 625/654/239
f 628/637/241 616/655/254 627/639/242
f 606/650/8 625/654/249 621/648/249
f 621/648/249 618/653/250 609/656/250
f 619/657/240 628/637/241 627/639/242
f 613/658/237 626/638/238 625/654/239
f 608/659/247 623/652/246 607/660/247
f 609/656/243 622/661/244 621/648/245
f 622/644/230 608/659/6 605/662/6
f 619/657/257 623/641/231 612/663/257
f 617/664/233 628/637/232 620/665/233
f 631/666/289 632/667/259 629/668/234
f 653/669/263 643/670/268 637/671/264
f 657/672/261 637/671/264 638/673/262
f 647/674/282 632/667/259 631/666/289
f 658/675/284 639/676/260 640/677/283
f 629/668/234 646/678/235 630/679/236
f 634/646/271 651/680/287 635/681/265
f 659/682/281 640/677/283 641/683/280
f 637/671/253 610/684/279 609/656/243
f 644/685/9 619/657/257 612/663/257
f 611/686/252 644/687/247 612/651/251
f 643/688/6 611/686/258 610/642/258
f 639/676/237 618/653/255 617/664/256
f 641/683/254 620/665/278 619/657/240
f 640/677/1 617/664/233 620/665/233
f 618/653/250 637/671/8 609/656/250
f 649/689/8 653/669/8 657/672/8
f 651/680/1 654/690/1 658/675/1
f 652/691/254 658/675/254 659/682/254
f 654/690/237 649/689/237 657/672/237
f 645/692/6 655/693/6 660/694/6
f 655/693/247 647/695/247 656/696/247
f 656/697/9 652/691/9 659/682/9
f 646/698/253 660/699/253 653/669/253
f 644/685/277 659/682/281 641/683/280
f 635/681/265 652/700/266 636/701/267
f 642/702/270 656/696/276 644/687/277
f 630/679/236 649/645/272 633/647/285
f 643/688/268 655/693/269 642/702/270
f 648/703/274 629/668/234 632/667/259
f 639/676/260 657/672/261 638/673/262
f 652/700/266 631/666/289 636/701/267
f 604/704/321 661/705/291 573/706/323
f 663/707/1 664/708/1 662/709/1
f 665/710/4 668/711/4 664/708/4
f 669/712/6 666/713/6 668/711/6
f 667/714/7 662/715/7 666/713/7
f 664/716/8 666/713/8 662/717/8
f 665/718/9 667/714/9 669/712/9
f 671/719/1 679/720/1 678/721/1
f 673/722/324 680/723/324 679/720/324
f 680/723/6 675/724/6 681/725/6
f 681/725/8 671/726/8 678/727/8
f 676/728/4 670/729/4 672/730/4
f 673/731/7 675/724/7 677/732/7
f 684/733/8 678/727/8 685/734/8
f 680/723/6 684/733/6 683/735/6
f 679/720/9 683/735/325 682/736/325
f 678/721/1 682/736/1 685/737/1
f 685/737/1 672/738/1 670/739/1
f 672/738/326 683/735/325 676/728/326
f 676/728/6 684/733/6 674/740/6
f 684/733/8 670/741/8 674/740/8
f 687/742/6 695/743/6 694/744/6
f 695/743/327 693/745/327 696/746/327
f 696/746/1 691/747/1 697/748/1
f 691/747/9 694/749/9 697/748/9
f 692/750/4 686/751/4 688/752/4
f 689/753/7 691/747/7 693/745/7
f 697/748/9 701/754/9 700/755/9
f 696/746/1 700/755/1 699/756/1
f 698/757/328 696/746/8 699/756/328
f 701/758/6 695/743/6 698/757/6
f 701/758/6 688/759/6 686/760/6
f 688/759/329 699/756/328 692/750/329
f 692/750/1 700/755/1 690/761/1
f 700/755/9 686/762/9 690/761/9
f 705/763/330 727/764/331 723/765/332
f 725/766/333 726/767/334 730/768/335
f 730/768/336 714/769/337 715/770/338
f 714/769/339 711/771/340 716/772/339
f 709/773/341 707/774/342 738/775/343
f 733/776/344 735/777/345 716/772/346
f 703/778/347 723/765/348 720/779/349
f 708/780/350 710/781/351 704/782/352
f 721/783/353 725/766/354 718/784/355
f 732/785/356 703/786/357 720/787/358
f 737/788/359 736/789/360 712/790/361
f 715/770/362 710/791/363 708/792/363
f 715/770/362 716/772/339 717/793/362
f 711/771/364 713/794/365 732/785/366
f 731/795/367 715/770/338 708/792/368
f 727/764/369 709/773/370 714/769/337
f 724/796/371 706/797/372 704/798/373
f 712/790/374 719/799/375 702/800/376
f 733/776/377 718/801/378 735/777/379
f 726/767/380 727/802/369 728/803/381
f 729/804/382 730/805/336 731/795/367
f 732/785/366 733/806/344 734/807/383
f 735/777/345 736/808/360 737/788/359
f 735/777/379 719/799/375 736/789/384
f 720/787/358 733/776/377 732/785/356
f 730/768/335 724/796/371 725/766/333
f 723/765/332 726/767/334 722/809/385
f 725/766/354 719/810/386 718/784/355
f 723/765/348 721/783/353 720/779/349
f 702/811/387 724/796/386 704/798/387
f 707/774/388 705/763/330 738/812/389
f 705/763/347 739/813/390 738/812/390
f 711/771/391 738/775/343 739/814/392
f 815/815/8 743/816/393 750/817/394
f 853/818/395 748/819/396 749/820/397
f 852/821/398 746/822/399 747/823/400
f 740/824/401 744/825/402 745/826/403
f 853/818/395 750/817/394 743/816/393
f 852/821/398 748/819/396 742/827/404
f 740/824/401 746/822/399 741/828/405
f 851/829/406 793/830/9 744/825/402
f 749/820/397 757/831/407 750/817/394
f 747/823/400 755/832/408 748/819/396
f 745/826/403 753/833/409 746/822/399
f 744/825/402 793/834/9 751/835/410
f 815/836/8 750/817/394 757/831/407
f 749/820/397 755/832/408 756/837/411
f 747/823/400 753/833/409 754/838/412
f 745/826/403 751/835/410 752/839/413
f 754/838/412 762/840/414 755/832/408
f 753/833/409 759/841/415 760/842/416
f 751/835/410 793/843/9 758/844/417
f 815/845/8 757/831/407 764/846/418
f 755/832/408 763/847/419 756/837/411
f 754/838/412 760/842/416 761/848/420
f 751/835/410 759/841/415 752/839/413
f 757/831/407 763/847/419 764/846/418
f 815/849/8 764/846/418 771/850/421
f 763/847/419 769/851/422 770/852/423
f 761/848/420 767/853/424 768/854/6
f 759/841/415 765/855/425 766/856/426
f 763/847/419 771/850/421 764/846/418
f 761/848/420 769/851/422 762/840/414
f 759/841/415 767/853/424 760/842/416
f 758/844/417 793/857/9 765/855/425
f 768/854/6 774/858/427 775/859/428
f 766/856/426 772/860/429 773/861/430
f 771/850/421 777/862/431 778/863/432
f 768/854/6 776/864/433 769/851/422
f 766/856/426 774/858/427 767/853/424
f 765/855/425 793/865/9 772/860/429
f 815/866/8 771/850/421 778/863/432
f 770/852/423 776/864/433 777/862/431
f 777/862/431 785/867/434 778/863/432
f 775/859/428 783/868/435 776/864/433
f 773/861/430 781/869/436 774/858/427
f 772/860/429 793/870/9 779/871/437
f 815/872/8 778/863/432 785/867/434
f 777/862/431 783/868/435 784/873/438
f 775/859/428 781/869/436 782/874/439
f 773/861/430 779/871/437 780/875/440
f 781/869/436 787/876/441 788/877/442
f 779/871/437 793/878/9 786/879/443
f 815/880/8 785/867/434 792/881/444
f 783/868/435 791/882/445 784/873/438
f 781/869/436 789/883/446 782/874/439
f 779/871/437 787/876/441 780/875/440
f 785/867/434 791/882/445 792/881/444
f 783/868/435 789/883/446 790/884/447
f 815/885/8 792/881/444 800/886/448
f 790/884/447 799/887/449 791/882/445
f 788/877/442 797/888/7 789/883/446
f 787/876/441 794/889/450 795/890/451
f 791/882/445 800/886/448 792/881/444
f 790/884/447 797/888/7 798/891/452
f 788/877/442 795/890/451 796/892/453
f 786/879/443 793/893/9 794/889/450
f 795/890/451 801/894/454 802/895/455
f 800/886/448 806/896/456 807/897/457
f 797/888/7 805/898/458 798/891/452
f 795/890/451 803/899/459 796/892/453
f 794/889/450 793/900/9 801/894/454
f 815/901/8 800/886/448 807/897/457
f 799/887/449 805/898/458 806/896/456
f 797/888/7 803/899/459 804/902/460
f 806/896/456 814/903/461 807/897/457
f 804/902/460 812/904/462 805/898/458
f 802/895/455 810/905/463 803/899/459
f 801/894/454 793/906/9 808/907/464
f 815/908/8 807/897/457 814/903/461
f 806/896/456 812/904/462 813/909/465
f 804/902/460 810/905/463 811/910/466
f 802/895/455 808/907/464 809/911/467
f 808/907/464 793/912/9 816/913/468
f 815/914/8 814/903/461 822/915/469
f 812/904/462 821/916/470 813/909/465
f 810/905/463 819/917/471 811/910/466
f 808/907/464 817/918/472 809/911/467
f 814/903/461 821/916/470 822/915/469
f 812/904/462 819/917/471 820/919/473
f 810/905/463 817/918/472 818/920/474
f 820/919/473 828/921/475 821/916/470
f 818/920/474 826/922/199 819/917/471
f 816/913/468 824/923/476 817/918/472
f 821/916/470 829/924/477 822/915/469
f 820/919/473 826/922/199 827/925/478
f 818/920/474 824/923/476 825/926/479
f 816/913/468 793/927/9 823/928/480
f 815/929/8 822/915/469 829/924/477
f 829/930/477 835/931/481 836/932/482
f 827/933/478 833/934/483 834/935/484
f 825/936/479 831/937/485 832/938/486
f 823/939/480 793/940/9 830/941/487
f 815/942/8 829/930/477 836/932/482
f 827/933/478 835/931/481 828/943/475
f 825/936/479 833/934/483 826/944/199
f 823/939/480 831/937/485 824/945/476
f 833/934/483 841/946/488 834/935/484
f 831/937/485 839/947/489 832/938/486
f 830/941/487 793/948/9 837/949/490
f 815/950/8 836/932/482 843/951/491
f 835/931/481 841/946/488 842/952/492
f 833/934/483 839/947/489 840/953/493
f 831/937/485 837/949/490 838/954/494
f 835/931/481 843/951/491 836/932/482
f 815/955/8 843/951/491 850/956/495
f 841/946/488 849/957/496 842/952/492
f 839/947/489 847/958/497 840/953/493
f 837/949/490 845/959/498 838/954/494
f 843/951/491 849/957/496 850/956/495
f 841/946/488 847/958/497 848/960/499
f 839/947/489 845/959/498 846/961/500
f 837/949/490 793/962/9 844/963/501
f 846/961/500 852/821/398 847/958/497
f 844/963/501 740/824/401 845/959/498
f 850/956/495 853/818/395 743/816/393
f 848/960/499 852/821/398 742/827/404
f 846/961/500 740/824/401 741/828/405
f 844/963/501 793/964/9 851/829/406
f 815/965/8 850/956/495 743/816/393
f 848/960/499 853/818/395 849/957/496
f 713/794/502 711/771/391 739/814/392
f 703/786/357 713/794/503 739/814/504
f 1/1/1 2/966/1 17/2/2
f 4/4/4 8/28/4 7/5/4
f 19/7/5 20/14/5 6/8/6
f 6/8/7 2/20/7 1/10/7
f 19/7/8 5/9/8 1/11/8
f 17/2/9 21/19/9 22/13/9
f 11/15/6 22/13/6 24/16/6
f 6/8/9 20/14/9 22/13/9
f 17/2/9 2/966/9 9/18/9
f 2/20/9 6/8/9 11/15/9
f 24/16/9 23/967/9 13/22/9
f 9/18/1 13/968/1 23/23/1
f 11/15/10 15/17/10 13/24/10
f 10/25/11 14/31/11 27/26/11
f 3/6/12 18/3/3 17/2/2
f 7/5/13 19/7/13 18/3/13
f 4/4/14 17/2/14 20/14/14
f 7/5/15 8/28/15 20/14/5
f 12/29/16 22/13/16 21/19/16
f 16/30/16 14/31/16 23/23/16
f 16/30/16 24/16/16 22/13/16
f 10/25/16 21/19/16 23/23/16
f 25/27/16 27/26/16 28/32/16
f 14/31/17 16/30/17 28/32/17
f 12/29/18 26/33/18 28/32/18
f 10/25/19 25/27/19 26/33/19
f 32/34/20 31/35/20 29/35/20
f 33/35/16 35/35/16 36/34/16
f 32/34/6 30/34/6 34/34/6
f 29/35/21 33/35/21 34/34/21
f 31/35/1 35/35/1 33/35/1
f 32/34/22 36/34/22 35/35/22
f 38/36/23 40/36/23 39/37/20
f 42/36/16 41/37/16 43/37/16
f 40/36/6 38/36/6 42/36/6
f 37/37/21 41/37/21 42/36/21
f 39/37/1 43/37/1 41/37/1
f 40/36/22 44/36/22 43/37/22
f 46/38/20 48/38/20 47/39/20
f 50/38/24 49/39/16 51/39/16
f 48/38/6 46/38/6 50/38/6
f 45/39/21 49/39/21 50/38/21
f 47/39/1 51/39/1 49/39/1
f 47/39/22 48/38/22 52/38/22
f 54/40/20 56/40/20 55/41/20
f 58/40/16 57/41/16 59/41/16
f 56/40/6 54/40/6 58/40/6
f 53/41/21 57/41/21 58/40/21
f 55/41/1 59/41/1 57/41/1
f 55/41/22 56/40/22 60/40/22
f 64/42/20 63/43/20 61/43/20
f 65/43/16 67/43/16 68/42/16
f 64/42/6 62/42/6 66/42/6
f 61/43/21 65/43/21 66/42/25
f 63/43/1 67/43/1 65/43/1
f 64/42/22 68/42/22 67/43/22
f 70/44/20 72/44/20 71/45/20
f 73/45/16 75/45/16 76/44/24
f 72/44/6 70/44/6 74/44/6
f 70/44/21 69/45/21 73/45/21
f 71/45/1 75/45/1 73/45/1
f 72/44/22 76/44/22 75/45/22
f 78/46/20 80/46/20 79/47/20
f 82/48/16 81/47/16 83/47/16
f 80/46/6 78/46/6 82/48/6
f 77/47/21 81/47/21 82/48/21
f 79/47/1 83/47/1 81/47/1
f 79/47/26 80/46/22 84/48/22
f 88/49/20 87/50/20 85/50/20
f 89/50/16 91/50/16 92/49/16
f 88/49/6 86/49/6 90/49/6
f 85/50/21 89/50/21 90/49/21
f 87/50/1 91/50/1 89/50/1
f 88/49/22 92/49/22 91/50/22
f 93/51/4 126/969/4 125/52/27
f 95/53/27 125/52/27 127/54/28
f 97/55/28 127/54/28 128/56/29
f 128/56/29 129/970/8 101/58/8
f 101/58/8 129/970/8 130/59/30
f 103/60/30 130/59/30 131/61/31
f 105/62/31 131/61/31 132/63/32
f 132/63/32 133/971/7 109/65/7
f 109/65/7 133/971/7 134/66/33
f 134/66/33 135/69/34 113/68/34
f 135/69/34 136/71/35 115/70/35
f 136/71/35 137/972/9 117/72/9
f 117/72/9 137/972/9 138/73/36
f 119/74/36 138/73/36 139/75/37
f 112/77/33 110/103/7 149/78/7
f 139/75/37 140/81/38 123/80/38
f 140/81/38 126/973/4 93/82/4
f 123/83/1 93/974/1 95/975/1
f 95/975/1 97/976/1 123/83/1
f 97/976/1 99/84/1 123/83/1
f 99/84/1 101/977/1 107/85/1
f 101/977/1 103/978/1 107/85/1
f 103/978/1 105/979/1 107/85/1
f 107/85/1 109/980/1 111/981/1
f 111/981/1 113/982/1 115/983/1
f 115/983/1 117/984/1 123/83/1
f 117/984/1 119/985/1 123/83/1
f 119/985/1 121/986/1 123/83/1
f 107/85/1 111/981/1 123/83/1
f 111/981/1 115/983/1 123/83/1
f 96/86/39 125/90/42 126/87/40
f 98/89/41 127/92/44 125/90/42
f 100/91/43 128/94/46 127/92/44
f 102/93/45 129/96/45 128/94/46
f 102/93/45 104/97/48 130/95/47
f 104/97/48 106/99/50 131/98/49
f 106/99/50 108/101/52 132/100/51
f 108/101/52 110/103/55 133/102/53
f 112/77/54 134/105/57 133/102/53
f 114/104/56 135/107/59 134/105/57
f 116/106/58 136/109/61 135/107/59
f 118/108/60 137/111/60 136/109/61
f 118/108/60 120/112/63 138/110/62
f 120/112/63 122/114/65 139/113/64
f 122/114/65 124/116/67 140/115/66
f 124/116/67 94/88/40 126/87/40
f 155/117/68 154/127/98 170/118/69
f 96/86/27 141/131/27 143/120/28
f 114/104/34 112/77/33 150/79/33
f 98/89/28 143/120/28 144/122/29
f 114/104/34 151/121/34 152/123/35
f 102/93/8 100/91/29 144/122/29
f 118/108/9 116/106/35 152/123/35
f 102/93/8 145/124/8 146/126/30
f 118/108/9 153/125/9 154/127/36
f 106/99/31 104/97/30 146/126/30
f 122/114/37 120/112/36 154/127/36
f 106/99/31 147/128/31 148/129/32
f 124/116/38 122/114/37 155/117/37
f 108/101/32 148/129/32 149/78/7
f 94/88/4 142/132/4 141/131/27
f 94/88/4 124/116/38 156/130/38
f 160/133/71 176/163/1 177/134/1
f 148/129/73 147/128/99 163/136/74
f 156/130/76 155/117/68 171/119/70
f 149/78/78 148/129/73 164/137/75
f 142/132/80 158/141/83 157/140/81
f 142/132/80 156/130/76 172/138/77
f 149/78/78 165/139/79 166/142/84
f 141/131/82 157/140/81 159/143/86
f 150/79/85 166/142/84 167/144/88
f 143/120/87 159/143/86 160/133/71
f 151/121/89 167/144/88 168/145/91
f 144/122/90 160/133/71 161/135/72
f 152/123/92 168/145/91 169/146/94
f 146/126/96 145/124/93 161/135/72
f 154/127/98 153/125/95 169/146/94
f 147/128/99 146/126/96 162/147/97
f 182/148/33 181/158/7 213/149/7
f 168/145/91 184/164/1 185/151/1
f 162/147/97 161/135/72 177/134/1
f 170/118/69 169/146/94 185/151/1
f 163/136/74 162/147/97 178/152/1
f 171/119/70 170/118/69 186/153/1
f 164/137/75 163/136/74 179/154/1
f 172/138/77 171/119/70 187/155/1
f 165/139/79 164/137/75 180/156/1
f 158/141/83 174/160/1 173/159/1
f 158/141/83 172/138/77 188/157/1
f 165/139/79 181/158/1 182/148/1
f 157/140/81 173/159/1 175/161/1
f 166/142/84 182/148/1 183/162/1
f 159/143/86 175/161/1 176/163/1
f 167/144/88 183/162/1 184/164/1
f 203/165/37 235/215/37 236/166/38
f 175/161/28 173/159/27 205/168/27
f 182/148/33 214/150/100 215/170/34
f 176/163/101 175/161/28 207/169/28
f 183/162/34 215/170/34 216/172/35
f 209/173/6 210/190/6 258/174/6
f 184/164/35 216/172/35 217/176/9
f 177/134/1 176/163/1 254/177/1
f 186/153/36 185/151/9 217/176/9
f 178/152/102 210/190/102 211/180/31
f 186/153/36 218/179/36 219/181/37
f 180/156/32 179/154/31 211/180/31
f 187/155/37 219/181/37 220/183/38
f 180/156/32 212/182/103 213/149/7
f 174/160/4 206/184/4 205/168/27
f 174/160/4 188/157/38 220/183/38
f 189/185/6 205/168/6 206/184/6
f 191/187/6 207/169/6 205/168/6
f 192/188/6 208/171/6 207/169/6
f 193/189/6 209/173/6 208/171/6
f 193/189/6 194/191/6 210/190/6
f 194/191/6 195/192/6 211/180/6
f 195/192/6 196/193/6 212/182/6
f 196/193/6 197/195/6 213/149/6
f 198/194/6 214/150/6 213/149/6
f 199/196/6 215/170/6 214/150/6
f 200/197/6 216/172/6 215/170/6
f 201/198/6 217/176/6 216/172/6
f 201/198/6 202/199/6 218/179/6
f 202/199/6 203/165/6 219/181/6
f 203/165/6 204/167/6 220/183/6
f 204/167/6 190/186/6 206/184/6
f 225/200/104 241/216/104 242/201/105
f 197/195/7 196/193/32 228/203/32
f 190/186/4 222/206/4 221/205/27
f 190/186/4 204/167/38 236/166/38
f 197/195/7 229/204/7 230/207/33
f 191/187/28 189/185/27 221/205/27
f 198/194/33 230/207/33 231/209/34
f 191/187/28 223/208/28 224/210/107
f 200/197/35 199/196/34 231/209/34
f 192/188/107 224/210/107 225/200/8
f 200/197/35 232/211/108 233/212/9
f 193/189/8 225/200/8 226/202/109
f 201/198/9 233/212/9 234/213/36
f 194/191/109 226/202/109 227/214/31
f 203/165/37 202/199/36 234/213/36
f 196/193/32 195/192/31 227/214/31
f 239/228/6 237/226/6 251/221/6
f 237/226/6 238/225/505 252/223/6
f 251/221/6 237/226/6 252/223/6
f 251/221/6 250/219/6 239/228/6
f 250/219/6 249/218/6 240/217/6
f 239/228/6 250/219/6 240/217/6
f 249/218/6 248/230/6 241/216/6
f 248/230/6 247/229/6 242/201/6
f 241/216/6 248/230/6 242/201/6
f 247/229/6 246/227/6 244/222/6
f 246/227/6 245/224/6 244/222/6
f 244/222/6 243/220/6 247/229/6
f 243/220/6 242/201/6 247/229/6
f 233/212/110 249/218/110 250/219/111
f 226/202/106 242/201/105 243/220/113
f 234/213/112 250/219/111 251/221/115
f 227/214/114 243/220/113 244/222/117
f 235/215/116 251/221/115 252/223/119
f 228/203/118 244/222/117 245/224/121
f 221/205/122 222/206/123 238/225/123
f 236/166/120 252/223/119 238/225/123
f 230/207/125 229/204/121 245/224/121
f 223/208/127 221/205/122 237/226/124
f 231/209/129 230/207/125 246/227/126
f 224/210/131 223/208/127 239/228/128
f 232/211/133 231/209/129 247/229/130
f 225/200/104 224/210/131 240/217/132
f 233/212/110 232/211/133 248/230/134
f 254/177/135 257/232/135 256/175/8
f 253/178/8 256/175/8 258/174/136
f 177/134/1 253/178/1 255/231/1
f 178/152/7 255/231/7 258/174/7
f 209/173/6 256/175/6 257/232/6
f 208/171/4 257/232/4 254/177/4
f 276/233/5 275/246/5 260/234/6
f 265/236/4 266/260/4 262/237/4
f 277/239/2 263/243/1 264/240/1
f 259/242/7 260/251/7 264/240/7
f 276/244/8 259/987/8 263/243/8
f 280/245/9 279/255/9 275/246/9
f 269/247/1 273/988/1 282/248/1
f 264/240/9 269/247/9 280/245/9
f 275/246/9 279/255/9 267/249/9
f 267/250/9 269/247/9 264/240/9
f 282/248/9 273/988/9 271/252/9
f 281/254/6 271/989/6 267/249/6
f 271/256/10 273/988/10 269/247/10
f 268/257/18 283/264/18 285/258/18
f 275/246/5 276/233/5 261/238/15
f 276/233/13 277/239/13 265/236/13
f 266/260/14 278/241/14 275/246/14
f 265/236/12 277/239/2 278/241/3
f 268/257/16 279/255/16 280/245/16
f 282/248/16 281/254/16 272/259/16
f 270/261/16 280/245/16 282/248/16
f 272/259/16 281/254/16 279/255/16
f 286/263/16 285/258/16 283/264/16
f 285/258/17 286/263/17 274/262/17
f 286/263/11 284/265/11 270/261/11
f 270/261/19 284/265/19 283/264/19
f 288/266/20 287/267/20 289/267/20
f 292/266/137 294/266/137 293/267/16
f 290/266/1 294/266/1 292/266/1
f 292/266/21 291/267/21 287/267/21
f 291/267/6 293/267/6 289/267/6
f 293/267/22 294/266/26 290/266/26
f 295/268/20 297/268/20 298/269/20
f 302/269/16 301/268/16 299/268/16
f 298/269/1 302/269/1 300/269/1
f 300/269/21 299/268/25 295/268/21
f 299/268/6 301/268/6 297/268/6
f 301/268/22 302/269/22 298/269/22
f 303/270/20 305/270/20 306/271/20
f 310/271/16 309/270/16 307/270/16
f 306/271/1 310/271/1 308/271/1
f 308/271/21 307/270/21 303/270/21
f 307/270/6 309/270/6 305/270/6
f 309/270/22 310/271/22 306/271/22
f 311/272/20 313/272/20 314/273/20
f 318/275/16 317/272/16 315/272/16
f 314/273/1 318/275/1 316/275/1
f 316/275/21 315/272/21 311/272/21
f 315/272/6 317/272/6 313/272/6
f 317/272/22 318/275/26 314/273/22
f 319/276/20 321/276/20 322/277/20
f 326/278/16 325/276/16 323/276/16
f 322/277/1 326/278/1 324/279/1
f 324/279/21 323/276/21 319/276/21
f 323/276/6 325/276/6 321/276/6
f 325/276/22 326/278/22 322/277/22
f 327/280/20 329/280/20 330/281/20
f 332/281/16 334/281/16 333/280/16
f 330/281/1 334/281/1 332/281/1
f 332/281/21 331/280/21 327/280/21
f 331/280/6 333/280/6 329/280/6
f 333/280/22 334/281/22 330/281/22
f 335/282/20 337/282/20 338/282/20
f 342/282/16 341/282/16 339/282/16
f 338/282/1 342/282/1 340/282/1
f 340/282/21 339/282/21 335/282/21
f 339/282/6 341/282/6 337/282/6
f 341/282/22 342/282/22 338/282/22
f 344/283/20 343/283/20 345/283/20
f 348/283/16 350/283/16 349/283/16
f 346/283/1 350/283/1 348/283/1
f 348/283/21 347/283/21 343/283/21
f 347/283/6 349/283/6 345/283/6
f 345/283/22 349/283/22 350/283/22
f 351/284/4 353/288/27 383/285/27
f 355/287/28 385/290/28 383/285/27
f 355/287/28 357/292/29 386/289/29
f 359/291/8 387/294/8 386/289/29
f 361/293/30 388/296/30 387/294/8
f 363/295/31 389/298/31 388/296/30
f 365/297/32 390/300/32 389/298/31
f 367/299/7 391/302/7 390/300/32
f 367/299/7 369/303/33 392/301/33
f 369/303/33 371/305/34 393/304/34
f 371/305/34 373/307/35 394/306/35
f 373/307/35 375/309/9 395/308/9
f 375/309/9 377/312/36 396/310/36
f 379/311/37 397/317/37 396/310/36
f 370/313/33 408/355/33 407/314/7
f 379/311/37 381/319/38 398/316/38
f 351/318/4 384/990/4 398/316/38
f 353/320/6 351/991/6 377/321/6
f 351/991/6 381/992/6 377/321/6
f 381/992/6 379/993/6 377/321/6
f 377/321/6 375/994/6 373/995/6
f 373/995/6 371/996/6 377/321/6
f 371/996/6 369/322/6 377/321/6
f 369/322/6 367/997/6 365/998/6
f 365/998/6 363/999/6 369/322/6
f 363/999/6 361/1000/6 369/322/6
f 361/1000/6 359/1001/6 357/1002/6
f 357/1002/6 355/1003/6 353/320/6
f 361/1000/6 357/1002/6 369/322/6
f 357/1002/6 353/320/6 369/322/6
f 384/323/138 383/326/140 354/324/139
f 383/326/140 385/328/142 356/327/141
f 385/328/142 386/330/144 358/329/143
f 386/330/144 387/1004/145 360/331/145
f 360/331/145 387/1004/145 388/332/146
f 362/333/147 388/332/146 389/334/148
f 364/335/149 389/334/148 390/336/150
f 366/337/151 390/336/150 391/338/152
f 391/338/152 392/339/154 370/313/153
f 392/339/154 393/341/156 372/340/155
f 393/341/156 394/343/158 374/342/157
f 394/343/158 395/1005/159 376/344/159
f 376/344/159 395/1005/159 396/345/160
f 378/346/161 396/345/160 397/347/162
f 380/348/163 397/347/162 398/349/164
f 382/350/165 398/349/164 384/323/138
f 413/351/166 429/369/175 428/352/167
f 356/327/28 401/356/28 399/354/27
f 372/340/34 409/357/34 408/355/33
f 358/329/29 402/358/29 401/356/28
f 374/342/35 410/377/35 409/357/34
f 360/331/8 403/360/8 402/358/29
f 411/359/9 410/377/35 374/342/35
f 362/333/30 404/379/30 403/360/8
f 378/346/36 412/353/36 411/359/9
f 405/361/31 404/379/30 362/333/30
f 413/351/37 412/353/36 378/346/36
f 366/337/32 406/366/32 405/361/31
f 382/350/38 414/368/38 413/351/37
f 407/314/7 406/366/32 366/337/32
f 354/324/27 399/354/27 400/362/4
f 400/362/4 414/368/38 382/350/38
f 435/363/6 434/396/6 418/364/169
f 406/366/171 422/370/177 421/367/172
f 414/368/174 430/372/181 429/369/175
f 407/314/176 423/389/196 422/370/177
f 415/371/178 416/392/197 400/362/179
f 400/362/179 416/392/197 430/372/181
f 424/373/182 423/389/196 407/314/176
f 417/374/184 415/371/178 399/354/180
f 425/375/186 424/373/182 408/355/183
f 418/364/169 417/374/184 401/356/185
f 426/376/189 425/375/186 409/357/187
f 419/365/170 418/364/169 402/358/188
f 427/378/192 426/376/189 410/377/190
f 404/379/194 420/380/195 419/365/170
f 412/353/168 428/352/167 427/378/192
f 405/361/173 421/367/172 420/380/195
f 472/381/33 471/424/7 439/382/7
f 443/384/6 442/397/6 426/376/189
f 420/380/195 436/385/6 435/363/6
f 428/352/167 444/386/6 443/384/6
f 421/367/172 437/387/6 436/385/6
f 429/369/175 445/388/6 444/386/6
f 422/370/177 438/390/6 437/387/6
f 430/372/181 446/393/6 445/388/6
f 423/389/196 439/382/6 438/390/6
f 431/391/6 432/413/6 416/392/197
f 416/392/197 432/413/6 446/393/6
f 440/383/6 439/382/6 423/389/196
f 433/394/6 431/391/6 415/371/178
f 441/395/6 440/383/6 424/373/182
f 434/396/6 433/394/6 417/374/184
f 442/397/6 441/395/6 425/375/186
f 462/398/38 494/451/38 493/399/37
f 433/394/28 465/402/28 463/401/27
f 441/395/34 473/428/34 472/381/33
f 434/396/101 466/418/101 465/402/28
f 474/403/35 473/428/34 441/395/34
f 467/404/1 514/465/1 516/405/1
f 475/407/9 474/403/35 442/397/35
f 435/363/6 511/462/6 512/408/6
f 476/409/36 475/407/9 443/384/9
f 437/387/31 469/421/31 468/406/102
f 477/410/37 476/409/36 444/386/36
f 470/411/32 469/421/31 437/387/31
f 446/393/38 478/432/38 477/410/37
f 439/382/7 471/424/7 470/411/32
f 431/391/198 463/401/27 464/412/4
f 464/412/4 478/432/38 446/393/38
f 464/412/1 463/401/1 447/414/1
f 463/401/1 465/402/1 449/416/1
f 465/402/1 466/418/1 450/417/1
f 466/418/1 467/404/1 451/419/1
f 451/419/1 467/404/1 468/406/1
f 452/420/1 468/406/1 469/421/1
f 453/422/1 469/421/1 470/411/1
f 454/423/1 470/411/1 471/424/1
f 471/424/1 472/381/199 456/426/199
f 472/381/199 473/428/1 457/427/1
f 473/428/1 474/403/1 458/429/1
f 474/403/1 475/407/1 459/430/1
f 459/430/1 475/407/1 476/409/1
f 460/431/1 476/409/1 477/410/1
f 461/400/1 477/410/1 478/432/1
f 462/398/1 478/432/1 464/412/1
f 500/433/200 499/1006/201 483/434/201
f 455/425/7 487/453/7 486/436/203
f 447/414/27 479/454/27 480/437/4
f 480/437/4 494/451/38 462/398/38
f 488/438/204 487/453/7 455/425/7
f 481/439/28 479/454/27 447/414/27
f 457/427/34 489/457/34 488/438/204
f 482/440/29 481/439/28 449/416/28
f 490/441/108 489/457/34 457/427/34
f 483/434/8 482/440/29 450/417/29
f 491/442/9 490/441/108 458/429/108
f 452/420/109 484/435/109 483/434/8
f 460/431/36 492/443/36 491/442/9
f 453/422/31 485/449/31 484/435/109
f 461/400/37 493/399/37 492/443/36
f 486/436/203 485/449/31 453/422/31
f 496/455/1 495/456/1 510/445/1
f 495/456/1 497/446/1 510/445/1
f 497/446/1 498/460/1 508/447/1
f 498/460/1 499/1006/1 507/1007/1
f 499/1006/1 500/433/1 507/1007/1
f 500/433/1 501/448/1 506/461/1
f 507/1007/1 500/433/1 506/461/1
f 501/448/1 502/450/1 504/458/1
f 502/450/1 503/452/1 504/458/1
f 504/458/1 505/459/1 501/448/1
f 505/459/1 506/461/1 501/448/1
f 507/1007/1 508/447/1 498/460/1
f 508/447/1 509/444/1 497/446/1
f 508/447/205 507/1007/206 491/442/206
f 501/448/208 500/433/200 484/435/202
f 509/444/210 508/447/205 492/443/207
f 502/450/212 501/448/208 485/449/209
f 510/445/214 509/444/210 493/399/211
f 503/452/216 502/450/212 486/436/213
f 479/454/217 495/456/221 496/455/218
f 496/455/218 510/445/214 494/451/215
f 488/438/219 504/458/223 503/452/216
f 481/439/220 497/446/225 495/456/221
f 489/457/222 505/459/227 504/458/223
f 482/440/224 498/460/228 497/446/225
f 490/441/226 506/461/229 505/459/227
f 483/434/201 499/1006/201 498/460/228
f 491/442/206 507/1007/206 506/461/229
f 511/462/8 514/465/8 515/463/135
f 513/464/136 516/405/136 514/465/8
f 513/464/6 511/462/6 435/363/6
f 516/405/7 513/464/7 436/385/7
f 515/463/1 514/465/1 467/404/1
f 512/408/4 515/463/4 466/418/4
f 518/468/7 525/1008/7 528/1009/7
f 525/1008/7 526/470/7 528/1009/7
f 526/470/7 527/488/7 528/1009/7
f 528/1009/7 519/1010/7 518/468/7
f 519/1010/7 520/466/7 518/468/7
f 540/469/230 527/488/6 526/470/6
f 535/472/231 519/1011/9 528/473/9
f 536/475/232 523/519/233 522/476/233
f 546/478/234 562/514/275 561/479/235
f 518/481/237 517/1012/237 534/482/238
f 524/484/240 523/519/278 536/475/241
f 530/486/243 529/497/279 538/471/244
f 539/474/246 528/473/247 527/488/247
f 533/483/249 537/487/249 525/489/8
f 530/486/250 537/487/249 533/483/249
f 531/491/251 539/474/246 540/469/248
f 537/487/245 538/471/244 526/470/253
f 519/493/254 535/485/242 536/475/241
f 521/490/255 533/483/239 534/482/238
f 517/496/1 520/494/1 536/475/232
f 531/491/257 524/517/257 535/472/231
f 529/497/258 532/492/258 540/469/230
f 545/480/236 542/536/285 543/506/267
f 542/536/285 541/510/271 543/506/267
f 541/510/271 544/504/265 543/506/267
f 543/506/267 548/537/289 545/480/236
f 548/537/289 547/498/259 545/480/236
f 555/499/260 572/533/286 565/500/261
f 549/501/262 565/500/261 569/502/263
f 544/504/265 560/530/287 559/505/266
f 551/507/268 566/525/288 570/508/269
f 541/510/271 542/536/285 558/511/272
f 546/478/234 547/498/259 563/513/274
f 552/509/270 570/508/269 571/515/276
f 521/490/255 522/495/256 555/499/237
f 524/517/257 531/491/257 553/516/9
f 523/519/278 524/484/240 556/520/254
f 522/476/233 523/519/233 554/521/1
f 530/486/243 550/503/253 551/507/253
f 532/492/252 552/509/247 553/516/247
f 529/497/258 551/507/6 552/509/6
f 521/490/250 549/501/8 550/503/8
f 569/502/8 565/500/8 558/523/8
f 566/525/6 562/514/6 563/513/6
f 570/508/247 563/513/247 564/526/247
f 566/525/253 569/502/253 561/524/253
f 567/527/1 560/530/1 557/512/1
f 567/527/254 568/535/254 559/529/254
f 568/531/9 571/515/9 564/526/9
f 572/533/237 557/1013/237 558/523/237
f 556/518/280 553/516/277 571/515/276
f 547/498/259 548/537/289 564/534/282
f 554/521/283 556/520/280 568/535/281
f 542/536/285 545/480/236 561/479/235
f 555/522/260 554/521/283 567/527/284
f 541/510/271 557/512/273 560/530/287
f 551/507/268 550/503/264 569/502/263
f 543/506/267 559/505/266 564/534/282
f 604/629/322 573/1014/506 574/1015/322
f 574/1015/322 575/1016/507 604/629/322
f 575/1016/507 576/1017/322 604/629/322
f 576/1017/322 577/1018/322 578/1019/507
f 578/1019/507 579/1020/322 576/1017/322
f 579/1020/322 580/1021/322 576/1017/322
f 580/1021/322 581/1022/322 582/1023/508
f 582/1023/508 583/1024/322 580/1021/322
f 583/1024/322 584/1025/322 580/1021/322
f 584/1025/322 585/1026/322 588/630/322
f 585/1026/322 586/1027/322 588/630/322
f 586/1027/322 587/1028/509 588/630/322
f 588/630/322 589/1029/510 590/1030/322
f 590/1030/322 591/1031/511 592/1032/322
f 592/1032/322 593/1033/511 594/1034/322
f 594/1034/322 595/1035/508 596/1036/322
f 596/1036/322 597/1037/322 598/1038/322
f 598/1038/322 599/1039/508 600/628/322
f 600/628/322 601/1040/322 604/629/322
f 601/1040/322 602/1041/507 604/629/322
f 602/1041/507 603/1042/507 604/629/322
f 588/630/322 590/1030/322 592/1032/322
f 592/1032/322 594/1034/322 588/630/322
f 594/1034/322 596/1036/322 588/630/322
f 596/1036/322 598/1038/322 600/628/322
f 604/629/322 576/1017/322 588/630/322
f 576/1017/322 580/1021/322 588/630/322
f 580/1021/322 584/1025/322 588/630/322
f 596/1036/322 600/628/322 588/630/322
f 614/636/7 613/1043/7 616/634/7
f 613/1043/7 606/1044/7 616/634/7
f 606/1044/7 605/1045/7 608/1046/7
f 608/1046/7 607/1047/7 606/1044/7
f 607/1047/7 616/634/7 606/1044/7
f 614/636/1 615/635/1 628/637/232
f 627/639/231 616/655/9 607/640/9
f 610/642/258 611/686/258 624/643/230
f 649/645/272 650/1048/273 634/646/271
f 621/648/245 622/661/244 605/649/253
f 624/643/248 611/686/252 612/651/251
f 626/638/238 617/664/256 618/653/255
f 628/637/241 615/635/254 616/655/254
f 606/650/8 613/658/8 625/654/249
f 621/648/249 625/654/249 618/653/250
f 619/657/240 620/665/278 628/637/241
f 613/658/237 614/636/237 626/638/238
f 608/659/247 624/643/248 623/652/246
f 609/656/243 610/684/279 622/661/244
f 622/644/230 624/643/230 608/659/6
f 619/657/257 627/639/231 623/641/231
f 617/664/233 626/638/232 628/637/232
f 629/668/234 630/679/236 631/666/289
f 630/679/236 633/647/285 631/666/289
f 633/647/285 634/646/271 635/681/265
f 635/681/265 636/701/267 633/647/285
f 636/701/267 631/666/289 633/647/285
f 653/669/263 660/699/288 643/670/268
f 657/672/261 653/669/263 637/671/264
f 647/674/282 648/703/274 632/667/259
f 658/675/284 654/690/286 639/676/260
f 629/668/234 645/692/275 646/678/235
f 634/646/271 650/1048/273 651/680/287
f 659/682/281 658/675/284 640/677/283
f 637/671/253 643/670/253 610/684/279
f 644/685/9 641/683/9 619/657/257
f 611/686/252 642/702/247 644/687/247
f 643/688/6 642/702/6 611/686/258
f 639/676/237 638/673/237 618/653/255
f 641/683/254 640/677/254 620/665/278
f 640/677/1 639/676/1 617/664/233
f 618/653/250 638/673/8 637/671/8
f 649/689/8 646/698/8 653/669/8
f 651/680/1 650/1048/1 654/690/1
f 652/691/254 651/680/254 658/675/254
f 654/690/237 650/1048/237 649/689/237
f 645/692/6 648/703/6 655/693/6
f 655/693/247 648/703/247 647/695/247
f 656/697/9 647/1049/9 652/691/9
f 646/698/253 645/1050/253 660/699/253
f 644/685/277 656/697/276 659/682/281
f 635/681/265 651/680/287 652/700/266
f 642/702/270 655/693/269 656/696/276
f 630/679/236 646/678/235 649/645/272
f 643/688/268 660/694/288 655/693/269
f 648/703/274 645/692/275 629/668/234
f 639/676/260 654/690/286 657/672/261
f 652/700/266 647/674/282 631/666/289
f 663/707/1 665/710/1 664/708/1
f 665/710/4 669/712/4 668/711/4
f 669/712/6 667/714/6 666/713/6
f 667/714/7 663/1051/7 662/715/7
f 664/716/8 668/711/8 666/713/8
f 665/718/9 663/1052/9 667/714/9
f 671/719/1 673/722/1 679/720/1
f 673/722/324 677/732/324 680/723/324
f 680/723/6 677/732/6 675/724/6
f 681/725/8 675/724/8 671/726/8
f 676/728/4 674/740/4 670/729/4
f 673/731/7 671/1053/7 675/724/7
f 684/733/8 681/725/8 678/727/8
f 680/723/6 681/725/6 684/733/6
f 679/720/9 680/723/9 683/735/325
f 678/721/1 679/720/1 682/736/1
f 685/737/1 682/736/1 672/738/1
f 672/738/326 682/736/325 683/735/325
f 676/728/6 683/735/6 684/733/6
f 684/733/8 685/734/8 670/741/8
f 687/742/6 689/1054/6 695/743/6
f 695/743/327 689/1054/327 693/745/327
f 696/746/1 693/745/1 691/747/1
f 691/747/9 687/1055/9 694/749/9
f 692/750/4 690/761/4 686/751/4
f 689/753/7 687/1056/7 691/747/7
f 697/748/9 694/749/9 701/754/9
f 696/746/1 697/748/1 700/755/1
f 698/757/328 695/743/8 696/746/8
f 701/758/6 694/744/6 695/743/6
f 701/758/6 698/757/6 688/759/6
f 688/759/329 698/757/328 699/756/328
f 692/750/1 699/756/1 700/755/1
f 700/755/9 701/754/9 686/762/9
f 705/763/330 707/774/388 727/764/331
f 725/766/333 722/809/385 726/767/334
f 715/770/338 731/795/367 730/768/336
f 730/768/336 726/767/380 714/769/337
f 726/767/380 728/803/381 714/769/337
f 714/769/339 709/773/340 711/771/340
f 737/788/359 717/793/512 735/777/345
f 717/793/512 716/772/346 735/777/345
f 716/772/346 734/807/383 733/776/344
f 703/778/347 705/763/347 723/765/348
f 712/1057/513 702/1058/514 710/781/351
f 702/1058/514 704/782/352 710/781/351
f 704/782/352 706/1059/515 708/780/350
f 721/783/353 722/809/353 725/766/354
f 732/785/356 713/794/503 703/786/357
f 712/790/361 710/791/361 737/788/359
f 710/791/361 717/793/512 737/788/359
f 715/770/362 717/793/362 710/791/363
f 715/770/362 714/769/339 716/772/339
f 734/807/383 716/772/346 732/785/366
f 716/772/346 711/771/364 732/785/366
f 708/792/368 706/797/368 731/795/367
f 706/797/368 729/804/382 731/795/367
f 714/769/337 728/803/381 727/764/369
f 727/764/369 707/774/516 709/773/370
f 724/796/371 729/804/517 706/797/372
f 712/790/374 736/789/384 719/799/375
f 733/776/377 721/1060/518 718/801/378
f 735/777/379 718/801/378 719/799/375
f 720/787/358 721/1060/518 733/776/377
f 730/768/335 729/804/517 724/796/371
f 723/765/332 727/764/331 726/767/334
f 725/766/354 724/796/386 719/810/386
f 723/765/348 722/809/353 721/783/353
f 702/811/387 719/810/386 724/796/386
f 705/763/347 703/778/347 739/813/390
f 711/771/391 709/773/341 738/775/343
f 853/818/395 742/827/404 748/819/396
f 852/821/398 741/828/405 746/822/399
f 740/824/401 851/829/406 744/825/402
f 853/818/395 749/820/397 750/817/394
f 852/821/398 747/823/400 748/819/396
f 740/824/401 745/826/403 746/822/399
f 749/820/397 756/837/411 757/831/407
f 747/823/400 754/838/412 755/832/408
f 745/826/403 752/839/413 753/833/409
f 749/820/397 748/819/396 755/832/408
f 747/823/400 746/822/399 753/833/409
f 745/826/403 744/825/402 751/835/410
f 754/838/412 761/848/420 762/840/414
f 753/833/409 752/839/413 759/841/415
f 755/832/408 762/840/414 763/847/419
f 754/838/412 753/833/409 760/842/416
f 751/835/410 758/844/417 759/841/415
f 757/831/407 756/837/411 763/847/419
f 763/847/419 762/840/414 769/851/422
f 761/848/420 760/842/416 767/853/424
f 759/841/415 758/844/417 765/855/425
f 763/847/419 770/852/423 771/850/421
f 761/848/420 768/854/6 769/851/422
f 759/841/415 766/856/426 767/853/424
f 768/854/6 767/853/424 774/858/427
f 766/856/426 765/855/425 772/860/429
f 771/850/421 770/852/423 777/862/431
f 768/854/6 775/859/428 776/864/433
f 766/856/426 773/861/430 774/858/427
f 770/852/423 769/851/422 776/864/433
f 777/862/431 784/873/438 785/867/434
f 775/859/428 782/874/439 783/868/435
f 773/861/430 780/875/440 781/869/436
f 777/862/431 776/864/433 783/868/435
f 775/859/428 774/858/427 781/869/436
f 773/861/430 772/860/429 779/871/437
f 781/869/436 780/875/440 787/876/441
f 783/868/435 790/884/447 791/882/445
f 781/869/436 788/877/442 789/883/446
f 779/871/437 786/879/443 787/876/441
f 785/867/434 784/873/438 791/882/445
f 783/868/435 782/874/439 789/883/446
f 790/884/447 798/891/452 799/887/449
f 788/877/442 796/892/453 797/888/7
f 787/876/441 786/879/443 794/889/450
f 791/882/445 799/887/449 800/886/448
f 790/884/447 789/883/446 797/888/7
f 788/877/442 787/876/441 795/890/451
f 795/890/451 794/889/450 801/894/454
f 800/886/448 799/887/449 806/896/456
f 797/888/7 804/902/460 805/898/458
f 795/890/451 802/895/455 803/899/459
f 799/887/449 798/891/452 805/898/458
f 797/888/7 796/892/453 803/899/459
f 806/896/456 813/909/465 814/903/461
f 804/902/460 811/910/466 812/904/462
f 802/895/455 809/911/467 810/905/463
f 806/896/456 805/898/458 812/904/462
f 804/902/460 803/899/459 810/905/463
f 802/895/455 801/894/454 808/907/464
f 812/904/462 820/919/473 821/916/470
f 810/905/463 818/920/474 819/917/471
f 808/907/464 816/913/468 817/918/472
f 814/903/461 813/909/465 821/916/470
f 812/904/462 811/910/466 819/917/471
f 810/905/463 809/911/467 817/918/472
f 820/919/473 827/925/478 828/921/475
f 818/920/474 825/926/479 826/922/199
f 816/913/468 823/928/480 824/923/476
f 821/916/470 828/921/475 829/924/477
f 820/919/473 819/917/471 826/922/199
f 818/920/474 817/918/472 824/923/476
f 829/930/477 828/943/475 835/931/481
f 827/933/478 826/944/199 833/934/483
f 825/936/479 824/945/476 831/937/485
f 827/933/478 834/935/484 835/931/481
f 825/936/479 832/938/486 833/934/483
f 823/939/480 830/941/487 831/937/485
f 833/934/483 840/953/493 841/946/488
f 831/937/485 838/954/494 839/947/489
f 835/931/481 834/935/484 841/946/488
f 833/934/483 832/938/486 839/947/489
f 831/937/485 830/941/487 837/949/490
f 835/931/481 842/952/492 843/951/491
f 841/946/488 848/960/499 849/957/496
f 839/947/489 846/961/500 847/958/497
f 837/949/490 844/963/501 845/959/498
f 843/951/491 842/952/492 849/957/496
f 841/946/488 840/953/493 847/958/497
f 839/947/489 838/954/494 845/959/498
f 846/961/500 741/828/405 852/821/398
f 844/963/501 851/829/406 740/824/401
f 850/956/495 849/957/496 853/818/395
f 848/960/499 847/958/497 852/821/398
f 846/961/500 845/959/498 740/824/401
f 848/960/499 742/827/404 853/818/395
