# Blender 4.1.1
# www.blender.org
mtllib gameover.mtl
o テキスト
v -4.877112 0.350230 -0.000000
v -4.873656 0.350246 -0.000000
v -4.870200 0.350287 -0.000000
v -4.866744 0.350350 -0.000000
v -4.863288 0.350430 -0.000000
v -4.859832 0.350519 -0.000000
v -4.856376 0.350614 -0.000000
v -4.852920 0.350710 -0.000000
v -4.849463 0.350799 -0.000000
v -4.846007 0.350879 -0.000000
v -4.842551 0.350942 -0.000000
v -4.839095 0.350983 -0.000000
v -4.835638 0.350998 -0.000000
v -4.821599 0.350911 -0.000000
v -4.804934 0.350494 -0.000000
v -4.786375 0.349510 -0.000000
v -4.766655 0.347727 -0.000000
v -4.746510 0.344909 -0.000000
v -4.726671 0.340822 -0.000000
v -4.707872 0.335230 -0.000000
v -4.690846 0.327900 -0.000000
v -4.676328 0.318596 -0.000000
v -4.665049 0.307085 -0.000000
v -4.657744 0.293130 -0.000000
v -4.655146 0.276498 -0.000000
v -4.658576 0.258091 -0.000000
v -4.668189 0.242977 -0.000000
v -4.682964 0.230835 -0.000000
v -4.701883 0.221340 -0.000000
v -4.723928 0.214171 -0.000000
v -4.748080 0.209005 -0.000000
v -4.773320 0.205519 -0.000000
v -4.798629 0.203391 -0.000000
v -4.822989 0.202297 -0.000000
v -4.845381 0.201915 -0.000000
v -4.864786 0.201923 -0.000000
v -4.880184 0.201997 -0.000000
v -5.063748 0.201997 -0.000000
v -5.069332 0.201967 -0.000000
v -5.074942 0.201883 -0.000000
v -5.080573 0.201757 -0.000000
v -5.086221 0.201599 -0.000000
v -5.091879 0.201419 -0.000000
v -5.097542 0.201229 -0.000000
v -5.103206 0.201039 -0.000000
v -5.108864 0.200859 -0.000000
v -5.114511 0.200701 -0.000000
v -5.120143 0.200575 -0.000000
v -5.125753 0.200491 -0.000000
v -5.131336 0.200461 -0.000000
v -5.145914 0.200534 -0.000000
v -5.163730 0.200920 -0.000000
v -5.183924 0.201865 -0.000000
v -5.205638 0.203618 -0.000000
v -5.228014 0.206428 -0.000000
v -5.250192 0.210541 -0.000000
v -5.271314 0.216207 -0.000000
v -5.290522 0.223673 -0.000000
v -5.306955 0.233187 -0.000000
v -5.319757 0.244997 -0.000000
v -5.328068 0.259351 -0.000000
v -5.331029 0.276498 -0.000000
v -5.330010 0.287405 -0.000000
v -5.327100 0.297132 -0.000000
v -5.322521 0.305744 -0.000000
v -5.316493 0.313307 -0.000000
v -5.309239 0.319889 -0.000000
v -5.300979 0.325557 -0.000000
v -5.291935 0.330376 -0.000000
v -5.282329 0.334414 -0.000000
v -5.272381 0.337738 -0.000000
v -5.262313 0.340413 -0.000000
v -5.252347 0.342507 -0.000000
v -5.242703 0.344086 -0.000000
v -5.235392 0.345190 -0.000000
v -5.228054 0.346198 -0.000000
v -5.220695 0.347110 -0.000000
v -5.213319 0.347926 -0.000000
v -5.205933 0.348646 -0.000000
v -5.198541 0.349270 -0.000000
v -5.191150 0.349798 -0.000000
v -5.183764 0.350230 -0.000000
v -5.176388 0.350566 -0.000000
v -5.169028 0.350806 -0.000000
v -5.161690 0.350950 -0.000000
v -5.154378 0.350998 -0.000000
v -5.150907 0.350983 -0.000000
v -5.147408 0.350942 -0.000000
v -5.143889 0.350878 -0.000000
v -5.140354 0.350799 -0.000000
v -5.136808 0.350710 -0.000000
v -5.133256 0.350614 -0.000000
v -5.129705 0.350519 -0.000000
v -5.126159 0.350429 -0.000000
v -5.122624 0.350350 -0.000000
v -5.119104 0.350287 -0.000000
v -5.115606 0.350245 -0.000000
v -5.112135 0.350230 -0.000000
v -4.377112 0.105991 -0.000000
v -4.379214 0.097487 -0.000000
v -4.381379 0.086925 -0.000000
v -4.383737 0.074837 -0.000000
v -4.386414 0.061757 -0.000000
v -4.389540 0.048218 -0.000000
v -4.393241 0.034754 -0.000000
v -4.397647 0.021898 -0.000000
v -4.402884 0.010184 -0.000000
v -4.409082 0.000144 -0.000000
v -4.416368 -0.007688 0.000000
v -4.424870 -0.012778 0.000000
v -4.434716 -0.014593 0.000000
v -4.448897 -0.014101 0.000000
v -4.463230 -0.012580 0.000000
v -4.477450 -0.009961 0.000000
v -4.491295 -0.006173 0.000000
v -4.504500 -0.001148 0.000000
v -4.516801 0.005184 -0.000000
v -4.527934 0.012892 -0.000000
v -4.537634 0.022046 -0.000000
v -4.545639 0.032714 -0.000000
v -4.551683 0.044966 -0.000000
v -4.555504 0.058872 -0.000000
v -4.556836 0.074501 -0.000000
v -4.555776 0.094154 -0.000000
v -4.552647 0.120548 -0.000000
v -4.547523 0.152074 -0.000000
v -4.540479 0.187120 -0.000000
v -4.531590 0.224075 -0.000000
v -4.520929 0.261329 -0.000000
v -4.508573 0.297271 -0.000000
v -4.494596 0.330290 -0.000000
v -4.479071 0.358775 -0.000000
v -4.462075 0.381116 -0.000000
v -4.443681 0.395702 -0.000000
v -4.423964 0.400922 -0.000000
v -4.413639 0.400516 -0.000000
v -4.402813 0.399275 -0.000000
v -4.391753 0.397165 -0.000000
v -4.380725 0.394151 -0.000000
v -4.369995 0.390199 -0.000000
v -4.359831 0.385273 -0.000000
v -4.350499 0.379339 -0.000000
v -4.342265 0.372362 -0.000000
v -4.335397 0.364307 -0.000000
v -4.330162 0.355141 -0.000000
v -4.326825 0.344828 -0.000000
v -4.325653 0.333333 -0.000000
v -4.326387 0.316128 -0.000000
v -4.328452 0.298035 -0.000000
v -4.331642 0.279222 -0.000000
v -4.335752 0.259857 -0.000000
v -4.340576 0.240107 -0.000000
v -4.345910 0.220142 -0.000000
v -4.351548 0.200129 -0.000000
v -4.357285 0.180236 -0.000000
v -4.362915 0.160630 -0.000000
v -4.368233 0.141481 -0.000000
v -4.373034 0.122956 -0.000000
v -4.377112 0.105223 -0.000000
v -4.395545 0.566820 -0.000000
v -4.396797 0.560041 -0.000000
v -4.400311 0.551178 -0.000000
v -4.405723 0.540743 -0.000000
v -4.412671 0.529243 -0.000000
v -4.420792 0.517188 -0.000000
v -4.429724 0.505088 -0.000000
v -4.439105 0.493453 -0.000000
v -4.448570 0.482790 -0.000000
v -4.457758 0.473610 -0.000000
v -4.466307 0.466423 -0.000000
v -4.473852 0.461737 -0.000000
v -4.480031 0.460061 -0.000000
v -4.484744 0.460390 -0.000000
v -4.490279 0.461349 -0.000000
v -4.496400 0.462894 -0.000000
v -4.502873 0.464983 -0.000000
v -4.509464 0.467573 -0.000000
v -4.515937 0.470622 -0.000000
v -4.522058 0.474087 -0.000000
v -4.527593 0.477926 -0.000000
v -4.532306 0.482095 -0.000000
v -4.535963 0.486552 -0.000000
v -4.538330 0.491255 -0.000000
v -4.539171 0.496160 -0.000000
v -4.537964 0.502677 -0.000000
v -4.534576 0.511496 -0.000000
v -4.529354 0.522069 -0.000000
v -4.522643 0.533851 -0.000000
v -4.514791 0.546294 -0.000000
v -4.506144 0.558852 -0.000000
v -4.497049 0.570977 -0.000000
v -4.487853 0.582124 -0.000000
v -4.478902 0.591746 -0.000000
v -4.470543 0.599295 -0.000000
v -4.463123 0.604226 -0.000000
v -4.456989 0.605991 -0.000000
v -4.451747 0.605660 -0.000000
v -4.445771 0.604689 -0.000000
v -4.439289 0.603111 -0.000000
v -4.432526 0.600956 -0.000000
v -4.425710 0.598257 -0.000000
v -4.419067 0.595046 -0.000000
v -4.412825 0.591355 -0.000000
v -4.407209 0.587216 -0.000000
v -4.402446 0.582661 -0.000000
v -4.398764 0.577722 -0.000000
v -4.396388 0.572431 -0.000000
v -4.267282 0.543011 -0.000000
v -4.268366 0.536614 -0.000000
v -4.271417 0.528130 -0.000000
v -4.276126 0.518061 -0.000000
v -4.282187 0.506912 -0.000000
v -4.289294 0.495188 -0.000000
v -4.297139 0.483391 -0.000000
v -4.305417 0.472026 -0.000000
v -4.313819 0.461598 -0.000000
v -4.322041 0.452609 -0.000000
v -4.329774 0.445565 -0.000000
v -4.336713 0.440968 -0.000000
v -4.342550 0.439324 -0.000000
v -4.347661 0.439669 -0.000000
v -4.353616 0.440679 -0.000000
v -4.360167 0.442312 -0.000000
v -4.367071 0.444530 -0.000000
v -4.374081 0.447291 -0.000000
v -4.380952 0.450557 -0.000000
v -4.387440 0.454286 -0.000000
v -4.393298 0.458440 -0.000000
v -4.398281 0.462978 -0.000000
v -4.402144 0.467859 -0.000000
v -4.404643 0.473045 -0.000000
v -4.405530 0.478495 -0.000000
v -4.404415 0.484775 -0.000000
v -4.401281 0.493280 -0.000000
v -4.396445 0.503480 -0.000000
v -4.390226 0.514849 -0.000000
v -4.382940 0.526858 -0.000000
v -4.374904 0.538979 -0.000000
v -4.366436 0.550683 -0.000000
v -4.357854 0.561444 -0.000000
v -4.349475 0.570733 -0.000000
v -4.341615 0.578021 -0.000000
v -4.334593 0.582781 -0.000000
v -4.328725 0.584485 -0.000000
v -4.323160 0.584139 -0.000000
v -4.316974 0.583120 -0.000000
v -4.310376 0.581461 -0.000000
v -4.303579 0.579194 -0.000000
v -4.296792 0.576352 -0.000000
v -4.290227 0.572965 -0.000000
v -4.284094 0.569066 -0.000000
v -4.278604 0.564687 -0.000000
v -4.273966 0.559860 -0.000000
v -4.270393 0.554617 -0.000000
v -4.268095 0.548990 -0.000000
v -4.159754 0.479263 -0.000000
v -4.159090 0.493248 -0.000000
v -4.157130 0.504996 -0.000000
v -4.153922 0.514701 -0.000000
v -4.149513 0.522558 -0.000000
v -4.143953 0.528761 -0.000000
v -4.137289 0.533506 -0.000000
v -4.129568 0.536987 -0.000000
v -4.120840 0.539398 -0.000000
v -4.111151 0.540935 -0.000000
v -4.100551 0.541791 -0.000000
v -4.089086 0.542162 -0.000000
v -4.076805 0.542243 -0.000000
v -4.069782 0.542257 -0.000000
v -4.062930 0.542232 -0.000000
v -4.056260 0.542063 -0.000000
v -4.049781 0.541645 -0.000000
v -4.043505 0.540876 -0.000000
v -4.037442 0.539651 -0.000000
v -4.031604 0.537865 -0.000000
v -4.026000 0.535416 -0.000000
v -4.020641 0.532198 -0.000000
v -4.015539 0.528108 -0.000000
v -4.010703 0.523043 -0.000000
v -4.006145 0.516897 -0.000000
v -4.001507 0.508856 -0.000000
v -3.997529 0.500505 -0.000000
v -3.994132 0.491888 -0.000000
v -3.991239 0.483046 -0.000000
v -3.988772 0.474023 -0.000000
v -3.986655 0.464862 -0.000000
v -3.984811 0.455604 -0.000000
v -3.983160 0.446294 -0.000000
v -3.981627 0.436972 -0.000000
v -3.980134 0.427683 -0.000000
v -3.978604 0.418468 -0.000000
v -3.976959 0.409370 -0.000000
v -3.974383 0.396729 -0.000000
v -3.971653 0.384145 -0.000000
v -3.968774 0.371616 -0.000000
v -3.965751 0.359134 -0.000000
v -3.962589 0.346695 -0.000000
v -3.959293 0.334293 -0.000000
v -3.955870 0.321924 -0.000000
v -3.952324 0.309581 -0.000000
v -3.948661 0.297259 -0.000000
v -3.944885 0.284953 -0.000000
v -3.941003 0.272658 -0.000000
v -3.937020 0.260369 -0.000000
v -3.932957 0.248080 -0.000000
v -3.928838 0.235791 -0.000000
v -3.924671 0.223502 -0.000000
v -3.920465 0.211213 -0.000000
v -3.916226 0.198925 -0.000000
v -3.911963 0.186636 -0.000000
v -3.907684 0.174347 -0.000000
v -3.903397 0.162058 -0.000000
v -3.899110 0.149770 -0.000000
v -3.894831 0.137481 -0.000000
v -3.890568 0.125192 -0.000000
v -3.886329 0.112903 -0.000000
v -3.884988 0.109209 -0.000000
v -3.883666 0.105429 -0.000000
v -3.882381 0.101574 -0.000000
v -3.881152 0.097656 -0.000000
v -3.879997 0.093684 -0.000000
v -3.878937 0.089670 -0.000000
v -3.877988 0.085623 -0.000000
v -3.877169 0.081555 -0.000000
v -3.876500 0.077477 -0.000000
v -3.875999 0.073398 -0.000000
v -3.875685 0.069331 -0.000000
v -3.875576 0.065284 -0.000000
v -3.877256 0.056719 -0.000000
v -3.881973 0.048032 -0.000000
v -3.889245 0.039387 -0.000000
v -3.898589 0.030950 -0.000000
v -3.909523 0.022886 -0.000000
v -3.921563 0.015361 -0.000000
v -3.934227 0.008540 -0.000000
v -3.947033 0.002589 -0.000000
v -3.959497 -0.002328 0.000000
v -3.971138 -0.006045 0.000000
v -3.981471 -0.008396 0.000000
v -3.990016 -0.009217 0.000000
v -3.994292 -0.009088 0.000000
v -3.998308 -0.008697 0.000000
v -4.002089 -0.008041 0.000000
v -4.005661 -0.007112 0.000000
v -4.009052 -0.005905 0.000000
v -4.012289 -0.004416 0.000000
v -4.015398 -0.002639 0.000000
v -4.018405 -0.000569 0.000000
v -4.021338 0.001800 -0.000000
v -4.024222 0.004473 -0.000000
v -4.027085 0.007456 -0.000000
v -4.029954 0.010753 -0.000000
v -4.044125 0.032131 -0.000000
v -4.058770 0.062152 -0.000000
v -4.073565 0.099186 -0.000000
v -4.088184 0.141606 -0.000000
v -4.102301 0.187780 -0.000000
v -4.115592 0.236079 -0.000000
v -4.127730 0.284875 -0.000000
v -4.138391 0.332537 -0.000000
v -4.147249 0.377436 -0.000000
v -4.153979 0.417943 -0.000000
v -4.158256 0.452429 -0.000000
v -3.341014 0.350230 -0.000000
v -3.337558 0.350246 -0.000000
v -3.334102 0.350287 -0.000000
v -3.330646 0.350350 -0.000000
v -3.327189 0.350430 -0.000000
v -3.323733 0.350519 -0.000000
v -3.320277 0.350614 -0.000000
v -3.316821 0.350710 -0.000000
v -3.313365 0.350799 -0.000000
v -3.309909 0.350879 -0.000000
v -3.306453 0.350942 -0.000000
v -3.302997 0.350983 -0.000000
v -3.299539 0.350998 -0.000000
v -3.285501 0.350911 -0.000000
v -3.268835 0.350494 -0.000000
v -3.250276 0.349510 -0.000000
v -3.230557 0.347727 -0.000000
v -3.210412 0.344909 -0.000000
v -3.190573 0.340822 -0.000000
v -3.171773 0.335230 -0.000000
v -3.154748 0.327900 -0.000000
v -3.140229 0.318596 -0.000000
v -3.128951 0.307085 -0.000000
v -3.121646 0.293130 -0.000000
v -3.119048 0.276498 -0.000000
v -3.122478 0.258091 -0.000000
v -3.132090 0.242977 -0.000000
v -3.146865 0.230835 -0.000000
v -3.165785 0.221340 -0.000000
v -3.187830 0.214171 -0.000000
v -3.211982 0.209005 -0.000000
v -3.237221 0.205519 -0.000000
v -3.262531 0.203391 -0.000000
v -3.286890 0.202297 -0.000000
v -3.309282 0.201915 -0.000000
v -3.328687 0.201923 -0.000000
v -3.344086 0.201997 -0.000000
v -3.527650 0.201997 -0.000000
v -3.533233 0.201967 -0.000000
v -3.538844 0.201883 -0.000000
v -3.544475 0.201757 -0.000000
v -3.550122 0.201599 -0.000000
v -3.555781 0.201419 -0.000000
v -3.561444 0.201229 -0.000000
v -3.567107 0.201039 -0.000000
v -3.572766 0.200859 -0.000000
v -3.578413 0.200701 -0.000000
v -3.584044 0.200575 -0.000000
v -3.589655 0.200491 -0.000000
v -3.595238 0.200461 -0.000000
v -3.609816 0.200534 -0.000000
v -3.627631 0.200920 -0.000000
v -3.647825 0.201865 -0.000000
v -3.669540 0.203618 -0.000000
v -3.691915 0.206428 -0.000000
v -3.714094 0.210541 -0.000000
v -3.735216 0.216207 -0.000000
v -3.754423 0.223673 -0.000000
v -3.770857 0.233187 -0.000000
v -3.783659 0.244997 -0.000000
v -3.791970 0.259351 -0.000000
v -3.794931 0.276498 -0.000000
v -3.793912 0.287405 -0.000000
v -3.791002 0.297132 -0.000000
v -3.786422 0.305744 -0.000000
v -3.780395 0.313307 -0.000000
v -3.773141 0.319889 -0.000000
v -3.764881 0.325557 -0.000000
v -3.755838 0.330376 -0.000000
v -3.746231 0.334414 -0.000000
v -3.736284 0.337738 -0.000000
v -3.726216 0.340413 -0.000000
v -3.716249 0.342507 -0.000000
v -3.706605 0.344086 -0.000000
v -3.699294 0.345190 -0.000000
v -3.691956 0.346198 -0.000000
v -3.684596 0.347110 -0.000000
v -3.677220 0.347926 -0.000000
v -3.669834 0.348646 -0.000000
v -3.662442 0.349270 -0.000000
v -3.655051 0.349798 -0.000000
v -3.647665 0.350230 -0.000000
v -3.640289 0.350566 -0.000000
v -3.632930 0.350806 -0.000000
v -3.625591 0.350950 -0.000000
v -3.618280 0.350998 -0.000000
v -3.614808 0.350983 -0.000000
v -3.611310 0.350942 -0.000000
v -3.607791 0.350878 -0.000000
v -3.604256 0.350799 -0.000000
v -3.600710 0.350710 -0.000000
v -3.597158 0.350614 -0.000000
v -3.593607 0.350519 -0.000000
v -3.590061 0.350429 -0.000000
v -3.586526 0.350350 -0.000000
v -3.583007 0.350287 -0.000000
v -3.579509 0.350245 -0.000000
v -3.576037 0.350230 -0.000000
v -2.895545 0.507680 -0.000000
v -2.891033 0.512884 -0.000000
v -2.887993 0.519482 -0.000000
v -2.886041 0.527206 -0.000000
v -2.884793 0.535785 -0.000000
v -2.883864 0.544952 -0.000000
v -2.882872 0.554435 -0.000000
v -2.881432 0.563967 -0.000000
v -2.879160 0.573278 -0.000000
v -2.875672 0.582097 -0.000000
v -2.870584 0.590157 -0.000000
v -2.863511 0.597187 -0.000000
v -2.854071 0.602919 -0.000000
v -2.849644 0.604668 -0.000000
v -2.844516 0.606097 -0.000000
v -2.838818 0.607239 -0.000000
v -2.832679 0.608124 -0.000000
v -2.826231 0.608786 -0.000000
v -2.819604 0.609255 -0.000000
v -2.812930 0.609564 -0.000000
v -2.806338 0.609746 -0.000000
v -2.799959 0.609831 -0.000000
v -2.793924 0.609852 -0.000000
v -2.788364 0.609842 -0.000000
v -2.783410 0.609831 -0.000000
v -2.777351 0.609693 -0.000000
v -2.771161 0.609241 -0.000000
v -2.764965 0.608415 -0.000000
v -2.758890 0.607157 -0.000000
v -2.753060 0.605409 -0.000000
v -2.747600 0.603111 -0.000000
v -2.742637 0.600205 -0.000000
v -2.738295 0.596632 -0.000000
v -2.734699 0.592334 -0.000000
v -2.731976 0.587252 -0.000000
v -2.730250 0.581327 -0.000000
v -2.729647 0.574501 -0.000000
v -2.729749 0.567951 -0.000000
v -2.729953 0.561405 -0.000000
v -2.730103 0.554928 -0.000000
v -2.730045 0.548586 -0.000000
v -2.729625 0.542448 -0.000000
v -2.728687 0.536578 -0.000000
v -2.727077 0.531045 -0.000000
v -2.724640 0.525915 -0.000000
v -2.721222 0.521253 -0.000000
v -2.716668 0.517128 -0.000000
v -2.710823 0.513606 -0.000000
v -2.703533 0.510753 -0.000000
v -2.704301 0.510753 -0.000000
v -2.685841 0.509352 -0.000000
v -2.661973 0.509145 -0.000000
v -2.633881 0.509793 -0.000000
v -2.602748 0.510952 -0.000000
v -2.569759 0.512282 -0.000000
v -2.536098 0.513441 -0.000000
v -2.502949 0.514088 -0.000000
v -2.471497 0.513882 -0.000000
v -2.442924 0.512481 -0.000000
v -2.418416 0.509544 -0.000000
v -2.399156 0.504729 -0.000000
v -2.386329 0.497696 -0.000000
v -2.382134 0.493428 -0.000000
v -2.378374 0.488390 -0.000000
v -2.375036 0.482707 -0.000000
v -2.372106 0.476503 -0.000000
v -2.369570 0.469905 -0.000000
v -2.367415 0.463038 -0.000000
v -2.365629 0.456026 -0.000000
v -2.364197 0.448996 -0.000000
v -2.363107 0.442072 -0.000000
v -2.362345 0.435381 -0.000000
v -2.361897 0.429047 -0.000000
v -2.361751 0.423195 -0.000000
v -2.362694 0.411660 -0.000000
v -2.365392 0.401576 -0.000000
v -2.369648 0.392857 -0.000000
v -2.375263 0.385418 -0.000000
v -2.382041 0.379175 -0.000000
v -2.389785 0.374040 -0.000000
v -2.398296 0.369929 -0.000000
v -2.407379 0.366758 -0.000000
v -2.416834 0.364439 -0.000000
v -2.426466 0.362889 -0.000000
v -2.436076 0.362021 -0.000000
v -2.445468 0.361751 -0.000000
v -2.454407 0.361857 -0.000000
v -2.463532 0.362149 -0.000000
v -2.472806 0.362591 -0.000000
v -2.482193 0.363145 -0.000000
v -2.491654 0.363774 -0.000000
v -2.501152 0.364439 -0.000000
v -2.510650 0.365105 -0.000000
v -2.520112 0.365734 -0.000000
v -2.529498 0.366287 -0.000000
v -2.538772 0.366729 -0.000000
v -2.547897 0.367022 -0.000000
v -2.556836 0.367128 -0.000000
v -2.565844 0.367297 -0.000000
v -2.575077 0.367718 -0.000000
v -2.584342 0.368256 -0.000000
v -2.593446 0.368777 -0.000000
v -2.602199 0.369150 -0.000000
v -2.610407 0.369240 -0.000000
v -2.617880 0.368913 -0.000000
v -2.624424 0.368038 -0.000000
v -2.629848 0.366479 -0.000000
v -2.633960 0.364105 -0.000000
v -2.636569 0.360781 -0.000000
v -2.637481 0.356375 -0.000000
v -2.633549 0.348430 -0.000000
v -2.622603 0.336982 -0.000000
v -2.605919 0.322749 -0.000000
v -2.584770 0.306452 -0.000000
v -2.560431 0.288810 -0.000000
v -2.534178 0.270545 -0.000000
v -2.507285 0.252376 -0.000000
v -2.481026 0.235023 -0.000000
v -2.456677 0.219206 -0.000000
v -2.435512 0.205645 -0.000000
v -2.418806 0.195061 -0.000000
v -2.407834 0.188172 -0.000000
v -2.407834 0.188940 -0.000000
v -2.404371 0.186804 -0.000000
v -2.400929 0.184264 -0.000000
v -2.397561 0.181368 -0.000000
v -2.394322 0.178159 -0.000000
v -2.391264 0.174684 -0.000000
v -2.388441 0.170987 -0.000000
v -2.385905 0.167114 -0.000000
v -2.383711 0.163111 -0.000000
v -2.381912 0.159022 -0.000000
v -2.380561 0.154893 -0.000000
v -2.379711 0.150770 -0.000000
v -2.379416 0.146697 -0.000000
v -2.379508 0.145455 -0.000000
v -2.379768 0.144055 -0.000000
v -2.380172 0.142533 -0.000000
v -2.380697 0.140923 -0.000000
v -2.381317 0.139259 -0.000000
v -2.382009 0.137577 -0.000000
v -2.382749 0.135910 -0.000000
v -2.383513 0.134295 -0.000000
v -2.384277 0.132765 -0.000000
v -2.385017 0.131354 -0.000000
v -2.385709 0.130099 -0.000000
v -2.386329 0.129032 -0.000000
v -2.387334 0.127304 -0.000000
v -2.388420 0.125576 -0.000000
v -2.389569 0.123848 -0.000000
v -2.390766 0.122120 -0.000000
v -2.391996 0.120392 -0.000000
v -2.393241 0.118664 -0.000000
v -2.394487 0.116935 -0.000000
v -2.395716 0.115207 -0.000000
v -2.396914 0.113479 -0.000000
v -2.398063 0.111751 -0.000000
v -2.399149 0.110023 -0.000000
v -2.400154 0.108295 -0.000000
v -2.403354 0.103067 -0.000000
v -2.406814 0.098154 -0.000000
v -2.410534 0.093582 -0.000000
v -2.414519 0.089378 -0.000000
v -2.418771 0.085569 -0.000000
v -2.423291 0.082181 -0.000000
v -2.428084 0.079242 -0.000000
v -2.433151 0.076776 -0.000000
v -2.438496 0.074813 -0.000000
v -2.444121 0.073377 -0.000000
v -2.450028 0.072496 -0.000000
v -2.456221 0.072197 -0.000000
v -2.474446 0.075189 -0.000000
v -2.495968 0.083461 -0.000000
v -2.520017 0.095958 -0.000000
v -2.545827 0.111623 -0.000000
v -2.572629 0.129400 -0.000000
v -2.599654 0.148233 -0.000000
v -2.626136 0.167067 -0.000000
v -2.651306 0.184844 -0.000000
v -2.674395 0.200509 -0.000000
v -2.694636 0.213006 -0.000000
v -2.711262 0.221278 -0.000000
v -2.723502 0.224270 -0.000000
v -2.726119 0.223116 -0.000000
v -2.728242 0.219900 -0.000000
v -2.729923 0.214994 -0.000000
v -2.731211 0.208767 -0.000000
v -2.732158 0.201591 -0.000000
v -2.732815 0.193836 -0.000000
v -2.733231 0.185874 -0.000000
v -2.733459 0.178074 -0.000000
v -2.733547 0.170807 -0.000000
v -2.733547 0.164444 -0.000000
v -2.733510 0.159356 -0.000000
v -2.733487 0.155914 -0.000000
v -2.733502 0.154747 -0.000000
v -2.733544 0.153553 -0.000000
v -2.733607 0.152338 -0.000000
v -2.733686 0.151107 -0.000000
v -2.733776 0.149865 -0.000000
v -2.733871 0.148618 -0.000000
v -2.733966 0.147370 -0.000000
v -2.734056 0.146128 -0.000000
v -2.734135 0.144897 -0.000000
v -2.734198 0.143682 -0.000000
v -2.734240 0.142488 -0.000000
v -2.734255 0.141321 -0.000000
v -2.734215 0.137984 -0.000000
v -2.734063 0.134209 -0.000000
v -2.733751 0.130136 -0.000000
v -2.733231 0.125903 -0.000000
v -2.732455 0.121649 -0.000000
v -2.731375 0.117512 -0.000000
v -2.729943 0.113630 -0.000000
v -2.728110 0.110144 -0.000000
v -2.725830 0.107191 -0.000000
v -2.723054 0.104910 -0.000000
v -2.719734 0.103440 -0.000000
v -2.715822 0.102919 -0.000000
v -2.711997 0.102935 -0.000000
v -2.708198 0.102986 -0.000000
v -2.704421 0.103075 -0.000000
v -2.700660 0.103203 -0.000000
v -2.696909 0.103374 -0.000000
v -2.693164 0.103591 -0.000000
v -2.689419 0.103855 -0.000000
v -2.685669 0.104170 -0.000000
v -2.681908 0.104539 -0.000000
v -2.678131 0.104963 -0.000000
v -2.674332 0.105446 -0.000000
v -2.670507 0.105991 -0.000000
v -2.668794 0.106182 -0.000000
v -2.667108 0.106371 -0.000000
v -2.665443 0.106555 -0.000000
v -2.663794 0.106730 -0.000000
v -2.662155 0.106895 -0.000000
v -2.660522 0.107047 -0.000000
v -2.658890 0.107182 -0.000000
v -2.657251 0.107299 -0.000000
v -2.655602 0.107395 -0.000000
v -2.653937 0.107466 -0.000000
v -2.652251 0.107511 -0.000000
v -2.650538 0.107527 -0.000000
v -2.640313 0.106946 -0.000000
v -2.631468 0.105248 -0.000000
v -2.623908 0.102499 -0.000000
v -2.617540 0.098765 -0.000000
v -2.612271 0.094115 -0.000000
v -2.608007 0.088614 -0.000000
v -2.604655 0.082328 -0.000000
v -2.602122 0.075326 -0.000000
v -2.600314 0.067672 -0.000000
v -2.599139 0.059435 -0.000000
v -2.598502 0.050680 -0.000000
v -2.598310 0.041475 -0.000000
v -2.598912 0.029451 -0.000000
v -2.600696 0.018696 -0.000000
v -2.603626 0.009169 -0.000000
v -2.607669 0.000825 -0.000000
v -2.612789 -0.006377 0.000000
v -2.618951 -0.012481 0.000000
v -2.626122 -0.017528 0.000000
v -2.634266 -0.021562 0.000000
v -2.643349 -0.024626 0.000000
v -2.653336 -0.026761 0.000000
v -2.664192 -0.028011 0.000000
v -2.675883 -0.028418 0.000000
v -2.688530 -0.028459 0.000000
v -2.703131 -0.028492 0.000000
v -2.719242 -0.028382 0.000000
v -2.736417 -0.027991 0.000000
v -2.754211 -0.027184 0.000000
v -2.772178 -0.025826 0.000000
v -2.789873 -0.023779 0.000000
v -2.806850 -0.020908 0.000000
v -2.822665 -0.017077 0.000000
v -2.836872 -0.012150 0.000000
v -2.849025 -0.005991 0.000000
v -2.858679 0.001536 -0.000000
v -2.861434 0.004555 -0.000000
v -2.863949 0.007826 -0.000000
v -2.866240 0.011317 -0.000000
v -2.868322 0.014991 -0.000000
v -2.870213 0.018815 -0.000000
v -2.871928 0.022753 -0.000000
v -2.873482 0.026772 -0.000000
v -2.874893 0.030836 -0.000000
v -2.876176 0.034910 -0.000000
v -2.877347 0.038961 -0.000000
v -2.878421 0.042953 -0.000000
v -2.879416 0.046851 -0.000000
v -2.882123 0.059923 -0.000000
v -2.884497 0.073025 -0.000000
v -2.886557 0.086154 -0.000000
v -2.888320 0.099306 -0.000000
v -2.889806 0.112480 -0.000000
v -2.891033 0.125672 -0.000000
v -2.892020 0.138880 -0.000000
v -2.892786 0.152102 -0.000000
v -2.893349 0.165335 -0.000000
v -2.893728 0.178575 -0.000000
v -2.893942 0.191821 -0.000000
v -2.894009 0.205069 -0.000000
v -2.894008 0.211406 -0.000000
v -2.894002 0.217742 -0.000000
v -2.893985 0.224078 -0.000000
v -2.893952 0.230415 -0.000000
v -2.893898 0.236751 -0.000000
v -2.893817 0.243088 -0.000000
v -2.893704 0.249424 -0.000000
v -2.893554 0.255760 -0.000000
v -2.893361 0.262097 -0.000000
v -2.893121 0.268433 -0.000000
v -2.892826 0.274770 -0.000000
v -2.892473 0.281106 -0.000000
v -2.892297 0.282849 -0.000000
v -2.892150 0.284619 -0.000000
v -2.892029 0.286410 -0.000000
v -2.891933 0.288218 -0.000000
v -2.891858 0.290035 -0.000000
v -2.891801 0.291859 -0.000000
v -2.891761 0.293682 -0.000000
v -2.891733 0.295500 -0.000000
v -2.891717 0.297307 -0.000000
v -2.891709 0.299098 -0.000000
v -2.891706 0.300868 -0.000000
v -2.891705 0.302611 -0.000000
v -2.891927 0.312260 -0.000000
v -2.892651 0.321560 -0.000000
v -2.893961 0.330417 -0.000000
v -2.895944 0.338738 -0.000000
v -2.898683 0.346430 -0.000000
v -2.902266 0.353399 -0.000000
v -2.906776 0.359551 -0.000000
v -2.912300 0.364795 -0.000000
v -2.918923 0.369036 -0.000000
v -2.926730 0.372180 -0.000000
v -2.935806 0.374136 -0.000000
v -2.946237 0.374808 -0.000000
v -2.949102 0.374793 -0.000000
v -2.951940 0.374751 -0.000000
v -2.954757 0.374688 -0.000000
v -2.957558 0.374609 -0.000000
v -2.960349 0.374519 -0.000000
v -2.963134 0.374424 -0.000000
v -2.965919 0.374329 -0.000000
v -2.968709 0.374239 -0.000000
v -2.971510 0.374160 -0.000000
v -2.974327 0.374097 -0.000000
v -2.977166 0.374055 -0.000000
v -2.980031 0.374040 -0.000000
v -2.986529 0.374209 -0.000000
v -2.992910 0.374751 -0.000000
v -2.999088 0.375720 -0.000000
v -3.004978 0.377169 -0.000000
v -3.010495 0.379151 -0.000000
v -3.015553 0.381720 -0.000000
v -3.020067 0.384930 -0.000000
v -3.023952 0.388832 -0.000000
v -3.027122 0.393481 -0.000000
v -3.029491 0.398930 -0.000000
v -3.030976 0.405233 -0.000000
v -3.031490 0.412442 -0.000000
v -3.030179 0.440058 -0.000000
v -3.026377 0.460940 -0.000000
v -3.020281 0.476034 -0.000000
v -3.012090 0.486289 -0.000000
v -3.001999 0.492650 -0.000000
v -2.990207 0.496064 -0.000000
v -2.976912 0.497478 -0.000000
v -2.962309 0.497838 -0.000000
v -2.946597 0.498092 -0.000000
v -2.929973 0.499186 -0.000000
v -2.912634 0.502066 -0.000000
v -2.894777 0.507680 -0.000000
v -2.038403 0.173579 -0.000000
v -2.031793 0.169370 -0.000000
v -2.022647 0.165568 -0.000000
v -2.011437 0.162166 -0.000000
v -1.998635 0.159157 -0.000000
v -1.984713 0.156531 -0.000000
v -1.970142 0.154282 -0.000000
v -1.955396 0.152400 -0.000000
v -1.940946 0.150879 -0.000000
v -1.927263 0.149710 -0.000000
v -1.914821 0.148884 -0.000000
v -1.904091 0.148395 -0.000000
v -1.895545 0.148233 -0.000000
v -1.889420 0.148310 -0.000000
v -1.883729 0.148593 -0.000000
v -1.878492 0.149158 -0.000000
v -1.873727 0.150082 -0.000000
v -1.869453 0.151445 -0.000000
v -1.865687 0.153322 -0.000000
v -1.862450 0.155791 -0.000000
v -1.859760 0.158929 -0.000000
v -1.857635 0.162814 -0.000000
v -1.856094 0.167524 -0.000000
v -1.855156 0.173134 -0.000000
v -1.854839 0.179724 -0.000000
v -1.854949 0.186443 -0.000000
v -1.855273 0.193157 -0.000000
v -1.855799 0.199861 -0.000000
v -1.856517 0.206548 -0.000000
v -1.857417 0.213215 -0.000000
v -1.858487 0.219854 -0.000000
v -1.859717 0.226462 -0.000000
v -1.861097 0.233032 -0.000000
v -1.862615 0.239559 -0.000000
v -1.864262 0.246039 -0.000000
v -1.866025 0.252465 -0.000000
v -1.867896 0.258833 -0.000000
v -1.874449 0.279607 -0.000000
v -1.881664 0.300794 -0.000000
v -1.889305 0.322329 -0.000000
v -1.897138 0.344143 -0.000000
v -1.904929 0.366171 -0.000000
v -1.912442 0.388345 -0.000000
v -1.919444 0.410599 -0.000000
v -1.925698 0.432867 -0.000000
v -1.930972 0.455081 -0.000000
v -1.935029 0.477175 -0.000000
v -1.937635 0.499083 -0.000000
v -1.938556 0.520737 -0.000000
v -1.937699 0.533563 -0.000000
v -1.935217 0.544490 -0.000000
v -1.931248 0.553667 -0.000000
v -1.925926 0.561245 -0.000000
v -1.919388 0.567371 -0.000000
v -1.911770 0.572197 -0.000000
v -1.903209 0.575870 -0.000000
v -1.893839 0.578540 -0.000000
v -1.883797 0.580357 -0.000000
v -1.873219 0.581470 -0.000000
v -1.862241 0.582028 -0.000000
v -1.850999 0.582181 -0.000000
v -1.846999 0.582084 -0.000000
v -1.843066 0.581790 -0.000000
v -1.839202 0.581293 -0.000000
v -1.835410 0.580588 -0.000000
v -1.831693 0.579670 -0.000000
v -1.828053 0.578533 -0.000000
v -1.824493 0.577172 -0.000000
v -1.821016 0.575582 -0.000000
v -1.817624 0.573757 -0.000000
v -1.814320 0.571692 -0.000000
v -1.811107 0.569381 -0.000000
v -1.807988 0.566820 -0.000000
v -1.798017 0.553881 -0.000000
v -1.786404 0.531920 -0.000000
v -1.773522 0.502604 -0.000000
v -1.759743 0.467600 -0.000000
v -1.745442 0.428574 -0.000000
v -1.730991 0.387193 -0.000000
v -1.716764 0.345124 -0.000000
v -1.703135 0.304034 -0.000000
v -1.690476 0.265589 -0.000000
v -1.679162 0.231457 -0.000000
v -1.669565 0.203303 -0.000000
v -1.662058 0.182796 -0.000000
v -1.660665 0.179282 -0.000000
v -1.659164 0.175681 -0.000000
v -1.657546 0.172031 -0.000000
v -1.655800 0.168373 -0.000000
v -1.653916 0.164748 -0.000000
v -1.651882 0.161194 -0.000000
v -1.649688 0.157753 -0.000000
v -1.647323 0.154463 -0.000000
v -1.644777 0.151366 -0.000000
v -1.642039 0.148500 -0.000000
v -1.639099 0.145907 -0.000000
v -1.635945 0.143625 -0.000000
v -1.631457 0.141005 -0.000000
v -1.627180 0.138857 -0.000000
v -1.623068 0.137109 -0.000000
v -1.619076 0.135689 -0.000000
v -1.615159 0.134525 -0.000000
v -1.611271 0.133545 -0.000000
v -1.607368 0.132676 -0.000000
v -1.603402 0.131848 -0.000000
v -1.599331 0.130988 -0.000000
v -1.595107 0.130024 -0.000000
v -1.590685 0.128884 -0.000000
v -1.586022 0.127496 -0.000000
v -1.584065 0.126781 -0.000000
v -1.582405 0.125807 -0.000000
v -1.581017 0.124604 -0.000000
v -1.579877 0.123201 -0.000000
v -1.578961 0.121627 -0.000000
v -1.578245 0.119912 -0.000000
v -1.577705 0.118084 -0.000000
v -1.577317 0.116175 -0.000000
v -1.577057 0.114211 -0.000000
v -1.576901 0.112224 -0.000000
v -1.576825 0.110242 -0.000000
v -1.576805 0.108295 -0.000000
v -1.577838 0.084882 -0.000000
v -1.580908 0.065128 -0.000000
v -1.585974 0.048723 -0.000000
v -1.592991 0.035359 -0.000000
v -1.601918 0.024725 -0.000000
v -1.612711 0.016513 -0.000000
v -1.625329 0.010413 -0.000000
v -1.639728 0.006116 -0.000000
v -1.655866 0.003312 -0.000000
v -1.673700 0.001693 -0.000000
v -1.693188 0.000948 -0.000000
v -1.714286 0.000768 -0.000000
v -1.737696 0.001029 -0.000000
v -1.761076 0.001771 -0.000000
v -1.784430 0.002928 -0.000000
v -1.807760 0.004438 -0.000000
v -1.831069 0.006235 -0.000000
v -1.854359 0.008257 -0.000000
v -1.877633 0.010438 -0.000000
v -1.900893 0.012715 -0.000000
v -1.924143 0.015025 -0.000000
v -1.947385 0.017302 -0.000000
v -1.970622 0.019484 -0.000000
v -1.993856 0.021505 -0.000000
v -2.002304 0.022347 -0.000000
v -2.010753 0.023312 -0.000000
v -2.019202 0.024362 -0.000000
v -2.027650 0.025459 -0.000000
v -2.036099 0.026568 -0.000000
v -2.044547 0.027650 -0.000000
v -2.052996 0.028668 -0.000000
v -2.061445 0.029584 -0.000000
v -2.069893 0.030362 -0.000000
v -2.078342 0.030964 -0.000000
v -2.086790 0.031352 -0.000000
v -2.095238 0.031490 -0.000000
v -2.100057 0.030462 -0.000000
v -2.103576 0.027621 -0.000000
v -2.106099 0.023329 -0.000000
v -2.107925 0.017950 -0.000000
v -2.109357 0.011844 -0.000000
v -2.110695 0.005376 -0.000000
v -2.112242 -0.001092 0.000000
v -2.114297 -0.007197 0.000000
v -2.117164 -0.012577 0.000000
v -2.121142 -0.016869 0.000000
v -2.126534 -0.019710 0.000000
v -2.133641 -0.020737 0.000000
v -2.143571 -0.019823 0.000000
v -2.155352 -0.017196 0.000000
v -2.168467 -0.013033 0.000000
v -2.182398 -0.007510 0.000000
v -2.196627 -0.000803 0.000000
v -2.210638 0.006912 -0.000000
v -2.223912 0.015460 -0.000000
v -2.235934 0.024663 -0.000000
v -2.246184 0.034346 -0.000000
v -2.254146 0.044333 -0.000000
v -2.259303 0.054449 -0.000000
v -2.261137 0.064516 -0.000000
v -2.259547 0.079173 -0.000000
v -2.255078 0.097990 -0.000000
v -2.248176 0.120104 -0.000000
v -2.239290 0.144649 -0.000000
v -2.228868 0.170763 -0.000000
v -2.217358 0.197581 -0.000000
v -2.205208 0.224238 -0.000000
v -2.192866 0.249872 -0.000000
v -2.180779 0.273618 -0.000000
v -2.169397 0.294611 -0.000000
v -2.159167 0.311988 -0.000000
v -2.150538 0.324885 -0.000000
v -2.148985 0.326996 -0.000000
v -2.147398 0.329098 -0.000000
v -2.145773 0.331185 -0.000000
v -2.144109 0.333248 -0.000000
v -2.142401 0.335279 -0.000000
v -2.140649 0.337270 -0.000000
v -2.138848 0.339212 -0.000000
v -2.136997 0.341099 -0.000000
v -2.135092 0.342922 -0.000000
v -2.133132 0.344673 -0.000000
v -2.131113 0.346343 -0.000000
v -2.129032 0.347926 -0.000000
v -2.126889 0.349398 -0.000000
v -2.124684 0.350742 -0.000000
v -2.122420 0.351959 -0.000000
v -2.120100 0.353047 -0.000000
v -2.117727 0.354007 -0.000000
v -2.115303 0.354839 -0.000000
v -2.112832 0.355543 -0.000000
v -2.110315 0.356119 -0.000000
v -2.107755 0.356567 -0.000000
v -2.105155 0.356887 -0.000000
v -2.102518 0.357079 -0.000000
v -2.099846 0.357143 -0.000000
v -2.091529 0.356563 -0.000000
v -2.081822 0.354871 -0.000000
v -2.071129 0.352139 -0.000000
v -2.059851 0.348438 -0.000000
v -2.048392 0.343842 -0.000000
v -2.037154 0.338422 -0.000000
v -2.026541 0.332249 -0.000000
v -2.016954 0.325397 -0.000000
v -2.008797 0.317936 -0.000000
v -2.002471 0.309940 -0.000000
v -1.998381 0.301479 -0.000000
v -1.996928 0.292627 -0.000000
v -1.997744 0.282747 -0.000000
v -2.000000 0.273045 -0.000000
v -2.003408 0.263477 -0.000000
v -2.007680 0.253997 -0.000000
v -2.012529 0.244559 -0.000000
v -2.017665 0.235119 -0.000000
v -2.022801 0.225631 -0.000000
v -2.027649 0.216049 -0.000000
v -2.031922 0.206329 -0.000000
v -2.035330 0.196425 -0.000000
v -2.037586 0.186291 -0.000000
v -2.038403 0.175883 -0.000000
v -1.036866 0.350230 -0.000000
v -1.033410 0.350246 -0.000000
v -1.029954 0.350287 -0.000000
v -1.026498 0.350350 -0.000000
v -1.023041 0.350430 -0.000000
v -1.019585 0.350519 -0.000000
v -1.016129 0.350614 -0.000000
v -1.012673 0.350710 -0.000000
v -1.009217 0.350799 -0.000000
v -1.005760 0.350879 -0.000000
v -1.002304 0.350942 -0.000000
v -0.998848 0.350983 -0.000000
v -0.995392 0.350998 -0.000000
v -0.981353 0.350911 -0.000000
v -0.964688 0.350494 -0.000000
v -0.946129 0.349510 -0.000000
v -0.926409 0.347727 -0.000000
v -0.906264 0.344909 -0.000000
v -0.886425 0.340822 -0.000000
v -0.867626 0.335230 -0.000000
v -0.850600 0.327900 -0.000000
v -0.836081 0.318596 -0.000000
v -0.824803 0.307085 -0.000000
v -0.817498 0.293130 -0.000000
v -0.814900 0.276498 -0.000000
v -0.818331 0.258091 -0.000000
v -0.827943 0.242977 -0.000000
v -0.842718 0.230835 -0.000000
v -0.861637 0.221340 -0.000000
v -0.883682 0.214171 -0.000000
v -0.907834 0.209005 -0.000000
v -0.933074 0.205519 -0.000000
v -0.958383 0.203391 -0.000000
v -0.982743 0.202297 -0.000000
v -1.005135 0.201915 -0.000000
v -1.024539 0.201923 -0.000000
v -1.039939 0.201997 -0.000000
v -1.223502 0.201997 -0.000000
v -1.229086 0.201967 -0.000000
v -1.234696 0.201883 -0.000000
v -1.240327 0.201757 -0.000000
v -1.245975 0.201599 -0.000000
v -1.251633 0.201419 -0.000000
v -1.257296 0.201229 -0.000000
v -1.262960 0.201039 -0.000000
v -1.268618 0.200859 -0.000000
v -1.274266 0.200701 -0.000000
v -1.279897 0.200575 -0.000000
v -1.285507 0.200491 -0.000000
v -1.291091 0.200461 -0.000000
v -1.305668 0.200534 -0.000000
v -1.323484 0.200920 -0.000000
v -1.343678 0.201865 -0.000000
v -1.365392 0.203618 -0.000000
v -1.387768 0.206428 -0.000000
v -1.409946 0.210541 -0.000000
v -1.431069 0.216207 -0.000000
v -1.450276 0.223673 -0.000000
v -1.466710 0.233187 -0.000000
v -1.479512 0.244997 -0.000000
v -1.487823 0.259351 -0.000000
v -1.490783 0.276498 -0.000000
v -1.489764 0.287405 -0.000000
v -1.486854 0.297132 -0.000000
v -1.482275 0.305744 -0.000000
v -1.476247 0.313307 -0.000000
v -1.468993 0.319889 -0.000000
v -1.460734 0.325557 -0.000000
v -1.451690 0.330376 -0.000000
v -1.442083 0.334414 -0.000000
v -1.432136 0.337738 -0.000000
v -1.422068 0.340413 -0.000000
v -1.412102 0.342507 -0.000000
v -1.402458 0.344086 -0.000000
v -1.395146 0.345190 -0.000000
v -1.387808 0.346198 -0.000000
v -1.380448 0.347110 -0.000000
v -1.373073 0.347926 -0.000000
v -1.365686 0.348646 -0.000000
v -1.358295 0.349270 -0.000000
v -1.350903 0.349798 -0.000000
v -1.343517 0.350230 -0.000000
v -1.336141 0.350566 -0.000000
v -1.328782 0.350806 -0.000000
v -1.321444 0.350950 -0.000000
v -1.314132 0.350998 -0.000000
v -1.310661 0.350983 -0.000000
v -1.307163 0.350942 -0.000000
v -1.303644 0.350878 -0.000000
v -1.300108 0.350799 -0.000000
v -1.296562 0.350710 -0.000000
v -1.293011 0.350614 -0.000000
v -1.289459 0.350519 -0.000000
v -1.285913 0.350429 -0.000000
v -1.282378 0.350350 -0.000000
v -1.278859 0.350287 -0.000000
v -1.275361 0.350245 -0.000000
v -1.271889 0.350230 -0.000000
v -0.529954 0.200461 -0.000000
v -0.534279 0.211421 -0.000000
v -0.538438 0.222411 -0.000000
v -0.542459 0.233427 -0.000000
v -0.546367 0.244467 -0.000000
v -0.550191 0.255529 -0.000000
v -0.553955 0.266609 -0.000000
v -0.557688 0.277705 -0.000000
v -0.561415 0.288815 -0.000000
v -0.565164 0.299935 -0.000000
v -0.568961 0.311063 -0.000000
v -0.572832 0.322197 -0.000000
v -0.576805 0.333333 -0.000000
v -0.577637 0.335417 -0.000000
v -0.578597 0.337775 -0.000000
v -0.579685 0.340330 -0.000000
v -0.580901 0.343005 -0.000000
v -0.582245 0.345723 -0.000000
v -0.583717 0.348406 -0.000000
v -0.585317 0.350978 -0.000000
v -0.587046 0.353360 -0.000000
v -0.588902 0.355475 -0.000000
v -0.590886 0.357246 -0.000000
v -0.592998 0.358596 -0.000000
v -0.595238 0.359447 -0.000000
v -0.597159 0.359976 -0.000000
v -0.599082 0.360418 -0.000000
v -0.601011 0.360779 -0.000000
v -0.602947 0.361068 -0.000000
v -0.604894 0.361294 -0.000000
v -0.606855 0.361463 -0.000000
v -0.608831 0.361584 -0.000000
v -0.610827 0.361666 -0.000000
v -0.612843 0.361715 -0.000000
v -0.614884 0.361740 -0.000000
v -0.616951 0.361750 -0.000000
v -0.619048 0.361751 -0.000000
v -0.622120 0.361736 -0.000000
v -0.625196 0.361694 -0.000000
v -0.628276 0.361631 -0.000000
v -0.631365 0.361552 -0.000000
v -0.634464 0.361462 -0.000000
v -0.637577 0.361367 -0.000000
v -0.640705 0.361272 -0.000000
v -0.643853 0.361182 -0.000000
v -0.647021 0.361103 -0.000000
v -0.650214 0.361040 -0.000000
v -0.653433 0.360998 -0.000000
v -0.656682 0.360983 -0.000000
v -0.663594 0.361184 -0.000000
v -0.670436 0.361819 -0.000000
v -0.677107 0.362939 -0.000000
v -0.683507 0.364596 -0.000000
v -0.689533 0.366839 -0.000000
v -0.695084 0.369720 -0.000000
v -0.700060 0.373288 -0.000000
v -0.704358 0.377596 -0.000000
v -0.707877 0.382692 -0.000000
v -0.710517 0.388629 -0.000000
v -0.712174 0.395457 -0.000000
v -0.712750 0.403226 -0.000000
v -0.712704 0.407627 -0.000000
v -0.712579 0.412001 -0.000000
v -0.712390 0.416355 -0.000000
v -0.712152 0.420692 -0.000000
v -0.711883 0.425018 -0.000000
v -0.711598 0.429339 -0.000000
v -0.711312 0.433661 -0.000000
v -0.711043 0.437987 -0.000000
v -0.710805 0.442324 -0.000000
v -0.710616 0.446677 -0.000000
v -0.710491 0.451052 -0.000000
v -0.710445 0.455453 -0.000000
v -0.711371 0.466694 -0.000000
v -0.713944 0.475358 -0.000000
v -0.717862 0.481879 -0.000000
v -0.722820 0.486687 -0.000000
v -0.728513 0.490215 -0.000000
v -0.734639 0.492896 -0.000000
v -0.740893 0.495160 -0.000000
v -0.746970 0.497440 -0.000000
v -0.752568 0.500168 -0.000000
v -0.757382 0.503776 -0.000000
v -0.761107 0.508697 -0.000000
v -0.763441 0.515361 -0.000000
v -0.762161 0.521389 -0.000000
v -0.758577 0.529538 -0.000000
v -0.753072 0.539302 -0.000000
v -0.746032 0.550179 -0.000000
v -0.737839 0.561664 -0.000000
v -0.728879 0.573253 -0.000000
v -0.719534 0.584441 -0.000000
v -0.710190 0.594726 -0.000000
v -0.701229 0.603603 -0.000000
v -0.693036 0.610567 -0.000000
v -0.685996 0.615115 -0.000000
v -0.680492 0.616743 -0.000000
v -0.675445 0.616413 -0.000000
v -0.670013 0.615446 -0.000000
v -0.664351 0.613875 -0.000000
v -0.658616 0.611737 -0.000000
v -0.652968 0.609065 -0.000000
v -0.647561 0.605895 -0.000000
v -0.642555 0.602260 -0.000000
v -0.638107 0.598196 -0.000000
v -0.634373 0.593738 -0.000000
v -0.631511 0.588919 -0.000000
v -0.629678 0.583776 -0.000000
v -0.629032 0.578341 -0.000000
v -0.629412 0.573238 -0.000000
v -0.630472 0.568627 -0.000000
v -0.632092 0.564420 -0.000000
v -0.634153 0.560534 -0.000000
v -0.636533 0.556882 -0.000000
v -0.639113 0.553379 -0.000000
v -0.641773 0.549941 -0.000000
v -0.644393 0.546481 -0.000000
v -0.646853 0.542915 -0.000000
v -0.649034 0.539156 -0.000000
v -0.650814 0.535120 -0.000000
v -0.652074 0.530722 -0.000000
v -0.653603 0.527721 -0.000000
v -0.655413 0.524830 -0.000000
v -0.657366 0.521997 -0.000000
v -0.659328 0.519173 -0.000000
v -0.661161 0.516306 -0.000000
v -0.662730 0.513345 -0.000000
v -0.663900 0.510240 -0.000000
v -0.664533 0.506941 -0.000000
v -0.664495 0.503396 -0.000000
v -0.663648 0.499556 -0.000000
v -0.661857 0.495368 -0.000000
v -0.658986 0.490783 -0.000000
v -0.654746 0.490883 -0.000000
v -0.650861 0.491519 -0.000000
v -0.647333 0.492620 -0.000000
v -0.644166 0.494112 -0.000000
v -0.641361 0.495924 -0.000000
v -0.638921 0.497984 -0.000000
v -0.636849 0.500220 -0.000000
v -0.635148 0.502560 -0.000000
v -0.633821 0.504932 -0.000000
v -0.632869 0.507264 -0.000000
v -0.632296 0.509485 -0.000000
v -0.632104 0.511521 -0.000000
v -0.631615 0.517066 -0.000000
v -0.630234 0.523241 -0.000000
v -0.628096 0.529906 -0.000000
v -0.625334 0.536923 -0.000000
v -0.622082 0.544154 -0.000000
v -0.618472 0.551459 -0.000000
v -0.614638 0.558701 -0.000000
v -0.610713 0.565739 -0.000000
v -0.606831 0.572437 -0.000000
v -0.603125 0.578654 -0.000000
v -0.599728 0.584252 -0.000000
v -0.596774 0.589094 -0.000000
v -0.594409 0.592744 -0.000000
v -0.592255 0.596020 -0.000000
v -0.590234 0.598934 -0.000000
v -0.588269 0.601496 -0.000000
v -0.586282 0.603717 -0.000000
v -0.584197 0.605607 -0.000000
v -0.581936 0.607177 -0.000000
v -0.579422 0.608437 -0.000000
v -0.576577 0.609399 -0.000000
v -0.573324 0.610073 -0.000000
v -0.569585 0.610469 -0.000000
v -0.565284 0.610599 -0.000000
v -0.559840 0.610238 -0.000000
v -0.553987 0.609180 -0.000000
v -0.547895 0.607467 -0.000000
v -0.541731 0.605137 -0.000000
v -0.535662 0.602232 -0.000000
v -0.529858 0.598790 -0.000000
v -0.524486 0.594853 -0.000000
v -0.519713 0.590459 -0.000000
v -0.515709 0.585649 -0.000000
v -0.512641 0.580464 -0.000000
v -0.510677 0.574942 -0.000000
v -0.509985 0.569124 -0.000000
v -0.511966 0.565437 -0.000000
v -0.514376 0.561003 -0.000000
v -0.517101 0.555972 -0.000000
v -0.520026 0.550492 -0.000000
v -0.523037 0.544714 -0.000000
v -0.526018 0.538787 -0.000000
v -0.528855 0.532859 -0.000000
v -0.531433 0.527081 -0.000000
v -0.533638 0.521601 -0.000000
v -0.535355 0.516570 -0.000000
v -0.536469 0.512136 -0.000000
v -0.536866 0.508449 -0.000000
v -0.536121 0.505771 -0.000000
v -0.534040 0.503481 -0.000000
v -0.530854 0.501548 -0.000000
v -0.526796 0.499943 -0.000000
v -0.522099 0.498637 -0.000000
v -0.516993 0.497600 -0.000000
v -0.511711 0.496803 -0.000000
v -0.506486 0.496217 -0.000000
v -0.501548 0.495812 -0.000000
v -0.497131 0.495559 -0.000000
v -0.493465 0.495429 -0.000000
v -0.490783 0.495392 -0.000000
v -0.455322 0.495421 -0.000000
v -0.424063 0.495566 -0.000000
v -0.396793 0.495908 -0.000000
v -0.373300 0.496530 -0.000000
v -0.353370 0.497514 -0.000000
v -0.336790 0.498944 -0.000000
v -0.323345 0.500902 -0.000000
v -0.312824 0.503470 -0.000000
v -0.305012 0.506732 -0.000000
v -0.299696 0.510770 -0.000000
v -0.296663 0.515667 -0.000000
v -0.295699 0.521505 -0.000000
v -0.295805 0.524724 -0.000000
v -0.296097 0.527863 -0.000000
v -0.296539 0.530938 -0.000000
v -0.297093 0.533965 -0.000000
v -0.297721 0.536960 -0.000000
v -0.298387 0.539939 -0.000000
v -0.299053 0.542917 -0.000000
v -0.299681 0.545912 -0.000000
v -0.300235 0.548939 -0.000000
v -0.300677 0.552014 -0.000000
v -0.300970 0.555153 -0.000000
v -0.301075 0.558372 -0.000000
v -0.300609 0.564376 -0.000000
v -0.299265 0.569732 -0.000000
v -0.297127 0.574465 -0.000000
v -0.294277 0.578597 -0.000000
v -0.290797 0.582153 -0.000000
v -0.286770 0.585158 -0.000000
v -0.282280 0.587634 -0.000000
v -0.277408 0.589606 -0.000000
v -0.272237 0.591098 -0.000000
v -0.266851 0.592134 -0.000000
v -0.261331 0.592738 -0.000000
v -0.255760 0.592934 -0.000000
v -0.250945 0.592947 -0.000000
v -0.246103 0.592973 -0.000000
v -0.241239 0.592994 -0.000000
v -0.236360 0.592991 -0.000000
v -0.231470 0.592945 -0.000000
v -0.226574 0.592838 -0.000000
v -0.221679 0.592651 -0.000000
v -0.216789 0.592365 -0.000000
v -0.211910 0.591962 -0.000000
v -0.207046 0.591423 -0.000000
v -0.202204 0.590729 -0.000000
v -0.197389 0.589862 -0.000000
v -0.194349 0.589206 -0.000000
v -0.191376 0.588390 -0.000000
v -0.188472 0.587414 -0.000000
v -0.185640 0.586277 -0.000000
v -0.182883 0.584981 -0.000000
v -0.180204 0.583525 -0.000000
v -0.177604 0.581909 -0.000000
v -0.175087 0.580133 -0.000000
v -0.172655 0.578197 -0.000000
v -0.170311 0.576101 -0.000000
v -0.168058 0.573845 -0.000000
v -0.165899 0.571429 -0.000000
v -0.162051 0.565944 -0.000000
v -0.157198 0.557892 -0.000000
v -0.151582 0.547775 -0.000000
v -0.145446 0.536098 -0.000000
v -0.139032 0.523366 -0.000000
v -0.132584 0.510081 -0.000000
v -0.126345 0.496748 -0.000000
v -0.120555 0.483871 -0.000000
v -0.115459 0.471954 -0.000000
v -0.111300 0.461502 -0.000000
v -0.108318 0.453017 -0.000000
v -0.106759 0.447005 -0.000000
v -0.106759 0.447773 -0.000000
v -0.104099 0.441821 -0.000000
v -0.101482 0.435875 -0.000000
v -0.098886 0.429940 -0.000000
v -0.096291 0.424020 -0.000000
v -0.093674 0.418122 -0.000000
v -0.091014 0.412250 -0.000000
v -0.088290 0.406411 -0.000000
v -0.085481 0.400609 -0.000000
v -0.082565 0.394849 -0.000000
v -0.079522 0.389138 -0.000000
v -0.076328 0.383480 -0.000000
v -0.072965 0.377880 -0.000000
v -0.072965 0.378648 -0.000000
v -0.069496 0.372726 -0.000000
v -0.065700 0.365833 -0.000000
v -0.061696 0.358151 -0.000000
v -0.057604 0.349861 -0.000000
v -0.053543 0.341144 -0.000000
v -0.049635 0.332181 -0.000000
v -0.045999 0.323155 -0.000000
v -0.042755 0.314246 -0.000000
v -0.040023 0.305636 -0.000000
v -0.037922 0.297505 -0.000000
v -0.036574 0.290036 -0.000000
v -0.036098 0.283410 -0.000000
v -0.038060 0.276786 -0.000000
v -0.043537 0.269717 -0.000000
v -0.051915 0.262397 -0.000000
v -0.062582 0.255021 -0.000000
v -0.074923 0.247783 -0.000000
v -0.088326 0.240879 -0.000000
v -0.102176 0.234503 -0.000000
v -0.115862 0.228850 -0.000000
v -0.128768 0.224114 -0.000000
v -0.140283 0.220491 -0.000000
v -0.149792 0.218174 -0.000000
v -0.156682 0.217358 -0.000000
v -0.170338 0.219815 -0.000000
v -0.181640 0.226646 -0.000000
v -0.191016 0.237039 -0.000000
v -0.198896 0.250185 -0.000000
v -0.205710 0.265272 -0.000000
v -0.211886 0.281490 -0.000000
v -0.217853 0.298028 -0.000000
v -0.224043 0.314075 -0.000000
v -0.230883 0.328821 -0.000000
v -0.238803 0.341455 -0.000000
v -0.248232 0.351166 -0.000000
v -0.259601 0.357143 -0.000000
v -0.264624 0.358524 -0.000000
v -0.269703 0.359618 -0.000000
v -0.274830 0.360455 -0.000000
v -0.279997 0.361068 -0.000000
v -0.285196 0.361490 -0.000000
v -0.290419 0.361751 -0.000000
v -0.295658 0.361884 -0.000000
v -0.300905 0.361922 -0.000000
v -0.306152 0.361895 -0.000000
v -0.311391 0.361836 -0.000000
v -0.316614 0.361778 -0.000000
v -0.321813 0.361751 -0.000000
v -0.329082 0.361699 -0.000000
v -0.336573 0.361463 -0.000000
v -0.344122 0.360923 -0.000000
v -0.351567 0.359959 -0.000000
v -0.358746 0.358451 -0.000000
v -0.365495 0.356279 -0.000000
v -0.371653 0.353323 -0.000000
v -0.377055 0.349462 -0.000000
v -0.381540 0.344578 -0.000000
v -0.384946 0.338550 -0.000000
v -0.387108 0.331257 -0.000000
v -0.387865 0.322581 -0.000000
v -0.387387 0.306132 -0.000000
v -0.385898 0.289878 -0.000000
v -0.383317 0.273918 -0.000000
v -0.379559 0.258349 -0.000000
v -0.374542 0.243271 -0.000000
v -0.368184 0.228783 -0.000000
v -0.360401 0.214982 -0.000000
v -0.351112 0.201968 -0.000000
v -0.340234 0.189840 -0.000000
v -0.327683 0.178696 -0.000000
v -0.313378 0.168634 -0.000000
v -0.297235 0.159754 -0.000000
v -0.277599 0.150329 -0.000000
v -0.259768 0.141570 -0.000000
v -0.243724 0.133377 -0.000000
v -0.229448 0.125647 -0.000000
v -0.216921 0.118280 -0.000000
v -0.206125 0.111175 -0.000000
v -0.197042 0.104230 -0.000000
v -0.189651 0.097343 -0.000000
v -0.183936 0.090414 -0.000000
v -0.179876 0.083340 -0.000000
v -0.177454 0.076022 -0.000000
v -0.176651 0.068356 -0.000000
v -0.177477 0.058178 -0.000000
v -0.179862 0.047416 -0.000000
v -0.183672 0.036350 -0.000000
v -0.188769 0.025260 -0.000000
v -0.195019 0.014426 -0.000000
v -0.202285 0.004128 -0.000000
v -0.210431 -0.005354 0.000000
v -0.219321 -0.013740 0.000000
v -0.228819 -0.020749 0.000000
v -0.238789 -0.026103 0.000000
v -0.249095 -0.029521 0.000000
v -0.259601 -0.030722 0.000000
v -0.266263 -0.030595 0.000000
v -0.273155 -0.030217 0.000000
v -0.280218 -0.029594 0.000000
v -0.287393 -0.028731 0.000000
v -0.294621 -0.027633 0.000000
v -0.301843 -0.026306 0.000000
v -0.309002 -0.024754 0.000000
v -0.316038 -0.022985 0.000000
v -0.322893 -0.021001 0.000000
v -0.329507 -0.018810 0.000000
v -0.335823 -0.016416 0.000000
v -0.341782 -0.013825 0.000000
v -0.364611 -0.003639 0.000000
v -0.385909 0.008395 -0.000000
v -0.405746 0.022141 -0.000000
v -0.424191 0.037464 -0.000000
v -0.441313 0.054226 -0.000000
v -0.457181 0.072293 -0.000000
v -0.471866 0.091527 -0.000000
v -0.485436 0.111794 -0.000000
v -0.497960 0.132957 -0.000000
v -0.509508 0.154879 -0.000000
v -0.520150 0.177426 -0.000000
vn -0.0000 -0.0000 -1.0000
vt 0.134021 0.000000
vt 0.113402 0.000000
vt 0.123711 0.000000
vt 0.886598 0.000000
vt 0.865979 0.000000
vt 0.876289 0.000000
vt 0.103093 0.000000
vt 0.896907 0.000000
vt 0.855670 0.000000
vt 0.092784 0.000000
vt 0.907216 0.000000
vt 0.144330 0.000000
vt 0.082474 0.000000
vt 0.917526 0.000000
vt 0.845361 0.000000
vt 0.072165 0.000000
vt 0.927835 0.000000
vt 0.061856 0.000000
vt 0.938144 0.000000
vt 0.051546 0.000000
vt 0.948454 0.000000
vt 0.835052 0.000000
vt 0.041237 0.000000
vt 0.958763 0.000000
vt 0.154639 0.000000
vt 0.030928 0.000000
vt 0.969072 0.000000
vt 0.020619 0.000000
vt 0.979381 0.000000
vt 0.010309 0.000000
vt 0.989691 0.000000
vt 0.000000 0.000000
vt 1.000000 0.000000
vt 0.824742 0.000000
vt 0.814433 0.000000
vt 0.164948 0.000000
vt 0.804124 0.000000
vt 0.793814 0.000000
vt 0.783505 0.000000
vt 0.175258 0.000000
vt 0.773196 0.000000
vt 0.762887 0.000000
vt 0.752577 0.000000
vt 0.185567 0.000000
vt 0.742268 0.000000
vt 0.731959 0.000000
vt 0.195876 0.000000
vt 0.721649 0.000000
vt 0.711340 0.000000
vt 0.206186 0.000000
vt 0.701031 0.000000
vt 0.690722 0.000000
vt 0.216495 0.000000
vt 0.680412 0.000000
vt 0.670103 0.000000
vt 0.226804 0.000000
vt 0.659794 0.000000
vt 0.237113 0.000000
vt 0.649485 0.000000
vt 0.639175 0.000000
vt 0.247423 0.000000
vt 0.628866 0.000000
vt 0.257732 0.000000
vt 0.618557 0.000000
vt 0.608247 0.000000
vt 0.268041 0.000000
vt 0.597938 0.000000
vt 0.278351 0.000000
vt 0.587629 0.000000
vt 0.288660 0.000000
vt 0.577320 0.000000
vt 0.298969 0.000000
vt 0.567010 0.000000
vt 0.309278 0.000000
vt 0.556701 0.000000
vt 0.319588 0.000000
vt 0.546392 0.000000
vt 0.329897 0.000000
vt 0.536082 0.000000
vt 0.340206 0.000000
vt 0.350515 0.000000
vt 0.371134 0.000000
vt 0.381443 0.000000
vt 0.360825 0.000000
vt 0.391753 0.000000
vt 0.402062 0.000000
vt 0.412371 0.000000
vt 0.525773 0.000000
vt 0.422680 0.000000
vt 0.432990 0.000000
vt 0.443299 0.000000
vt 0.453608 0.000000
vt 0.463918 0.000000
vt 0.515464 0.000000
vt 0.474227 0.000000
vt 0.484536 0.000000
vt 0.494845 0.000000
vt 0.505155 0.000000
vt 0.371212 0.000000
vt 0.363636 0.000000
vt 0.367424 0.000000
vt 0.375000 0.000000
vt 0.378788 0.000000
vt 0.359848 0.000000
vt 0.382576 0.000000
vt 0.386364 0.000000
vt 0.356061 0.000000
vt 0.390152 0.000000
vt 0.393939 0.000000
vt 0.352273 0.000000
vt 0.397727 0.000000
vt 0.401515 0.000000
vt 0.553030 0.000000
vt 0.545455 0.000000
vt 0.549242 0.000000
vt 0.556818 0.000000
vt 0.560606 0.000000
vt 0.541667 0.000000
vt 0.405303 0.000000
vt 0.348485 0.000000
vt 0.564394 0.000000
vt 0.568182 0.000000
vt 0.537879 0.000000
vt 0.409091 0.000000
vt 0.571970 0.000000
vt 0.575758 0.000000
vt 0.231061 0.000000
vt 0.344697 0.000000
vt 0.534091 0.000000
vt 0.579545 0.000000
vt 0.234848 0.000000
vt 0.583333 0.000000
vt 0.530303 0.000000
vt 0.238636 0.000000
vt 0.587121 0.000000
vt 0.340909 0.000000
vt 0.590909 0.000000
vt 0.242424 0.000000
vt 0.526515 0.000000
vt 0.412879 0.000000
vt 0.337121 0.000000
vt 0.416667 0.000000
vt 0.246212 0.000000
vt 0.522727 0.000000
vt 0.420455 0.000000
vt 0.333333 0.000000
vt 0.250000 0.000000
vt 0.424242 0.000000
vt 0.518939 0.000000
vt 0.329545 0.000000
vt 0.428030 0.000000
vt 0.253788 0.000000
vt 0.515152 0.000000
vt 0.325758 0.000000
vt 0.431818 0.000000
vt 0.257576 0.000000
vt 0.511364 0.000000
vt 0.321970 0.000000
vt 0.318182 0.000000
vt 0.435606 0.000000
vt 0.261364 0.000000
vt 0.507576 0.000000
vt 0.314394 0.000000
vt 0.310606 0.000000
vt 0.503788 0.000000
vt 0.439394 0.000000
vt 0.265152 0.000000
vt 0.306818 0.000000
vt 0.500000 0.000000
vt 0.303030 0.000000
vt 0.299242 0.000000
vt 0.268939 0.000000
vt 0.496212 0.000000
vt 0.443182 0.000000
vt 0.295455 0.000000
vt 0.492424 0.000000
vt 0.291667 0.000000
vt 0.272727 0.000000
vt 0.287879 0.000000
vt 0.488636 0.000000
vt 0.284091 0.000000
vt 0.276515 0.000000
vt 0.446970 0.000000
vt 0.280303 0.000000
vt 0.484848 0.000000
vt 0.481061 0.000000
vt 0.450758 0.000000
vt 0.477273 0.000000
vt 0.473485 0.000000
vt 0.454545 0.000000
vt 0.469697 0.000000
vt 0.465909 0.000000
vt 0.458333 0.000000
vt 0.462121 0.000000
vt 0.647727 0.000000
vt 0.640152 0.000000
vt 0.643939 0.000000
vt 0.636364 0.000000
vt 0.651515 0.000000
vt 0.632576 0.000000
vt 0.655303 0.000000
vt 0.628788 0.000000
vt 0.659091 0.000000
vt 0.625000 0.000000
vt 0.662879 0.000000
vt 0.666667 0.000000
vt 0.621212 0.000000
vt 0.670455 0.000000
vt 0.617424 0.000000
vt 0.674242 0.000000
vt 0.613636 0.000000
vt 0.678030 0.000000
vt 0.609848 0.000000
vt 0.681818 0.000000
vt 0.685606 0.000000
vt 0.606061 0.000000
vt 0.689394 0.000000
vt 0.602273 0.000000
vt 0.693182 0.000000
vt 0.598485 0.000000
vt 0.696970 0.000000
vt 0.594697 0.000000
vt 0.700758 0.000000
vt 0.704545 0.000000
vt 0.708333 0.000000
vt 0.712121 0.000000
vt 0.715909 0.000000
vt 0.996212 0.000000
vt 0.719697 0.000000
vt 0.723485 0.000000
vt 0.727273 0.000000
vt 0.731061 0.000000
vt 0.992424 0.000000
vt 0.734848 0.000000
vt 0.738636 0.000000
vt 0.742424 0.000000
vt 0.988636 0.000000
vt 0.746212 0.000000
vt 0.750000 0.000000
vt 0.753788 0.000000
vt 0.757576 0.000000
vt 0.984848 0.000000
vt 0.761364 0.000000
vt 0.765152 0.000000
vt 0.768939 0.000000
vt 0.772727 0.000000
vt 0.981061 0.000000
vt 0.776515 0.000000
vt 0.780303 0.000000
vt 0.784091 0.000000
vt 0.977273 0.000000
vt 0.787879 0.000000
vt 0.791667 0.000000
vt 0.795455 0.000000
vt 0.799242 0.000000
vt 0.973485 0.000000
vt 0.803030 0.000000
vt 0.806818 0.000000
vt 0.810606 0.000000
vt 0.814394 0.000000
vt 0.969697 0.000000
vt 0.818182 0.000000
vt 0.821970 0.000000
vt 0.825758 0.000000
vt 0.829545 0.000000
vt 0.833333 0.000000
vt 0.837121 0.000000
vt 0.965909 0.000000
vt 0.840909 0.000000
vt 0.844697 0.000000
vt 0.848485 0.000000
vt 0.852273 0.000000
vt 0.856061 0.000000
vt 0.859848 0.000000
vt 0.863636 0.000000
vt 0.867424 0.000000
vt 0.871212 0.000000
vt 0.962121 0.000000
vt 0.875000 0.000000
vt 0.878788 0.000000
vt 0.882576 0.000000
vt 0.958333 0.000000
vt 0.886364 0.000000
vt 0.890152 0.000000
vt 0.893939 0.000000
vt 0.954545 0.000000
vt 0.897727 0.000000
vt 0.950758 0.000000
vt 0.946970 0.000000
vt 0.901515 0.000000
vt 0.943182 0.000000
vt 0.939394 0.000000
vt 0.905303 0.000000
vt 0.935606 0.000000
vt 0.931818 0.000000
vt 0.928030 0.000000
vt 0.909091 0.000000
vt 0.924242 0.000000
vt 0.920455 0.000000
vt 0.912879 0.000000
vt 0.916667 0.000000
vt 0.140152 0.000000
vt 0.132576 0.000000
vt 0.136364 0.000000
vt 0.143939 0.000000
vt 0.147727 0.000000
vt 0.151515 0.000000
vt 0.128788 0.000000
vt 0.155303 0.000000
vt 0.159091 0.000000
vt 0.162879 0.000000
vt 0.125000 0.000000
vt 0.166667 0.000000
vt 0.170455 0.000000
vt 0.174242 0.000000
vt 0.121212 0.000000
vt 0.178030 0.000000
vt 0.181818 0.000000
vt 0.185606 0.000000
vt 0.117424 0.000000
vt 0.189394 0.000000
vt 0.193182 0.000000
vt 0.113636 0.000000
vt 0.196970 0.000000
vt 0.109848 0.000000
vt 0.200758 0.000000
vt 0.204545 0.000000
vt 0.106061 0.000000
vt 0.208333 0.000000
vt 0.212121 0.000000
vt 0.102273 0.000000
vt 0.215909 0.000000
vt 0.219697 0.000000
vt 0.098485 0.000000
vt 0.223485 0.000000
vt 0.227273 0.000000
vt 0.094697 0.000000
vt 0.003788 0.000000
vt 0.007576 0.000000
vt 0.090909 0.000000
vt 0.011364 0.000000
vt 0.015152 0.000000
vt 0.087121 0.000000
vt 0.018939 0.000000
vt 0.083333 0.000000
vt 0.022727 0.000000
vt 0.079545 0.000000
vt 0.026515 0.000000
vt 0.075758 0.000000
vt 0.071970 0.000000
vt 0.030303 0.000000
vt 0.068182 0.000000
vt 0.034091 0.000000
vt 0.064394 0.000000
vt 0.037879 0.000000
vt 0.060606 0.000000
vt 0.056818 0.000000
vt 0.041667 0.000000
vt 0.053030 0.000000
vt 0.049242 0.000000
vt 0.045455 0.000000
vt 0.061497 0.000000
vt 0.056150 0.000000
vt 0.058824 0.000000
vt 0.064171 0.000000
vt 0.066845 0.000000
vt 0.053476 0.000000
vt 0.050802 0.000000
vt 0.069519 0.000000
vt 0.048128 0.000000
vt 0.072193 0.000000
vt 0.042781 0.000000
vt 0.074866 0.000000
vt 0.040107 0.000000
vt 0.037433 0.000000
vt 0.077540 0.000000
vt 0.034759 0.000000
vt 0.080214 0.000000
vt 0.032086 0.000000
vt 0.082888 0.000000
vt 0.029412 0.000000
vt 0.085561 0.000000
vt 0.026738 0.000000
vt 0.088235 0.000000
vt 0.024064 0.000000
vt 0.093583 0.000000
vt 0.021390 0.000000
vt 0.096257 0.000000
vt 0.098930 0.000000
vt 0.018717 0.000000
vt 0.101604 0.000000
vt 0.016043 0.000000
vt 0.104278 0.000000
vt 0.106952 0.000000
vt 0.013369 0.000000
vt 0.109626 0.000000
vt 0.010695 0.000000
vt 0.112299 0.000000
vt 0.114973 0.000000
vt 0.008021 0.000000
vt 0.117647 0.000000
vt 0.005348 0.000000
vt 0.120321 0.000000
vt 0.122995 0.000000
vt 0.002674 0.000000
vt 0.125668 0.000000
vt 0.152406 0.000000
vt 0.147059 0.000000
vt 0.149733 0.000000
vt 0.155080 0.000000
vt 0.128342 0.000000
vt 0.144385 0.000000
vt 0.131016 0.000000
vt 0.157754 0.000000
vt 0.141711 0.000000
vt 0.139037 0.000000
vt 0.133690 0.000000
vt 0.160428 0.000000
vt 0.997326 0.000000
vt 0.163102 0.000000
vt 0.994652 0.000000
vt 0.991979 0.000000
vt 0.989305 0.000000
vt 0.986631 0.000000
vt 0.165775 0.000000
vt 0.983957 0.000000
vt 0.981283 0.000000
vt 0.168449 0.000000
vt 0.978610 0.000000
vt 0.171123 0.000000
vt 0.975936 0.000000
vt 0.173797 0.000000
vt 0.176471 0.000000
vt 0.973262 0.000000
vt 0.179144 0.000000
vt 0.970588 0.000000
vt 0.184492 0.000000
vt 0.187166 0.000000
vt 0.189840 0.000000
vt 0.967914 0.000000
vt 0.192513 0.000000
vt 0.195187 0.000000
vt 0.197861 0.000000
vt 0.965241 0.000000
vt 0.200535 0.000000
vt 0.962567 0.000000
vt 0.203209 0.000000
vt 0.959893 0.000000
vt 0.957219 0.000000
vt 0.205882 0.000000
vt 0.208556 0.000000
vt 0.951872 0.000000
vt 0.949198 0.000000
vt 0.211230 0.000000
vt 0.946524 0.000000
vt 0.943850 0.000000
vt 0.903743 0.000000
vt 0.941176 0.000000
vt 0.901070 0.000000
vt 0.906417 0.000000
vt 0.911765 0.000000
vt 0.938503 0.000000
vt 0.914438 0.000000
vt 0.917112 0.000000
vt 0.919786 0.000000
vt 0.922460 0.000000
vt 0.925134 0.000000
vt 0.927808 0.000000
vt 0.935829 0.000000
vt 0.930481 0.000000
vt 0.898396 0.000000
vt 0.933155 0.000000
vt 0.213904 0.000000
vt 0.895722 0.000000
vt 0.216578 0.000000
vt 0.275401 0.000000
vt 0.278075 0.000000
vt 0.270053 0.000000
vt 0.893048 0.000000
vt 0.280749 0.000000
vt 0.267380 0.000000
vt 0.264706 0.000000
vt 0.283422 0.000000
vt 0.262032 0.000000
vt 0.259358 0.000000
vt 0.256684 0.000000
vt 0.254011 0.000000
vt 0.219251 0.000000
vt 0.251337 0.000000
vt 0.286096 0.000000
vt 0.248663 0.000000
vt 0.245989 0.000000
vt 0.243316 0.000000
vt 0.890374 0.000000
vt 0.240642 0.000000
vt 0.221925 0.000000
vt 0.288770 0.000000
vt 0.237968 0.000000
vt 0.235294 0.000000
vt 0.224599 0.000000
vt 0.232620 0.000000
vt 0.229947 0.000000
vt 0.291444 0.000000
vt 0.887701 0.000000
vt 0.294118 0.000000
vt 0.885027 0.000000
vt 0.296791 0.000000
vt 0.882353 0.000000
vt 0.879679 0.000000
vt 0.299465 0.000000
vt 0.877005 0.000000
vt 0.302139 0.000000
vt 0.874332 0.000000
vt 0.871658 0.000000
vt 0.304813 0.000000
vt 0.868984 0.000000
vt 0.866310 0.000000
vt 0.860963 0.000000
vt 0.858289 0.000000
vt 0.855615 0.000000
vt 0.852941 0.000000
vt 0.850267 0.000000
vt 0.307487 0.000000
vt 0.847594 0.000000
vt 0.844920 0.000000
vt 0.842246 0.000000
vt 0.839572 0.000000
vt 0.836898 0.000000
vt 0.834225 0.000000
vt 0.310160 0.000000
vt 0.831551 0.000000
vt 0.828877 0.000000
vt 0.826203 0.000000
vt 0.312834 0.000000
vt 0.823529 0.000000
vt 0.820856 0.000000
vt 0.315508 0.000000
vt 0.486631 0.000000
vt 0.815508 0.000000
vt 0.483957 0.000000
vt 0.489305 0.000000
vt 0.812834 0.000000
vt 0.491979 0.000000
vt 0.481283 0.000000
vt 0.494652 0.000000
vt 0.810160 0.000000
vt 0.497326 0.000000
vt 0.478610 0.000000
vt 0.807487 0.000000
vt 0.320856 0.000000
vt 0.804813 0.000000
vt 0.502674 0.000000
vt 0.475936 0.000000
vt 0.323529 0.000000
vt 0.505348 0.000000
vt 0.802139 0.000000
vt 0.328877 0.000000
vt 0.326203 0.000000
vt 0.331551 0.000000
vt 0.508021 0.000000
vt 0.473262 0.000000
vt 0.334225 0.000000
vt 0.336898 0.000000
vt 0.799465 0.000000
vt 0.339572 0.000000
vt 0.510695 0.000000
vt 0.342246 0.000000
vt 0.344920 0.000000
vt 0.513369 0.000000
vt 0.347594 0.000000
vt 0.470588 0.000000
vt 0.796791 0.000000
vt 0.516043 0.000000
vt 0.350267 0.000000
vt 0.518717 0.000000
vt 0.352941 0.000000
vt 0.521390 0.000000
vt 0.355615 0.000000
vt 0.524064 0.000000
vt 0.526738 0.000000
vt 0.529412 0.000000
vt 0.794118 0.000000
vt 0.532086 0.000000
vt 0.358289 0.000000
vt 0.534759 0.000000
vt 0.537433 0.000000
vt 0.467914 0.000000
vt 0.540107 0.000000
vt 0.360963 0.000000
vt 0.542781 0.000000
vt 0.366310 0.000000
vt 0.548128 0.000000
vt 0.368984 0.000000
vt 0.550802 0.000000
vt 0.553476 0.000000
vt 0.371658 0.000000
vt 0.374332 0.000000
vt 0.791444 0.000000
vt 0.556150 0.000000
vt 0.377005 0.000000
vt 0.379679 0.000000
vt 0.382353 0.000000
vt 0.558824 0.000000
vt 0.385027 0.000000
vt 0.387701 0.000000
vt 0.561497 0.000000
vt 0.390374 0.000000
vt 0.465241 0.000000
vt 0.393048 0.000000
vt 0.395722 0.000000
vt 0.564171 0.000000
vt 0.788770 0.000000
vt 0.398396 0.000000
vt 0.401070 0.000000
vt 0.403743 0.000000
vt 0.566845 0.000000
vt 0.406417 0.000000
vt 0.569519 0.000000
vt 0.411765 0.000000
vt 0.414439 0.000000
vt 0.572192 0.000000
vt 0.417112 0.000000
vt 0.786096 0.000000
vt 0.419786 0.000000
vt 0.462567 0.000000
vt 0.574866 0.000000
vt 0.422460 0.000000
vt 0.425134 0.000000
vt 0.649733 0.000000
vt 0.644385 0.000000
vt 0.647059 0.000000
vt 0.641711 0.000000
vt 0.639037 0.000000
vt 0.633690 0.000000
vt 0.577540 0.000000
vt 0.631016 0.000000
vt 0.628342 0.000000
vt 0.652406 0.000000
vt 0.625668 0.000000
vt 0.622995 0.000000
vt 0.620321 0.000000
vt 0.617647 0.000000
vt 0.614973 0.000000
vt 0.612299 0.000000
vt 0.609626 0.000000
vt 0.655080 0.000000
vt 0.606952 0.000000
vt 0.580214 0.000000
vt 0.604278 0.000000
vt 0.601604 0.000000
vt 0.598930 0.000000
vt 0.596257 0.000000
vt 0.582888 0.000000
vt 0.593583 0.000000
vt 0.588235 0.000000
vt 0.427807 0.000000
vt 0.585562 0.000000
vt 0.657754 0.000000
vt 0.783422 0.000000
vt 0.660428 0.000000
vt 0.430481 0.000000
vt 0.459893 0.000000
vt 0.663102 0.000000
vt 0.433155 0.000000
vt 0.435829 0.000000
vt 0.665775 0.000000
vt 0.780749 0.000000
vt 0.438503 0.000000
vt 0.457219 0.000000
vt 0.668449 0.000000
vt 0.441176 0.000000
vt 0.443850 0.000000
vt 0.446524 0.000000
vt 0.671123 0.000000
vt 0.449198 0.000000
vt 0.451872 0.000000
vt 0.778075 0.000000
vt 0.673797 0.000000
vt 0.775401 0.000000
vt 0.676471 0.000000
vt 0.679144 0.000000
vt 0.770053 0.000000
vt 0.767380 0.000000
vt 0.764706 0.000000
vt 0.762032 0.000000
vt 0.684492 0.000000
vt 0.759358 0.000000
vt 0.756684 0.000000
vt 0.754011 0.000000
vt 0.687166 0.000000
vt 0.751337 0.000000
vt 0.748663 0.000000
vt 0.689840 0.000000
vt 0.745989 0.000000
vt 0.743316 0.000000
vt 0.740642 0.000000
vt 0.692513 0.000000
vt 0.737968 0.000000
vt 0.695187 0.000000
vt 0.735294 0.000000
vt 0.697861 0.000000
vt 0.732620 0.000000
vt 0.700535 0.000000
vt 0.729947 0.000000
vt 0.703209 0.000000
vt 0.705882 0.000000
vt 0.724599 0.000000
vt 0.708556 0.000000
vt 0.721925 0.000000
vt 0.719251 0.000000
vt 0.711230 0.000000
vt 0.716578 0.000000
vt 0.713904 0.000000
vt 0.254167 0.000000
vt 0.245833 0.000000
vt 0.258333 0.000000
vt 0.241667 0.000000
vt 0.262500 0.000000
vt 0.237500 0.000000
vt 0.266667 0.000000
vt 0.270833 0.000000
vt 0.233333 0.000000
vt 0.275000 0.000000
vt 0.229167 0.000000
vt 0.279167 0.000000
vt 0.283333 0.000000
vt 0.225000 0.000000
vt 0.287500 0.000000
vt 0.220833 0.000000
vt 0.295833 0.000000
vt 0.300000 0.000000
vt 0.216667 0.000000
vt 0.304167 0.000000
vt 0.212500 0.000000
vt 0.308333 0.000000
vt 0.204167 0.000000
vt 0.200000 0.000000
vt 0.312500 0.000000
vt 0.195833 0.000000
vt 0.316667 0.000000
vt 0.191667 0.000000
vt 0.187500 0.000000
vt 0.320833 0.000000
vt 0.183333 0.000000
vt 0.179167 0.000000
vt 0.325000 0.000000
vt 0.175000 0.000000
vt 0.170833 0.000000
vt 0.329167 0.000000
vt 0.904167 0.000000
vt 0.895833 0.000000
vt 0.900000 0.000000
vt 0.891667 0.000000
vt 0.887500 0.000000
vt 0.883333 0.000000
vt 0.908333 0.000000
vt 0.879167 0.000000
vt 0.912500 0.000000
vt 0.870833 0.000000
vt 0.866667 0.000000
vt 0.862500 0.000000
vt 0.858333 0.000000
vt 0.854167 0.000000
vt 0.850000 0.000000
vt 0.920833 0.000000
vt 0.845833 0.000000
vt 0.841667 0.000000
vt 0.837500 0.000000
vt 0.162500 0.000000
vt 0.925000 0.000000
vt 0.829167 0.000000
vt 0.825000 0.000000
vt 0.929167 0.000000
vt 0.820833 0.000000
vt 0.816667 0.000000
vt 0.812500 0.000000
vt 0.933333 0.000000
vt 0.808333 0.000000
vt 0.804167 0.000000
vt 0.800000 0.000000
vt 0.937500 0.000000
vt 0.795833 0.000000
vt 0.158333 0.000000
vt 0.941667 0.000000
vt 0.945833 0.000000
vt 0.337500 0.000000
vt 0.950000 0.000000
vt 0.154167 0.000000
vt 0.787500 0.000000
vt 0.954167 0.000000
vt 0.150000 0.000000
vt 0.783333 0.000000
vt 0.962500 0.000000
vt 0.341667 0.000000
vt 0.966667 0.000000
vt 0.145833 0.000000
vt 0.970833 0.000000
vt 0.141667 0.000000
vt 0.779167 0.000000
vt 0.137500 0.000000
vt 0.975000 0.000000
vt 0.133333 0.000000
vt 0.979167 0.000000
vt 0.129167 0.000000
vt 0.345833 0.000000
vt 0.983333 0.000000
vt 0.775000 0.000000
vt 0.120833 0.000000
vt 0.987500 0.000000
vt 0.116667 0.000000
vt 0.112500 0.000000
vt 0.991667 0.000000
vt 0.350000 0.000000
vt 0.108333 0.000000
vt 0.770833 0.000000
vt 0.995833 0.000000
vt 0.104167 0.000000
vt 0.100000 0.000000
vt 0.354167 0.000000
vt 0.095833 0.000000
vt 0.358333 0.000000
vt 0.362500 0.000000
vt 0.004167 0.000000
vt 0.091667 0.000000
vt 0.366667 0.000000
vt 0.766667 0.000000
vt 0.008333 0.000000
vt 0.370833 0.000000
vt 0.087500 0.000000
vt 0.012500 0.000000
vt 0.016667 0.000000
vt 0.379167 0.000000
vt 0.020833 0.000000
vt 0.079167 0.000000
vt 0.383333 0.000000
vt 0.025000 0.000000
vt 0.075000 0.000000
vt 0.387500 0.000000
vt 0.029167 0.000000
vt 0.070833 0.000000
vt 0.033333 0.000000
vt 0.066667 0.000000
vt 0.391667 0.000000
vt 0.037500 0.000000
vt 0.062500 0.000000
vt 0.058333 0.000000
vt 0.045833 0.000000
vt 0.054167 0.000000
vt 0.395833 0.000000
vt 0.050000 0.000000
vt 0.400000 0.000000
vt 0.762500 0.000000
vt 0.404167 0.000000
vt 0.408333 0.000000
vt 0.412500 0.000000
vt 0.420833 0.000000
vt 0.425000 0.000000
vt 0.429167 0.000000
vt 0.433333 0.000000
vt 0.437500 0.000000
vt 0.441667 0.000000
vt 0.445833 0.000000
vt 0.450000 0.000000
vt 0.454167 0.000000
vt 0.462500 0.000000
vt 0.466667 0.000000
vt 0.470833 0.000000
vt 0.475000 0.000000
vt 0.758333 0.000000
vt 0.479167 0.000000
vt 0.483333 0.000000
vt 0.487500 0.000000
vt 0.491667 0.000000
vt 0.495833 0.000000
vt 0.504167 0.000000
vt 0.754167 0.000000
vt 0.508333 0.000000
vt 0.512500 0.000000
vt 0.745833 0.000000
vt 0.741667 0.000000
vt 0.516667 0.000000
vt 0.737500 0.000000
vt 0.520833 0.000000
vt 0.645833 0.000000
vt 0.650000 0.000000
vt 0.733333 0.000000
vt 0.654167 0.000000
vt 0.641667 0.000000
vt 0.637500 0.000000
vt 0.658333 0.000000
vt 0.633333 0.000000
vt 0.629167 0.000000
vt 0.620833 0.000000
vt 0.662500 0.000000
vt 0.616667 0.000000
vt 0.612500 0.000000
vt 0.525000 0.000000
vt 0.729167 0.000000
vt 0.608333 0.000000
vt 0.604167 0.000000
vt 0.600000 0.000000
vt 0.595833 0.000000
vt 0.591667 0.000000
vt 0.670833 0.000000
vt 0.587500 0.000000
vt 0.529167 0.000000
vt 0.725000 0.000000
vt 0.579167 0.000000
vt 0.675000 0.000000
vt 0.575000 0.000000
vt 0.533333 0.000000
vt 0.570833 0.000000
vt 0.720833 0.000000
vt 0.566667 0.000000
vt 0.537500 0.000000
vt 0.679167 0.000000
vt 0.562500 0.000000
vt 0.558333 0.000000
vt 0.554167 0.000000
vt 0.545833 0.000000
vt 0.550000 0.000000
vt 0.716667 0.000000
vt 0.683333 0.000000
vt 0.687500 0.000000
vt 0.712500 0.000000
vt 0.691667 0.000000
vt 0.695833 0.000000
vt 0.704167 0.000000
vt 0.700000 0.000000
vt 0.237164 0.000000
vt 0.232274 0.000000
vt 0.234719 0.000000
vt 0.239609 0.000000
vt 0.242054 0.000000
vt 0.229829 0.000000
vt 0.244499 0.000000
vt 0.246944 0.000000
vt 0.413203 0.000000
vt 0.408313 0.000000
vt 0.410758 0.000000
vt 0.227384 0.000000
vt 0.405868 0.000000
vt 0.415648 0.000000
vt 0.403423 0.000000
vt 0.400978 0.000000
vt 0.418093 0.000000
vt 0.249389 0.000000
vt 0.398533 0.000000
vt 0.420538 0.000000
vt 0.396088 0.000000
vt 0.251834 0.000000
vt 0.393643 0.000000
vt 0.422983 0.000000
vt 0.391198 0.000000
vt 0.224939 0.000000
vt 0.254279 0.000000
vt 0.425428 0.000000
vt 0.388753 0.000000
vt 0.386308 0.000000
vt 0.427873 0.000000
vt 0.256724 0.000000
vt 0.383863 0.000000
vt 0.430318 0.000000
vt 0.222494 0.000000
vt 0.259169 0.000000
vt 0.596577 0.000000
vt 0.591687 0.000000
vt 0.594132 0.000000
vt 0.599022 0.000000
vt 0.589242 0.000000
vt 0.586797 0.000000
vt 0.601467 0.000000
vt 0.584352 0.000000
vt 0.603912 0.000000
vt 0.381418 0.000000
vt 0.581907 0.000000
vt 0.606357 0.000000
vt 0.608802 0.000000
vt 0.579462 0.000000
vt 0.611247 0.000000
vt 0.613692 0.000000
vt 0.577017 0.000000
vt 0.616137 0.000000
vt 0.432763 0.000000
vt 0.618582 0.000000
vt 0.574572 0.000000
vt 0.621027 0.000000
vt 0.378973 0.000000
vt 0.261614 0.000000
vt 0.623472 0.000000
vt 0.572127 0.000000
vt 0.625917 0.000000
vt 0.628362 0.000000
vt 0.435208 0.000000
vt 0.569682 0.000000
vt 0.630807 0.000000
vt 0.220049 0.000000
vt 0.376528 0.000000
vt 0.264059 0.000000
vt 0.633252 0.000000
vt 0.567237 0.000000
vt 0.635697 0.000000
vt 0.437653 0.000000
vt 0.638142 0.000000
vt 0.374083 0.000000
vt 0.564792 0.000000
vt 0.266504 0.000000
vt 0.640587 0.000000
vt 0.643032 0.000000
vt 0.440098 0.000000
vt 0.562347 0.000000
vt 0.645477 0.000000
vt 0.217604 0.000000
vt 0.268949 0.000000
vt 0.371638 0.000000
vt 0.647922 0.000000
vt 0.559902 0.000000
vt 0.442543 0.000000
vt 0.271394 0.000000
vt 0.650367 0.000000
vt 0.369193 0.000000
vt 0.444988 0.000000
vt 0.273839 0.000000
vt 0.557457 0.000000
vt 0.215159 0.000000
vt 0.447433 0.000000
vt 0.276284 0.000000
vt 0.366748 0.000000
vt 0.555012 0.000000
vt 0.652812 0.000000
vt 0.278729 0.000000
vt 0.449878 0.000000
vt 0.552567 0.000000
vt 0.281174 0.000000
vt 0.550122 0.000000
vt 0.364303 0.000000
vt 0.452323 0.000000
vt 0.212714 0.000000
vt 0.283619 0.000000
vt 0.547677 0.000000
vt 0.655257 0.000000
vt 0.286064 0.000000
vt 0.545232 0.000000
vt 0.454768 0.000000
vt 0.361858 0.000000
vt 0.542787 0.000000
vt 0.288509 0.000000
vt 0.540342 0.000000
vt 0.210269 0.000000
vt 0.290954 0.000000
vt 0.457213 0.000000
vt 0.537897 0.000000
vt 0.359413 0.000000
vt 0.657702 0.000000
vt 0.293399 0.000000
vt 0.535452 0.000000
vt 0.459658 0.000000
vt 0.533007 0.000000
vt 0.295844 0.000000
vt 0.356968 0.000000
vt 0.207824 0.000000
vt 0.530562 0.000000
vt 0.298288 0.000000
vt 0.462103 0.000000
vt 0.300734 0.000000
vt 0.528117 0.000000
vt 0.660147 0.000000
vt 0.354523 0.000000
vt 0.303178 0.000000
vt 0.464548 0.000000
vt 0.525672 0.000000
vt 0.205379 0.000000
vt 0.305623 0.000000
vt 0.352078 0.000000
vt 0.466993 0.000000
vt 0.308068 0.000000
vt 0.523227 0.000000
vt 0.202934 0.000000
vt 0.310513 0.000000
vt 0.469438 0.000000
vt 0.349633 0.000000
vt 0.520782 0.000000
vt 0.312958 0.000000
vt 0.662592 0.000000
vt 0.347188 0.000000
vt 0.200489 0.000000
vt 0.471883 0.000000
vt 0.344743 0.000000
vt 0.315403 0.000000
vt 0.518337 0.000000
vt 0.474328 0.000000
vt 0.342298 0.000000
vt 0.198044 0.000000
vt 0.476773 0.000000
vt 0.515892 0.000000
vt 0.317848 0.000000
vt 0.339853 0.000000
vt 0.479218 0.000000
vt 0.513447 0.000000
vt 0.337408 0.000000
vt 0.195599 0.000000
vt 0.481663 0.000000
vt 0.320293 0.000000
vt 0.511002 0.000000
vt 0.484108 0.000000
vt 0.334963 0.000000
vt 0.486553 0.000000
vt 0.508557 0.000000
vt 0.193154 0.000000
vt 0.488998 0.000000
vt 0.665037 0.000000
vt 0.506112 0.000000
vt 0.491443 0.000000
vt 0.332518 0.000000
vt 0.503667 0.000000
vt 0.493888 0.000000
vt 0.501222 0.000000
vt 0.496333 0.000000
vt 0.498778 0.000000
vt 0.322738 0.000000
vt 0.190709 0.000000
vt 0.330073 0.000000
vt 0.188264 0.000000
vt 0.327628 0.000000
vt 0.325183 0.000000
vt 0.185819 0.000000
vt 0.183374 0.000000
vt 0.667482 0.000000
vt 0.180929 0.000000
vt 0.178484 0.000000
vt 0.669927 0.000000
vt 0.176039 0.000000
vt 0.672372 0.000000
vt 0.173594 0.000000
vt 0.674817 0.000000
vt 0.171149 0.000000
vt 0.679707 0.000000
vt 0.677262 0.000000
vt 0.168704 0.000000
vt 0.166259 0.000000
vt 0.682152 0.000000
vt 0.163814 0.000000
vt 0.684597 0.000000
vt 0.161369 0.000000
vt 0.687042 0.000000
vt 0.158924 0.000000
vt 0.156479 0.000000
vt 0.689487 0.000000
vt 0.154034 0.000000
vt 0.691932 0.000000
vt 0.151589 0.000000
vt 0.694377 0.000000
vt 0.149144 0.000000
vt 0.146699 0.000000
vt 0.696822 0.000000
vt 0.144254 0.000000
vt 0.699266 0.000000
vt 0.141809 0.000000
vt 0.701711 0.000000
vt 0.704156 0.000000
vt 0.139364 0.000000
vt 0.706601 0.000000
vt 0.136919 0.000000
vt 0.711491 0.000000
vt 0.709046 0.000000
vt 0.134474 0.000000
vt 0.132029 0.000000
vt 0.713936 0.000000
vt 0.129584 0.000000
vt 0.127139 0.000000
vt 0.716381 0.000000
vt 0.814181 0.000000
vt 0.816626 0.000000
vt 0.124694 0.000000
vt 0.122249 0.000000
vt 0.819071 0.000000
vt 0.821516 0.000000
vt 0.811736 0.000000
vt 0.823961 0.000000
vt 0.088020 0.000000
vt 0.090465 0.000000
vt 0.119804 0.000000
vt 0.826406 0.000000
vt 0.828851 0.000000
vt 0.085575 0.000000
vt 0.809291 0.000000
vt 0.083130 0.000000
vt 0.080685 0.000000
vt 0.092910 0.000000
vt 0.078240 0.000000
vt 0.831296 0.000000
vt 0.095355 0.000000
vt 0.075795 0.000000
vt 0.097800 0.000000
vt 0.073350 0.000000
vt 0.100244 0.000000
vt 0.806846 0.000000
vt 0.833741 0.000000
vt 0.070905 0.000000
vt 0.102689 0.000000
vt 0.105134 0.000000
vt 0.068460 0.000000
vt 0.107579 0.000000
vt 0.117359 0.000000
vt 0.110024 0.000000
vt 0.112469 0.000000
vt 0.066015 0.000000
vt 0.804401 0.000000
vt 0.114914 0.000000
vt 0.836186 0.000000
vt 0.063570 0.000000
vt 0.801956 0.000000
vt 0.061125 0.000000
vt 0.058680 0.000000
vt 0.838631 0.000000
vt 0.799511 0.000000
vt 0.056235 0.000000
vt 0.053790 0.000000
vt 0.797066 0.000000
vt 0.841076 0.000000
vt 0.718826 0.000000
vt 0.051345 0.000000
vt 0.794621 0.000000
vt 0.843521 0.000000
vt 0.048900 0.000000
vt 0.046455 0.000000
vt 0.845966 0.000000
vt 0.792176 0.000000
vt 0.044010 0.000000
vt 0.721271 0.000000
vt 0.848411 0.000000
vt 0.041565 0.000000
vt 0.039120 0.000000
vt 0.850856 0.000000
vt 0.036675 0.000000
vt 0.789731 0.000000
vt 0.723716 0.000000
vt 0.034230 0.000000
vt 0.853301 0.000000
vt 0.031785 0.000000
vt 0.029340 0.000000
vt 0.026895 0.000000
vt 0.726161 0.000000
vt 0.855746 0.000000
vt 0.787286 0.000000
vt 0.728606 0.000000
vt 0.858191 0.000000
vt 0.024450 0.000000
vt 0.731051 0.000000
vt 0.784841 0.000000
vt 0.022005 0.000000
vt 0.860636 0.000000
vt 0.733496 0.000000
vt 0.019560 0.000000
vt 0.782396 0.000000
vt 0.735941 0.000000
vt 0.738386 0.000000
vt 0.863081 0.000000
vt 0.017115 0.000000
vt 0.740831 0.000000
vt 0.779951 0.000000
vt 0.014670 0.000000
vt 0.743276 0.000000
vt 0.865526 0.000000
vt 0.745721 0.000000
vt 0.012225 0.000000
vt 0.777506 0.000000
vt 0.748166 0.000000
vt 0.867971 0.000000
vt 0.009780 0.000000
vt 0.750611 0.000000
vt 0.775061 0.000000
vt 0.753056 0.000000
vt 0.007335 0.000000
vt 0.870416 0.000000
vt 0.755501 0.000000
vt 0.772616 0.000000
vt 0.757946 0.000000
vt 0.004890 0.000000
vt 0.760391 0.000000
vt 0.872861 0.000000
vt 0.770171 0.000000
vt 0.762836 0.000000
vt 0.002445 0.000000
vt 0.765281 0.000000
vt 0.767726 0.000000
vt 0.875306 0.000000
vt 0.877751 0.000000
vt 0.880196 0.000000
vt 0.882641 0.000000
vt 0.997555 0.000000
vt 0.885086 0.000000
vt 0.887531 0.000000
vt 0.995110 0.000000
vt 0.889976 0.000000
vt 0.892421 0.000000
vt 0.894866 0.000000
vt 0.992665 0.000000
vt 0.897310 0.000000
vt 0.899755 0.000000
vt 0.990220 0.000000
vt 0.902200 0.000000
vt 0.904646 0.000000
vt 0.907090 0.000000
vt 0.987775 0.000000
vt 0.909535 0.000000
vt 0.911980 0.000000
vt 0.914425 0.000000
vt 0.985330 0.000000
vt 0.916870 0.000000
vt 0.919315 0.000000
vt 0.982885 0.000000
vt 0.921760 0.000000
vt 0.980440 0.000000
vt 0.924205 0.000000
vt 0.926650 0.000000
vt 0.977995 0.000000
vt 0.929095 0.000000
vt 0.975550 0.000000
vt 0.931540 0.000000
vt 0.973105 0.000000
vt 0.933985 0.000000
vt 0.936430 0.000000
vt 0.970660 0.000000
vt 0.968215 0.000000
vt 0.965770 0.000000
vt 0.938875 0.000000
vt 0.963325 0.000000
vt 0.960880 0.000000
vt 0.958435 0.000000
vt 0.941320 0.000000
vt 0.955990 0.000000
vt 0.953545 0.000000
vt 0.951100 0.000000
vt 0.943765 0.000000
vt 0.948655 0.000000
vt 0.946210 0.000000
s 0
usemtl マテリアル
f 14/1/1 12/2/1 13/3/1
f 87/4/1 85/5/1 86/6/1
f 14/1/1 11/7/1 12/2/1
f 88/8/1 85/5/1 87/4/1
f 88/8/1 84/9/1 85/5/1
f 14/1/1 10/10/1 11/7/1
f 89/11/1 84/9/1 88/8/1
f 15/12/1 10/10/1 14/1/1
f 15/12/1 9/13/1 10/10/1
f 90/14/1 84/9/1 89/11/1
f 90/14/1 83/15/1 84/9/1
f 15/12/1 8/16/1 9/13/1
f 91/17/1 83/15/1 90/14/1
f 15/12/1 7/18/1 8/16/1
f 92/19/1 83/15/1 91/17/1
f 15/12/1 6/20/1 7/18/1
f 93/21/1 83/15/1 92/19/1
f 93/21/1 82/22/1 83/15/1
f 15/12/1 5/23/1 6/20/1
f 94/24/1 82/22/1 93/21/1
f 16/25/1 5/23/1 15/12/1
f 16/25/1 4/26/1 5/23/1
f 95/27/1 82/22/1 94/24/1
f 16/25/1 3/28/1 4/26/1
f 96/29/1 82/22/1 95/27/1
f 16/25/1 2/30/1 3/28/1
f 97/31/1 82/22/1 96/29/1
f 16/25/1 1/32/1 2/30/1
f 98/33/1 82/22/1 97/31/1
f 16/25/1 98/33/1 1/32/1
f 16/25/1 82/22/1 98/33/1
f 16/25/1 81/34/1 82/22/1
f 16/25/1 80/35/1 81/34/1
f 17/36/1 80/35/1 16/25/1
f 17/36/1 79/37/1 80/35/1
f 17/36/1 78/38/1 79/37/1
f 17/36/1 77/39/1 78/38/1
f 18/40/1 77/39/1 17/36/1
f 18/40/1 76/41/1 77/39/1
f 18/40/1 75/42/1 76/41/1
f 18/40/1 74/43/1 75/42/1
f 19/44/1 74/43/1 18/40/1
f 19/44/1 73/45/1 74/43/1
f 19/44/1 72/46/1 73/45/1
f 20/47/1 72/46/1 19/44/1
f 20/47/1 71/48/1 72/46/1
f 20/47/1 70/49/1 71/48/1
f 21/50/1 70/49/1 20/47/1
f 21/50/1 69/51/1 70/49/1
f 21/50/1 68/52/1 69/51/1
f 22/53/1 68/52/1 21/50/1
f 22/53/1 67/54/1 68/52/1
f 22/53/1 66/55/1 67/54/1
f 23/56/1 66/55/1 22/53/1
f 23/56/1 65/57/1 66/55/1
f 24/58/1 65/57/1 23/56/1
f 24/58/1 64/59/1 65/57/1
f 24/58/1 63/60/1 64/59/1
f 25/61/1 63/60/1 24/58/1
f 25/61/1 62/62/1 63/60/1
f 26/63/1 62/62/1 25/61/1
f 26/63/1 61/64/1 62/62/1
f 26/63/1 60/65/1 61/64/1
f 27/66/1 60/65/1 26/63/1
f 27/66/1 59/67/1 60/65/1
f 28/68/1 59/67/1 27/66/1
f 28/68/1 58/69/1 59/67/1
f 29/70/1 58/69/1 28/68/1
f 29/70/1 57/71/1 58/69/1
f 30/72/1 57/71/1 29/70/1
f 30/72/1 56/73/1 57/71/1
f 31/74/1 56/73/1 30/72/1
f 31/74/1 55/75/1 56/73/1
f 32/76/1 55/75/1 31/74/1
f 32/76/1 54/77/1 55/75/1
f 33/78/1 54/77/1 32/76/1
f 33/78/1 53/79/1 54/77/1
f 34/80/1 53/79/1 33/78/1
f 35/81/1 37/82/1 34/80/1
f 37/82/1 38/83/1 34/80/1
f 38/83/1 53/79/1 34/80/1
f 35/81/1 36/84/1 37/82/1
f 39/85/1 53/79/1 38/83/1
f 40/86/1 53/79/1 39/85/1
f 41/87/1 53/79/1 40/86/1
f 41/87/1 52/88/1 53/79/1
f 42/89/1 52/88/1 41/87/1
f 43/90/1 52/88/1 42/89/1
f 44/91/1 52/88/1 43/90/1
f 45/92/1 52/88/1 44/91/1
f 46/93/1 52/88/1 45/92/1
f 46/93/1 51/94/1 52/88/1
f 47/95/1 51/94/1 46/93/1
f 48/96/1 51/94/1 47/95/1
f 49/97/1 51/94/1 48/96/1
f 49/97/1 50/98/1 51/94/1
f 197/99/1 195/100/1 196/101/1
f 198/102/1 195/100/1 197/99/1
f 199/103/1 195/100/1 198/102/1
f 199/103/1 194/104/1 195/100/1
f 200/105/1 194/104/1 199/103/1
f 201/106/1 194/104/1 200/105/1
f 201/106/1 193/107/1 194/104/1
f 202/108/1 193/107/1 201/106/1
f 203/109/1 193/107/1 202/108/1
f 203/109/1 192/110/1 193/107/1
f 204/111/1 192/110/1 203/109/1
f 205/112/1 192/110/1 204/111/1
f 245/113/1 243/114/1 244/115/1
f 246/116/1 243/114/1 245/113/1
f 247/117/1 243/114/1 246/116/1
f 247/117/1 242/118/1 243/114/1
f 206/119/1 192/110/1 205/112/1
f 206/119/1 191/120/1 192/110/1
f 248/121/1 242/118/1 247/117/1
f 249/122/1 242/118/1 248/121/1
f 249/122/1 241/123/1 242/118/1
f 207/124/1 191/120/1 206/119/1
f 250/125/1 241/123/1 249/122/1
f 251/126/1 241/123/1 250/125/1
f 160/127/1 191/120/1 207/124/1
f 160/127/1 190/128/1 191/120/1
f 251/126/1 240/129/1 241/123/1
f 252/130/1 240/129/1 251/126/1
f 161/131/1 190/128/1 160/127/1
f 253/132/1 240/129/1 252/130/1
f 253/132/1 239/133/1 240/129/1
f 162/134/1 190/128/1 161/131/1
f 254/135/1 239/133/1 253/132/1
f 162/134/1 189/136/1 190/128/1
f 255/137/1 239/133/1 254/135/1
f 163/138/1 189/136/1 162/134/1
f 255/137/1 238/139/1 239/133/1
f 208/140/1 238/139/1 255/137/1
f 163/138/1 188/141/1 189/136/1
f 209/142/1 238/139/1 208/140/1
f 164/143/1 188/141/1 163/138/1
f 209/142/1 237/144/1 238/139/1
f 210/145/1 237/144/1 209/142/1
f 164/143/1 187/146/1 188/141/1
f 165/147/1 187/146/1 164/143/1
f 211/148/1 237/144/1 210/145/1
f 211/148/1 236/149/1 237/144/1
f 165/147/1 186/150/1 187/146/1
f 212/151/1 236/149/1 211/148/1
f 166/152/1 186/150/1 165/147/1
f 212/151/1 235/153/1 236/149/1
f 166/152/1 185/154/1 186/150/1
f 213/155/1 235/153/1 212/151/1
f 167/156/1 185/154/1 166/152/1
f 213/155/1 234/157/1 235/153/1
f 167/156/1 184/158/1 185/154/1
f 167/156/1 183/159/1 184/158/1
f 214/160/1 234/157/1 213/155/1
f 168/161/1 183/159/1 167/156/1
f 214/160/1 233/162/1 234/157/1
f 168/161/1 182/163/1 183/159/1
f 168/161/1 181/164/1 182/163/1
f 214/160/1 232/165/1 233/162/1
f 215/166/1 232/165/1 214/160/1
f 169/167/1 181/164/1 168/161/1
f 169/167/1 180/168/1 181/164/1
f 215/166/1 231/169/1 232/165/1
f 169/167/1 179/170/1 180/168/1
f 169/167/1 178/171/1 179/170/1
f 170/172/1 178/171/1 169/167/1
f 215/166/1 230/173/1 231/169/1
f 216/174/1 230/173/1 215/166/1
f 170/172/1 177/175/1 178/171/1
f 216/174/1 229/176/1 230/173/1
f 170/172/1 176/177/1 177/175/1
f 171/178/1 176/177/1 170/172/1
f 171/178/1 175/179/1 176/177/1
f 216/174/1 228/180/1 229/176/1
f 171/178/1 174/181/1 175/179/1
f 172/182/1 174/181/1 171/178/1
f 217/183/1 228/180/1 216/174/1
f 172/182/1 173/184/1 174/181/1
f 217/183/1 227/185/1 228/180/1
f 217/183/1 226/186/1 227/185/1
f 218/187/1 226/186/1 217/183/1
f 218/187/1 225/188/1 226/186/1
f 218/187/1 224/189/1 225/188/1
f 219/190/1 224/189/1 218/187/1
f 219/190/1 223/191/1 224/189/1
f 219/190/1 222/192/1 223/191/1
f 220/193/1 222/192/1 219/190/1
f 220/193/1 221/194/1 222/192/1
f 270/195/1 268/196/1 269/197/1
f 270/195/1 267/198/1 268/196/1
f 271/199/1 267/198/1 270/195/1
f 271/199/1 266/200/1 267/198/1
f 272/201/1 266/200/1 271/199/1
f 272/201/1 265/202/1 266/200/1
f 273/203/1 265/202/1 272/201/1
f 273/203/1 264/204/1 265/202/1
f 274/205/1 264/204/1 273/203/1
f 275/206/1 264/204/1 274/205/1
f 275/206/1 263/207/1 264/204/1
f 276/208/1 263/207/1 275/206/1
f 276/208/1 262/209/1 263/207/1
f 277/210/1 262/209/1 276/208/1
f 277/210/1 261/211/1 262/209/1
f 278/212/1 261/211/1 277/210/1
f 278/212/1 260/213/1 261/211/1
f 279/214/1 260/213/1 278/212/1
f 280/215/1 260/213/1 279/214/1
f 280/215/1 259/216/1 260/213/1
f 281/217/1 259/216/1 280/215/1
f 281/217/1 258/218/1 259/216/1
f 282/219/1 258/218/1 281/217/1
f 282/219/1 257/220/1 258/218/1
f 283/221/1 257/220/1 282/219/1
f 283/221/1 256/222/1 257/220/1
f 284/223/1 256/222/1 283/221/1
f 285/224/1 256/222/1 284/223/1
f 285/224/1 363/33/1 256/222/1
f 286/225/1 363/33/1 285/224/1
f 287/226/1 363/33/1 286/225/1
f 288/227/1 363/33/1 287/226/1
f 288/227/1 362/228/1 363/33/1
f 289/229/1 362/228/1 288/227/1
f 290/230/1 362/228/1 289/229/1
f 291/231/1 362/228/1 290/230/1
f 292/232/1 362/228/1 291/231/1
f 292/232/1 361/233/1 362/228/1
f 293/234/1 361/233/1 292/232/1
f 294/235/1 361/233/1 293/234/1
f 295/236/1 361/233/1 294/235/1
f 295/236/1 360/237/1 361/233/1
f 296/238/1 360/237/1 295/236/1
f 297/239/1 360/237/1 296/238/1
f 298/240/1 360/237/1 297/239/1
f 299/241/1 360/237/1 298/240/1
f 299/241/1 359/242/1 360/237/1
f 300/243/1 359/242/1 299/241/1
f 301/244/1 359/242/1 300/243/1
f 302/245/1 359/242/1 301/244/1
f 303/246/1 359/242/1 302/245/1
f 303/246/1 358/247/1 359/242/1
f 304/248/1 358/247/1 303/246/1
f 305/249/1 358/247/1 304/248/1
f 306/250/1 358/247/1 305/249/1
f 306/250/1 357/251/1 358/247/1
f 307/252/1 357/251/1 306/250/1
f 308/253/1 357/251/1 307/252/1
f 309/254/1 357/251/1 308/253/1
f 310/255/1 357/251/1 309/254/1
f 310/255/1 356/256/1 357/251/1
f 311/257/1 356/256/1 310/255/1
f 312/258/1 356/256/1 311/257/1
f 313/259/1 356/256/1 312/258/1
f 314/260/1 356/256/1 313/259/1
f 314/260/1 355/261/1 356/256/1
f 315/262/1 355/261/1 314/260/1
f 316/263/1 355/261/1 315/262/1
f 317/264/1 355/261/1 316/263/1
f 318/265/1 355/261/1 317/264/1
f 319/266/1 355/261/1 318/265/1
f 320/267/1 355/261/1 319/266/1
f 320/267/1 354/268/1 355/261/1
f 321/269/1 354/268/1 320/267/1
f 322/270/1 354/268/1 321/269/1
f 323/271/1 354/268/1 322/270/1
f 324/272/1 354/268/1 323/271/1
f 325/273/1 354/268/1 324/272/1
f 326/274/1 354/268/1 325/273/1
f 327/275/1 354/268/1 326/274/1
f 328/276/1 354/268/1 327/275/1
f 329/277/1 354/268/1 328/276/1
f 329/277/1 353/278/1 354/268/1
f 330/279/1 353/278/1 329/277/1
f 331/280/1 353/278/1 330/279/1
f 332/281/1 353/278/1 331/280/1
f 332/281/1 352/282/1 353/278/1
f 333/283/1 352/282/1 332/281/1
f 334/284/1 352/282/1 333/283/1
f 335/285/1 352/282/1 334/284/1
f 335/285/1 351/286/1 352/282/1
f 336/287/1 351/286/1 335/285/1
f 336/287/1 350/288/1 351/286/1
f 336/287/1 349/289/1 350/288/1
f 337/290/1 349/289/1 336/287/1
f 337/290/1 348/291/1 349/289/1
f 337/290/1 347/292/1 348/291/1
f 338/293/1 347/292/1 337/290/1
f 338/293/1 346/294/1 347/292/1
f 338/293/1 345/295/1 346/294/1
f 338/293/1 344/296/1 345/295/1
f 339/297/1 344/296/1 338/293/1
f 339/297/1 343/298/1 344/296/1
f 339/297/1 342/299/1 343/298/1
f 340/300/1 342/299/1 339/297/1
f 340/300/1 341/301/1 342/299/1
f 136/302/1 134/303/1 135/304/1
f 137/305/1 134/303/1 136/302/1
f 138/306/1 134/303/1 137/305/1
f 139/307/1 134/303/1 138/306/1
f 139/307/1 133/308/1 134/303/1
f 140/309/1 133/308/1 139/307/1
f 141/310/1 133/308/1 140/309/1
f 142/311/1 133/308/1 141/310/1
f 142/311/1 132/312/1 133/308/1
f 143/313/1 132/312/1 142/311/1
f 144/314/1 132/312/1 143/313/1
f 145/315/1 132/312/1 144/314/1
f 145/315/1 131/316/1 132/312/1
f 146/317/1 131/316/1 145/315/1
f 147/318/1 131/316/1 146/317/1
f 148/319/1 131/316/1 147/318/1
f 148/319/1 130/320/1 131/316/1
f 149/321/1 130/320/1 148/319/1
f 150/322/1 130/320/1 149/321/1
f 150/322/1 129/323/1 130/320/1
f 151/324/1 129/323/1 150/322/1
f 151/324/1 128/325/1 129/323/1
f 152/326/1 128/325/1 151/324/1
f 153/327/1 128/325/1 152/326/1
f 153/327/1 127/328/1 128/325/1
f 154/329/1 127/328/1 153/327/1
f 155/330/1 127/328/1 154/329/1
f 155/330/1 126/331/1 127/328/1
f 156/332/1 126/331/1 155/330/1
f 157/333/1 126/331/1 156/332/1
f 157/333/1 125/334/1 126/331/1
f 158/335/1 125/334/1 157/333/1
f 159/336/1 99/32/1 158/335/1
f 99/32/1 125/334/1 158/335/1
f 99/32/1 124/337/1 125/334/1
f 100/338/1 124/337/1 99/32/1
f 101/339/1 124/337/1 100/338/1
f 101/339/1 123/340/1 124/337/1
f 102/341/1 123/340/1 101/339/1
f 103/342/1 123/340/1 102/341/1
f 103/342/1 122/343/1 123/340/1
f 104/344/1 122/343/1 103/342/1
f 104/344/1 121/345/1 122/343/1
f 105/346/1 121/345/1 104/344/1
f 105/346/1 120/347/1 121/345/1
f 106/348/1 120/347/1 105/346/1
f 106/348/1 119/349/1 120/347/1
f 106/348/1 118/350/1 119/349/1
f 107/351/1 118/350/1 106/348/1
f 107/351/1 117/352/1 118/350/1
f 108/353/1 117/352/1 107/351/1
f 108/353/1 116/354/1 117/352/1
f 109/355/1 116/354/1 108/353/1
f 109/355/1 115/356/1 116/354/1
f 109/355/1 114/357/1 115/356/1
f 110/358/1 114/357/1 109/355/1
f 110/358/1 113/359/1 114/357/1
f 110/358/1 112/360/1 113/359/1
f 111/361/1 112/360/1 110/358/1
f 377/1/1 375/2/1 376/3/1
f 450/4/1 448/5/1 449/6/1
f 377/1/1 374/7/1 375/2/1
f 451/8/1 448/5/1 450/4/1
f 451/8/1 447/9/1 448/5/1
f 377/1/1 373/10/1 374/7/1
f 452/11/1 447/9/1 451/8/1
f 378/12/1 373/10/1 377/1/1
f 378/12/1 372/13/1 373/10/1
f 453/14/1 447/9/1 452/11/1
f 453/14/1 446/15/1 447/9/1
f 378/12/1 371/16/1 372/13/1
f 454/17/1 446/15/1 453/14/1
f 378/12/1 370/18/1 371/16/1
f 455/19/1 446/15/1 454/17/1
f 378/12/1 369/20/1 370/18/1
f 456/21/1 446/15/1 455/19/1
f 456/21/1 445/22/1 446/15/1
f 378/12/1 368/23/1 369/20/1
f 457/24/1 445/22/1 456/21/1
f 379/25/1 368/23/1 378/12/1
f 379/25/1 367/26/1 368/23/1
f 458/27/1 445/22/1 457/24/1
f 379/25/1 366/28/1 367/26/1
f 459/29/1 445/22/1 458/27/1
f 379/25/1 365/30/1 366/28/1
f 460/31/1 445/22/1 459/29/1
f 379/25/1 364/32/1 365/30/1
f 461/33/1 445/22/1 460/31/1
f 379/25/1 461/33/1 364/32/1
f 379/25/1 445/22/1 461/33/1
f 379/25/1 444/34/1 445/22/1
f 379/25/1 443/35/1 444/34/1
f 380/36/1 443/35/1 379/25/1
f 380/36/1 442/37/1 443/35/1
f 380/36/1 441/38/1 442/37/1
f 380/36/1 440/39/1 441/38/1
f 381/40/1 440/39/1 380/36/1
f 381/40/1 439/41/1 440/39/1
f 381/40/1 438/42/1 439/41/1
f 381/40/1 437/43/1 438/42/1
f 382/44/1 437/43/1 381/40/1
f 382/44/1 436/45/1 437/43/1
f 382/44/1 435/46/1 436/45/1
f 383/47/1 435/46/1 382/44/1
f 383/47/1 434/48/1 435/46/1
f 383/47/1 433/49/1 434/48/1
f 384/50/1 433/49/1 383/47/1
f 384/50/1 432/51/1 433/49/1
f 384/50/1 431/52/1 432/51/1
f 385/53/1 431/52/1 384/50/1
f 385/53/1 430/54/1 431/52/1
f 385/53/1 429/55/1 430/54/1
f 386/56/1 429/55/1 385/53/1
f 386/56/1 428/57/1 429/55/1
f 387/58/1 428/57/1 386/56/1
f 387/58/1 427/59/1 428/57/1
f 387/58/1 426/60/1 427/59/1
f 388/61/1 426/60/1 387/58/1
f 388/61/1 425/62/1 426/60/1
f 389/63/1 425/62/1 388/61/1
f 389/63/1 424/64/1 425/62/1
f 389/63/1 423/65/1 424/64/1
f 390/66/1 423/65/1 389/63/1
f 390/66/1 422/67/1 423/65/1
f 391/68/1 422/67/1 390/66/1
f 391/68/1 421/69/1 422/67/1
f 392/70/1 421/69/1 391/68/1
f 392/70/1 420/71/1 421/69/1
f 393/72/1 420/71/1 392/70/1
f 393/72/1 419/73/1 420/71/1
f 394/74/1 419/73/1 393/72/1
f 394/74/1 418/75/1 419/73/1
f 395/76/1 418/75/1 394/74/1
f 395/76/1 417/77/1 418/75/1
f 396/78/1 417/77/1 395/76/1
f 396/78/1 416/79/1 417/77/1
f 397/80/1 416/79/1 396/78/1
f 398/81/1 400/82/1 397/80/1
f 400/82/1 401/83/1 397/80/1
f 401/83/1 416/79/1 397/80/1
f 398/81/1 399/84/1 400/82/1
f 402/85/1 416/79/1 401/83/1
f 403/86/1 416/79/1 402/85/1
f 404/87/1 416/79/1 403/86/1
f 404/87/1 415/88/1 416/79/1
f 405/89/1 415/88/1 404/87/1
f 406/90/1 415/88/1 405/89/1
f 407/91/1 415/88/1 406/90/1
f 408/92/1 415/88/1 407/91/1
f 409/93/1 415/88/1 408/92/1
f 409/93/1 414/94/1 415/88/1
f 410/95/1 414/94/1 409/93/1
f 411/96/1 414/94/1 410/95/1
f 412/97/1 414/94/1 411/96/1
f 412/97/1 413/98/1 414/94/1
f 485/362/1 483/363/1 484/364/1
f 486/365/1 483/363/1 485/362/1
f 487/366/1 483/363/1 486/365/1
f 487/366/1 482/367/1 483/363/1
f 487/366/1 481/368/1 482/367/1
f 488/369/1 481/368/1 487/366/1
f 488/369/1 480/370/1 481/368/1
f 488/369/1 479/361/1 480/370/1
f 489/371/1 479/361/1 488/369/1
f 489/371/1 478/372/1 479/361/1
f 490/373/1 478/372/1 489/371/1
f 490/373/1 477/374/1 478/372/1
f 490/373/1 476/375/1 477/374/1
f 491/376/1 476/375/1 490/373/1
f 491/376/1 475/377/1 476/375/1
f 492/378/1 475/377/1 491/376/1
f 492/378/1 474/379/1 475/377/1
f 493/380/1 474/379/1 492/378/1
f 493/380/1 473/381/1 474/379/1
f 494/382/1 473/381/1 493/380/1
f 494/382/1 472/383/1 473/381/1
f 495/384/1 472/383/1 494/382/1
f 496/340/1 472/383/1 495/384/1
f 496/340/1 471/385/1 472/383/1
f 497/386/1 471/385/1 496/340/1
f 497/386/1 470/387/1 471/385/1
f 498/388/1 470/387/1 497/386/1
f 499/389/1 470/387/1 498/388/1
f 499/389/1 469/390/1 470/387/1
f 500/391/1 469/390/1 499/389/1
f 500/391/1 468/392/1 469/390/1
f 501/393/1 468/392/1 500/391/1
f 502/394/1 468/392/1 501/393/1
f 502/394/1 467/395/1 468/392/1
f 503/396/1 467/395/1 502/394/1
f 503/396/1 466/397/1 467/395/1
f 504/398/1 466/397/1 503/396/1
f 505/399/1 466/397/1 504/398/1
f 505/399/1 465/400/1 466/397/1
f 506/401/1 465/400/1 505/399/1
f 506/401/1 464/402/1 465/400/1
f 507/403/1 464/402/1 506/401/1
f 508/404/1 464/402/1 507/403/1
f 508/404/1 463/405/1 464/402/1
f 509/406/1 463/405/1 508/404/1
f 519/407/1 517/408/1 518/409/1
f 520/410/1 517/408/1 519/407/1
f 510/411/1 463/405/1 509/406/1
f 520/410/1 516/412/1 517/408/1
f 510/411/1 511/413/1 463/405/1
f 511/413/1 462/32/1 463/405/1
f 521/414/1 516/412/1 520/410/1
f 521/414/1 515/415/1 516/412/1
f 521/414/1 514/416/1 515/415/1
f 512/417/1 462/32/1 511/413/1
f 521/414/1 513/304/1 514/416/1
f 522/418/1 513/304/1 521/414/1
f 513/304/1 462/32/1 512/417/1
f 522/418/1 836/33/1 513/304/1
f 836/33/1 462/32/1 513/304/1
f 522/418/1 835/419/1 836/33/1
f 523/420/1 835/419/1 522/418/1
f 523/420/1 834/421/1 835/419/1
f 523/420/1 833/422/1 834/421/1
f 523/420/1 832/423/1 833/422/1
f 523/420/1 831/424/1 832/423/1
f 524/425/1 831/424/1 523/420/1
f 524/425/1 830/426/1 831/424/1
f 524/425/1 829/427/1 830/426/1
f 525/428/1 829/427/1 524/425/1
f 525/428/1 828/429/1 829/427/1
f 526/430/1 828/429/1 525/428/1
f 526/430/1 827/431/1 828/429/1
f 527/432/1 827/431/1 526/430/1
f 528/433/1 827/431/1 527/432/1
f 528/433/1 826/434/1 827/431/1
f 529/435/1 826/434/1 528/433/1
f 530/318/1 826/434/1 529/435/1
f 530/318/1 825/436/1 826/434/1
f 531/437/1 825/436/1 530/318/1
f 532/438/1 825/436/1 531/437/1
f 533/439/1 825/436/1 532/438/1
f 533/439/1 824/440/1 825/436/1
f 534/441/1 824/440/1 533/439/1
f 535/442/1 824/440/1 534/441/1
f 536/443/1 824/440/1 535/442/1
f 536/443/1 823/444/1 824/440/1
f 537/445/1 823/444/1 536/443/1
f 537/445/1 822/446/1 823/444/1
f 538/447/1 822/446/1 537/445/1
f 538/447/1 821/448/1 822/446/1
f 538/447/1 820/449/1 821/448/1
f 539/450/1 820/449/1 538/447/1
f 539/450/1 819/286/1 820/449/1
f 540/451/1 819/286/1 539/450/1
f 540/451/1 818/452/1 819/286/1
f 540/451/1 817/453/1 818/452/1
f 541/454/1 817/453/1 540/451/1
f 541/454/1 816/455/1 817/453/1
f 541/454/1 815/456/1 816/455/1
f 541/454/1 800/457/1 815/456/1
f 800/457/1 814/458/1 815/456/1
f 541/454/1 799/459/1 800/457/1
f 801/460/1 814/458/1 800/457/1
f 802/297/1 814/458/1 801/460/1
f 803/461/1 814/458/1 802/297/1
f 803/461/1 813/462/1 814/458/1
f 804/463/1 813/462/1 803/461/1
f 805/464/1 813/462/1 804/463/1
f 806/465/1 813/462/1 805/464/1
f 807/466/1 813/462/1 806/465/1
f 808/467/1 813/462/1 807/466/1
f 809/468/1 813/462/1 808/467/1
f 809/468/1 812/469/1 813/462/1
f 810/470/1 812/469/1 809/468/1
f 541/454/1 798/471/1 799/459/1
f 811/472/1 812/469/1 810/470/1
f 542/473/1 798/471/1 541/454/1
f 542/473/1 797/474/1 798/471/1
f 543/475/1 564/178/1 542/473/1
f 564/178/1 565/476/1 542/473/1
f 565/476/1 797/474/1 542/473/1
f 566/477/1 797/474/1 565/476/1
f 543/475/1 563/478/1 564/178/1
f 566/477/1 796/479/1 797/474/1
f 567/480/1 796/479/1 566/477/1
f 543/475/1 562/481/1 563/478/1
f 543/475/1 561/482/1 562/481/1
f 568/483/1 796/479/1 567/480/1
f 543/475/1 560/484/1 561/482/1
f 543/475/1 559/485/1 560/484/1
f 543/475/1 558/486/1 559/485/1
f 543/475/1 557/487/1 558/486/1
f 544/488/1 557/487/1 543/475/1
f 544/488/1 556/489/1 557/487/1
f 569/490/1 796/479/1 568/483/1
f 544/488/1 555/491/1 556/489/1
f 544/488/1 554/492/1 555/491/1
f 544/488/1 553/493/1 554/492/1
f 569/490/1 795/494/1 796/479/1
f 544/488/1 552/495/1 553/493/1
f 545/496/1 552/495/1 544/488/1
f 570/497/1 795/494/1 569/490/1
f 545/496/1 551/498/1 552/495/1
f 545/496/1 550/499/1 551/498/1
f 546/500/1 550/499/1 545/496/1
f 546/500/1 549/501/1 550/499/1
f 546/500/1 548/502/1 549/501/1
f 547/336/1 548/502/1 546/500/1
f 571/503/1 795/494/1 570/497/1
f 571/503/1 794/504/1 795/494/1
f 572/505/1 794/504/1 571/503/1
f 572/505/1 793/506/1 794/504/1
f 573/507/1 793/506/1 572/505/1
f 573/507/1 792/508/1 793/506/1
f 573/507/1 791/509/1 792/508/1
f 574/510/1 791/509/1 573/507/1
f 574/510/1 790/511/1 791/509/1
f 575/512/1 790/511/1 574/510/1
f 575/512/1 789/513/1 790/511/1
f 575/512/1 788/514/1 789/513/1
f 576/515/1 788/514/1 575/512/1
f 576/515/1 787/516/1 788/514/1
f 576/515/1 786/517/1 787/516/1
f 576/515/1 785/275/1 786/517/1
f 576/515/1 784/518/1 785/275/1
f 576/515/1 783/519/1 784/518/1
f 576/515/1 782/520/1 783/519/1
f 576/515/1 781/521/1 782/520/1
f 576/515/1 780/522/1 781/521/1
f 577/523/1 780/522/1 576/515/1
f 577/523/1 779/524/1 780/522/1
f 577/523/1 778/525/1 779/524/1
f 577/523/1 777/526/1 778/525/1
f 577/523/1 776/527/1 777/526/1
f 577/523/1 775/528/1 776/527/1
f 577/523/1 774/529/1 775/528/1
f 578/530/1 774/529/1 577/523/1
f 578/530/1 773/531/1 774/529/1
f 578/530/1 772/532/1 773/531/1
f 578/530/1 771/533/1 772/532/1
f 579/534/1 771/533/1 578/530/1
f 579/534/1 770/535/1 771/533/1
f 579/534/1 769/536/1 770/535/1
f 579/534/1 768/262/1 769/536/1
f 580/537/1 768/262/1 579/534/1
f 580/537/1 644/538/1 768/262/1
f 644/538/1 767/539/1 768/262/1
f 580/537/1 643/540/1 644/538/1
f 645/541/1 767/539/1 644/538/1
f 645/541/1 766/542/1 767/539/1
f 646/543/1 766/542/1 645/541/1
f 580/537/1 642/544/1 643/540/1
f 647/545/1 766/542/1 646/543/1
f 581/159/1 642/544/1 580/537/1
f 647/545/1 765/546/1 766/542/1
f 648/547/1 765/546/1 647/545/1
f 581/159/1 641/548/1 642/544/1
f 648/547/1 764/549/1 765/546/1
f 649/169/1 764/549/1 648/547/1
f 582/550/1 641/548/1 581/159/1
f 649/169/1 763/551/1 764/549/1
f 650/552/1 763/551/1 649/169/1
f 582/550/1 640/553/1 641/548/1
f 583/554/1 640/553/1 582/550/1
f 651/555/1 763/551/1 650/552/1
f 651/555/1 762/556/1 763/551/1
f 585/557/1 583/554/1 584/558/1
f 585/557/1 640/553/1 583/554/1
f 586/559/1 640/553/1 585/557/1
f 652/560/1 762/556/1 651/555/1
f 586/559/1 639/561/1 640/553/1
f 587/562/1 639/561/1 586/559/1
f 588/563/1 639/561/1 587/562/1
f 652/560/1 761/564/1 762/556/1
f 589/565/1 639/561/1 588/563/1
f 653/566/1 761/564/1 652/560/1
f 590/567/1 639/561/1 589/565/1
f 591/568/1 639/561/1 590/567/1
f 654/569/1 761/564/1 653/566/1
f 592/570/1 639/561/1 591/568/1
f 592/570/1 638/571/1 639/561/1
f 654/569/1 760/572/1 761/564/1
f 655/573/1 760/572/1 654/569/1
f 593/574/1 638/571/1 592/570/1
f 656/575/1 760/572/1 655/573/1
f 594/576/1 638/571/1 593/574/1
f 657/577/1 760/572/1 656/575/1
f 595/578/1 638/571/1 594/576/1
f 658/579/1 760/572/1 657/577/1
f 659/580/1 760/572/1 658/579/1
f 660/581/1 760/572/1 659/580/1
f 660/581/1 759/582/1 760/572/1
f 661/583/1 759/582/1 660/581/1
f 596/584/1 638/571/1 595/578/1
f 662/585/1 759/582/1 661/583/1
f 663/586/1 759/582/1 662/585/1
f 596/584/1 637/587/1 638/571/1
f 664/588/1 759/582/1 663/586/1
f 597/589/1 637/587/1 596/584/1
f 665/590/1 759/582/1 664/588/1
f 598/100/1 637/587/1 597/589/1
f 666/114/1 759/582/1 665/590/1
f 599/591/1 637/587/1 598/100/1
f 667/592/1 759/582/1 666/114/1
f 600/593/1 637/587/1 599/591/1
f 668/594/1 759/582/1 667/592/1
f 669/595/1 759/582/1 668/594/1
f 601/596/1 637/587/1 600/593/1
f 602/597/1 637/587/1 601/596/1
f 669/595/1 758/598/1 759/582/1
f 670/599/1 758/598/1 669/595/1
f 603/600/1 637/587/1 602/597/1
f 604/601/1 637/587/1 603/600/1
f 605/602/1 637/587/1 604/601/1
f 671/603/1 758/598/1 670/599/1
f 606/604/1 637/587/1 605/602/1
f 607/605/1 637/587/1 606/604/1
f 672/606/1 758/598/1 671/603/1
f 608/607/1 637/587/1 607/605/1
f 608/607/1 636/608/1 637/587/1
f 609/609/1 636/608/1 608/607/1
f 610/610/1 636/608/1 609/609/1
f 673/611/1 758/598/1 672/606/1
f 673/611/1 757/612/1 758/598/1
f 611/613/1 636/608/1 610/610/1
f 612/614/1 636/608/1 611/613/1
f 613/615/1 636/608/1 612/614/1
f 674/616/1 757/612/1 673/611/1
f 614/617/1 636/608/1 613/615/1
f 615/124/1 636/608/1 614/617/1
f 675/618/1 757/612/1 674/616/1
f 616/619/1 636/608/1 615/124/1
f 617/620/1 636/608/1 616/619/1
f 676/621/1 757/612/1 675/618/1
f 618/622/1 636/608/1 617/620/1
f 676/621/1 756/623/1 757/612/1
f 619/624/1 636/608/1 618/622/1
f 619/624/1 635/625/1 636/608/1
f 677/626/1 756/623/1 676/621/1
f 620/627/1 635/625/1 619/624/1
f 621/628/1 635/625/1 620/627/1
f 705/629/1 703/630/1 704/631/1
f 705/629/1 702/632/1 703/630/1
f 705/629/1 701/633/1 702/632/1
f 705/629/1 700/198/1 701/633/1
f 705/629/1 699/634/1 700/198/1
f 678/635/1 756/623/1 677/626/1
f 705/629/1 698/636/1 699/634/1
f 705/629/1 697/637/1 698/636/1
f 706/638/1 697/637/1 705/629/1
f 706/638/1 696/639/1 697/637/1
f 706/638/1 695/640/1 696/639/1
f 706/638/1 694/641/1 695/640/1
f 706/638/1 693/642/1 694/641/1
f 706/638/1 692/643/1 693/642/1
f 706/638/1 691/644/1 692/643/1
f 706/638/1 690/645/1 691/644/1
f 707/646/1 690/645/1 706/638/1
f 707/646/1 689/647/1 690/645/1
f 679/648/1 756/623/1 678/635/1
f 707/646/1 688/649/1 689/647/1
f 707/646/1 687/650/1 688/649/1
f 707/646/1 686/651/1 687/650/1
f 707/646/1 685/652/1 686/651/1
f 680/653/1 756/623/1 679/648/1
f 707/646/1 684/654/1 685/652/1
f 707/646/1 683/137/1 684/654/1
f 707/646/1 682/655/1 683/137/1
f 622/656/1 635/625/1 621/628/1
f 707/646/1 681/657/1 682/655/1
f 707/646/1 680/653/1 681/657/1
f 707/646/1 756/623/1 680/653/1
f 708/658/1 756/623/1 707/646/1
f 708/658/1 755/659/1 756/623/1
f 709/660/1 755/659/1 708/658/1
f 623/661/1 635/625/1 622/656/1
f 623/661/1 634/662/1 635/625/1
f 710/663/1 755/659/1 709/660/1
f 624/664/1 634/662/1 623/661/1
f 625/665/1 634/662/1 624/664/1
f 711/666/1 755/659/1 710/663/1
f 711/666/1 754/667/1 755/659/1
f 626/668/1 634/662/1 625/665/1
f 626/668/1 633/669/1 634/662/1
f 712/670/1 754/667/1 711/666/1
f 627/671/1 633/669/1 626/668/1
f 628/672/1 633/669/1 627/671/1
f 629/673/1 633/669/1 628/672/1
f 713/674/1 754/667/1 712/670/1
f 629/673/1 632/190/1 633/669/1
f 630/675/1 632/190/1 629/673/1
f 631/676/1 632/190/1 630/675/1
f 713/674/1 753/677/1 754/667/1
f 714/678/1 753/677/1 713/674/1
f 714/678/1 752/679/1 753/677/1
f 715/680/1 752/679/1 714/678/1
f 716/681/1 752/679/1 715/680/1
f 716/681/1 751/246/1 752/679/1
f 716/681/1 750/682/1 751/246/1
f 717/214/1 750/682/1 716/681/1
f 717/214/1 749/683/1 750/682/1
f 717/214/1 748/684/1 749/683/1
f 717/214/1 747/685/1 748/684/1
f 718/686/1 747/685/1 717/214/1
f 718/686/1 746/687/1 747/685/1
f 718/686/1 745/688/1 746/687/1
f 718/686/1 744/689/1 745/688/1
f 719/690/1 744/689/1 718/686/1
f 719/690/1 743/691/1 744/689/1
f 719/690/1 742/692/1 743/691/1
f 720/693/1 742/692/1 719/690/1
f 720/693/1 741/694/1 742/692/1
f 720/693/1 740/695/1 741/694/1
f 720/693/1 739/696/1 740/695/1
f 721/697/1 739/696/1 720/693/1
f 721/697/1 738/698/1 739/696/1
f 722/699/1 738/698/1 721/697/1
f 722/699/1 737/700/1 738/698/1
f 723/701/1 737/700/1 722/699/1
f 723/701/1 736/702/1 737/700/1
f 724/703/1 736/702/1 723/701/1
f 724/703/1 735/704/1 736/702/1
f 725/705/1 735/704/1 724/703/1
f 725/705/1 734/231/1 735/704/1
f 726/706/1 734/231/1 725/705/1
f 726/706/1 733/707/1 734/231/1
f 727/708/1 733/707/1 726/706/1
f 727/708/1 732/709/1 733/707/1
f 727/708/1 731/710/1 732/709/1
f 728/711/1 731/710/1 727/708/1
f 728/711/1 730/712/1 731/710/1
f 729/713/1 730/712/1 728/711/1
f 898/714/1 896/715/1 897/147/1
f 899/716/1 896/715/1 898/714/1
f 899/716/1 895/717/1 896/715/1
f 900/718/1 895/717/1 899/716/1
f 900/718/1 894/719/1 895/717/1
f 901/720/1 894/719/1 900/718/1
f 902/721/1 894/719/1 901/720/1
f 902/721/1 893/722/1 894/719/1
f 903/723/1 893/722/1 902/721/1
f 903/723/1 892/724/1 893/722/1
f 904/725/1 892/724/1 903/723/1
f 905/726/1 892/724/1 904/725/1
f 905/726/1 891/727/1 892/724/1
f 906/728/1 891/727/1 905/726/1
f 907/177/1 891/727/1 906/728/1
f 907/177/1 890/729/1 891/727/1
f 908/730/1 890/729/1 907/177/1
f 909/731/1 890/729/1 908/730/1
f 909/731/1 889/732/1 890/729/1
f 910/733/1 889/732/1 909/731/1
f 910/733/1 888/734/1 889/732/1
f 911/735/1 888/734/1 910/733/1
f 911/735/1 887/329/1 888/734/1
f 911/735/1 886/736/1 887/329/1
f 911/735/1 885/737/1 886/736/1
f 912/738/1 885/737/1 911/735/1
f 912/738/1 884/739/1 885/737/1
f 913/740/1 884/739/1 912/738/1
f 913/740/1 883/741/1 884/739/1
f 913/740/1 882/742/1 883/741/1
f 914/743/1 882/742/1 913/740/1
f 914/743/1 881/744/1 882/742/1
f 914/743/1 880/745/1 881/744/1
f 915/746/1 880/745/1 914/743/1
f 915/746/1 879/747/1 880/745/1
f 915/746/1 878/748/1 879/747/1
f 916/749/1 878/748/1 915/746/1
f 916/749/1 877/313/1 878/748/1
f 1054/750/1 1052/751/1 1053/752/1
f 1054/750/1 1051/753/1 1052/751/1
f 1054/750/1 1050/754/1 1051/753/1
f 1054/750/1 1049/755/1 1050/754/1
f 1055/756/1 1049/755/1 1054/750/1
f 1055/756/1 1048/757/1 1049/755/1
f 1055/756/1 1047/279/1 1048/757/1
f 1056/758/1 1047/279/1 1055/756/1
f 1056/758/1 1046/759/1 1047/279/1
f 1056/758/1 1045/760/1 1046/759/1
f 1056/758/1 1044/761/1 1045/760/1
f 1057/301/1 1044/761/1 1056/758/1
f 1057/301/1 1043/762/1 1044/761/1
f 1057/301/1 1042/763/1 1043/762/1
f 1057/301/1 1041/764/1 1042/763/1
f 1058/765/1 1041/764/1 1057/301/1
f 1058/765/1 1040/766/1 1041/764/1
f 1058/765/1 1039/767/1 1040/766/1
f 917/146/1 877/313/1 916/749/1
f 1058/765/1 1038/768/1 1039/767/1
f 917/146/1 876/769/1 877/313/1
f 1059/770/1 1038/768/1 1058/765/1
f 1059/770/1 1037/266/1 1038/768/1
f 1059/770/1 1036/771/1 1037/266/1
f 1059/770/1 1035/772/1 1036/771/1
f 1060/773/1 1035/772/1 1059/770/1
f 1060/773/1 1034/774/1 1035/772/1
f 1060/773/1 1033/775/1 1034/774/1
f 1060/773/1 1032/776/1 1033/775/1
f 1061/777/1 1032/776/1 1060/773/1
f 1061/777/1 1031/778/1 1032/776/1
f 1061/777/1 1030/779/1 1031/778/1
f 1061/777/1 1029/780/1 1030/779/1
f 1062/781/1 1029/780/1 1061/777/1
f 1062/781/1 1028/782/1 1029/780/1
f 917/146/1 875/783/1 876/769/1
f 1063/784/1 1028/782/1 1062/781/1
f 1063/784/1 1027/253/1 1028/782/1
f 1064/785/1 1027/253/1 1063/784/1
f 918/786/1 875/783/1 917/146/1
f 1065/787/1 1027/253/1 1064/785/1
f 918/786/1 874/788/1 875/783/1
f 1065/787/1 1026/789/1 1027/253/1
f 1066/790/1 1026/789/1 1065/787/1
f 1067/282/1 1026/789/1 1066/790/1
f 918/786/1 873/791/1 874/788/1
f 1067/282/1 1025/792/1 1026/789/1
f 1068/793/1 1025/792/1 1067/282/1
f 919/794/1 873/791/1 918/786/1
f 1069/795/1 1025/792/1 1068/793/1
f 919/794/1 872/796/1 873/791/1
f 1070/797/1 1025/792/1 1069/795/1
f 919/794/1 871/798/1 872/796/1
f 1070/797/1 1024/799/1 1025/792/1
f 919/794/1 870/800/1 871/798/1
f 1071/801/1 1024/799/1 1070/797/1
f 919/794/1 869/802/1 870/800/1
f 1072/803/1 1024/799/1 1071/801/1
f 919/794/1 868/804/1 869/802/1
f 920/805/1 868/804/1 919/794/1
f 920/805/1 867/312/1 868/804/1
f 1073/806/1 1024/799/1 1072/803/1
f 1073/806/1 1023/807/1 1024/799/1
f 920/805/1 866/808/1 867/312/1
f 1074/809/1 1023/807/1 1073/806/1
f 920/805/1 865/810/1 866/808/1
f 920/805/1 864/811/1 865/810/1
f 1075/812/1 1023/807/1 1074/809/1
f 921/813/1 864/811/1 920/805/1
f 921/813/1 863/814/1 864/811/1
f 1075/812/1 1022/815/1 1023/807/1
f 1076/816/1 1022/815/1 1075/812/1
f 921/813/1 862/817/1 863/814/1
f 921/813/1 861/818/1 862/817/1
f 1077/33/1 1022/815/1 1076/816/1
f 922/819/1 861/818/1 921/813/1
f 922/819/1 860/820/1 861/818/1
f 923/821/1 860/820/1 922/819/1
f 837/32/1 1022/815/1 1077/33/1
f 924/822/1 860/820/1 923/821/1
f 838/823/1 1022/815/1 837/32/1
f 924/822/1 859/824/1 860/820/1
f 925/825/1 859/824/1 924/822/1
f 838/823/1 1021/826/1 1022/815/1
f 839/827/1 1021/826/1 838/823/1
f 926/828/1 859/824/1 925/825/1
f 926/828/1 858/829/1 859/824/1
f 840/830/1 1021/826/1 839/827/1
f 927/102/1 858/829/1 926/828/1
f 927/102/1 857/345/1 858/829/1
f 841/831/1 1021/826/1 840/830/1
f 928/832/1 857/345/1 927/102/1
f 842/833/1 1021/826/1 841/831/1
f 928/832/1 856/834/1 857/345/1
f 929/835/1 856/834/1 928/832/1
f 843/836/1 1021/826/1 842/833/1
f 929/835/1 855/837/1 856/834/1
f 930/838/1 855/837/1 929/835/1
f 844/839/1 1021/826/1 843/836/1
f 930/838/1 854/840/1 855/837/1
f 845/841/1 1021/826/1 844/839/1
f 930/838/1 853/842/1 854/840/1
f 931/843/1 853/842/1 930/838/1
f 846/844/1 1021/826/1 845/841/1
f 931/843/1 852/845/1 853/842/1
f 847/358/1 1021/826/1 846/844/1
f 931/843/1 851/846/1 852/845/1
f 848/847/1 1021/826/1 847/358/1
f 931/843/1 850/848/1 851/846/1
f 932/849/1 850/848/1 931/843/1
f 849/850/1 1021/826/1 848/847/1
f 932/849/1 849/850/1 850/848/1
f 932/849/1 1021/826/1 849/850/1
f 933/851/1 1021/826/1 932/849/1
f 933/851/1 1020/852/1 1021/826/1
f 934/853/1 1020/852/1 933/851/1
f 935/854/1 1020/852/1 934/853/1
f 936/855/1 1020/852/1 935/854/1
f 937/142/1 1020/852/1 936/855/1
f 938/856/1 1020/852/1 937/142/1
f 939/857/1 1020/852/1 938/856/1
f 940/858/1 1020/852/1 939/857/1
f 941/859/1 1020/852/1 940/858/1
f 942/860/1 1020/852/1 941/859/1
f 943/861/1 1020/852/1 942/860/1
f 944/862/1 1020/852/1 943/861/1
f 945/863/1 1020/852/1 944/862/1
f 946/864/1 1020/852/1 945/863/1
f 947/193/1 1020/852/1 946/864/1
f 948/865/1 1020/852/1 947/193/1
f 949/866/1 1020/852/1 948/865/1
f 950/867/1 1020/852/1 949/866/1
f 951/868/1 1020/852/1 950/867/1
f 951/868/1 1019/869/1 1020/852/1
f 952/870/1 1019/869/1 951/868/1
f 953/871/1 1019/869/1 952/870/1
f 954/872/1 1019/869/1 953/871/1
f 955/873/1 1019/869/1 954/872/1
f 956/874/1 1019/869/1 955/873/1
f 957/169/1 1019/869/1 956/874/1
f 958/875/1 1019/869/1 957/169/1
f 958/875/1 1018/876/1 1019/869/1
f 959/877/1 1018/876/1 958/875/1
f 959/877/1 1017/239/1 1018/876/1
f 960/878/1 1017/239/1 959/877/1
f 960/878/1 1016/879/1 1017/239/1
f 960/878/1 1015/880/1 1016/879/1
f 961/881/1 1015/880/1 960/878/1
f 961/881/1 1014/882/1 1015/880/1
f 962/883/1 1014/882/1 961/881/1
f 962/883/1 992/884/1 1014/882/1
f 992/884/1 993/885/1 1014/882/1
f 993/885/1 1013/886/1 1014/882/1
f 994/887/1 1013/886/1 993/885/1
f 962/883/1 991/888/1 992/884/1
f 962/883/1 990/889/1 991/888/1
f 995/890/1 1013/886/1 994/887/1
f 962/883/1 989/891/1 990/889/1
f 962/883/1 988/892/1 989/891/1
f 962/883/1 987/204/1 988/892/1
f 962/883/1 986/893/1 987/204/1
f 996/894/1 1013/886/1 995/890/1
f 962/883/1 985/895/1 986/893/1
f 962/883/1 984/896/1 985/895/1
f 963/897/1 984/896/1 962/883/1
f 996/894/1 1012/898/1 1013/886/1
f 963/897/1 983/899/1 984/896/1
f 997/206/1 1012/898/1 996/894/1
f 963/897/1 982/900/1 983/899/1
f 963/897/1 981/901/1 982/900/1
f 963/897/1 980/902/1 981/901/1
f 963/897/1 979/903/1 980/902/1
f 998/904/1 1012/898/1 997/206/1
f 963/897/1 978/905/1 979/903/1
f 964/906/1 978/905/1 963/897/1
f 998/904/1 1011/907/1 1012/898/1
f 964/906/1 977/132/1 978/905/1
f 964/906/1 976/908/1 977/132/1
f 999/909/1 1011/907/1 998/904/1
f 964/906/1 975/910/1 976/908/1
f 965/911/1 975/910/1 964/906/1
f 965/911/1 974/912/1 975/910/1
f 999/909/1 1010/913/1 1011/907/1
f 965/911/1 973/914/1 974/912/1
f 966/915/1 973/914/1 965/911/1
f 1000/916/1 1010/913/1 999/909/1
f 966/915/1 972/917/1 973/914/1
f 967/118/1 972/917/1 966/915/1
f 967/118/1 971/918/1 972/917/1
f 967/118/1 970/919/1 971/918/1
f 968/920/1 970/919/1 967/118/1
f 968/920/1 969/921/1 970/919/1
f 1000/916/1 1009/922/1 1010/913/1
f 1001/923/1 1009/922/1 1000/916/1
f 1002/924/1 1009/922/1 1001/923/1
f 1002/924/1 1008/925/1 1009/922/1
f 1003/926/1 1008/925/1 1002/924/1
f 1003/926/1 1007/225/1 1008/925/1
f 1004/927/1 1007/225/1 1003/926/1
f 1004/927/1 1006/928/1 1007/225/1
f 1005/929/1 1006/928/1 1004/927/1
f 1091/1/1 1089/2/1 1090/3/1
f 1164/4/1 1162/5/1 1163/6/1
f 1091/1/1 1088/7/1 1089/2/1
f 1165/8/1 1162/5/1 1164/4/1
f 1165/8/1 1161/9/1 1162/5/1
f 1091/1/1 1087/10/1 1088/7/1
f 1166/11/1 1161/9/1 1165/8/1
f 1092/12/1 1087/10/1 1091/1/1
f 1092/12/1 1086/13/1 1087/10/1
f 1167/14/1 1161/9/1 1166/11/1
f 1167/14/1 1160/15/1 1161/9/1
f 1092/12/1 1085/16/1 1086/13/1
f 1168/17/1 1160/15/1 1167/14/1
f 1092/12/1 1084/18/1 1085/16/1
f 1169/19/1 1160/15/1 1168/17/1
f 1092/12/1 1083/20/1 1084/18/1
f 1170/21/1 1160/15/1 1169/19/1
f 1170/21/1 1159/22/1 1160/15/1
f 1092/12/1 1082/23/1 1083/20/1
f 1171/24/1 1159/22/1 1170/21/1
f 1093/25/1 1082/23/1 1092/12/1
f 1093/25/1 1081/26/1 1082/23/1
f 1172/27/1 1159/22/1 1171/24/1
f 1093/25/1 1080/28/1 1081/26/1
f 1173/29/1 1159/22/1 1172/27/1
f 1093/25/1 1079/30/1 1080/28/1
f 1174/31/1 1159/22/1 1173/29/1
f 1093/25/1 1078/32/1 1079/30/1
f 1175/33/1 1159/22/1 1174/31/1
f 1093/25/1 1175/33/1 1078/32/1
f 1093/25/1 1159/22/1 1175/33/1
f 1093/25/1 1158/34/1 1159/22/1
f 1093/25/1 1157/35/1 1158/34/1
f 1094/36/1 1157/35/1 1093/25/1
f 1094/36/1 1156/37/1 1157/35/1
f 1094/36/1 1155/38/1 1156/37/1
f 1094/36/1 1154/39/1 1155/38/1
f 1095/40/1 1154/39/1 1094/36/1
f 1095/40/1 1153/41/1 1154/39/1
f 1095/40/1 1152/42/1 1153/41/1
f 1095/40/1 1151/43/1 1152/42/1
f 1096/44/1 1151/43/1 1095/40/1
f 1096/44/1 1150/45/1 1151/43/1
f 1096/44/1 1149/46/1 1150/45/1
f 1097/47/1 1149/46/1 1096/44/1
f 1097/47/1 1148/48/1 1149/46/1
f 1097/47/1 1147/49/1 1148/48/1
f 1098/50/1 1147/49/1 1097/47/1
f 1098/50/1 1146/51/1 1147/49/1
f 1098/50/1 1145/52/1 1146/51/1
f 1099/53/1 1145/52/1 1098/50/1
f 1099/53/1 1144/54/1 1145/52/1
f 1099/53/1 1143/55/1 1144/54/1
f 1100/56/1 1143/55/1 1099/53/1
f 1100/56/1 1142/57/1 1143/55/1
f 1101/58/1 1142/57/1 1100/56/1
f 1101/58/1 1141/59/1 1142/57/1
f 1101/58/1 1140/60/1 1141/59/1
f 1102/61/1 1140/60/1 1101/58/1
f 1102/61/1 1139/62/1 1140/60/1
f 1103/63/1 1139/62/1 1102/61/1
f 1103/63/1 1138/64/1 1139/62/1
f 1103/63/1 1137/65/1 1138/64/1
f 1104/66/1 1137/65/1 1103/63/1
f 1104/66/1 1136/67/1 1137/65/1
f 1105/68/1 1136/67/1 1104/66/1
f 1105/68/1 1135/69/1 1136/67/1
f 1106/70/1 1135/69/1 1105/68/1
f 1106/70/1 1134/71/1 1135/69/1
f 1107/72/1 1134/71/1 1106/70/1
f 1107/72/1 1133/73/1 1134/71/1
f 1108/74/1 1133/73/1 1107/72/1
f 1108/74/1 1132/75/1 1133/73/1
f 1109/76/1 1132/75/1 1108/74/1
f 1109/76/1 1131/77/1 1132/75/1
f 1110/78/1 1131/77/1 1109/76/1
f 1110/78/1 1130/79/1 1131/77/1
f 1111/80/1 1130/79/1 1110/78/1
f 1112/81/1 1114/82/1 1111/80/1
f 1114/82/1 1115/83/1 1111/80/1
f 1115/83/1 1130/79/1 1111/80/1
f 1112/81/1 1113/84/1 1114/82/1
f 1116/85/1 1130/79/1 1115/83/1
f 1117/86/1 1130/79/1 1116/85/1
f 1118/87/1 1130/79/1 1117/86/1
f 1118/87/1 1129/88/1 1130/79/1
f 1119/89/1 1129/88/1 1118/87/1
f 1120/90/1 1129/88/1 1119/89/1
f 1121/91/1 1129/88/1 1120/90/1
f 1122/92/1 1129/88/1 1121/91/1
f 1123/93/1 1129/88/1 1122/92/1
f 1123/93/1 1128/94/1 1129/88/1
f 1124/95/1 1128/94/1 1123/93/1
f 1125/96/1 1128/94/1 1124/95/1
f 1126/97/1 1128/94/1 1125/96/1
f 1126/97/1 1127/98/1 1128/94/1
f 1273/930/1 1271/931/1 1272/932/1
f 1274/933/1 1271/931/1 1273/930/1
f 1275/934/1 1271/931/1 1274/933/1
f 1275/934/1 1270/935/1 1271/931/1
f 1276/936/1 1270/935/1 1275/934/1
f 1277/937/1 1270/935/1 1276/936/1
f 1345/938/1 1343/939/1 1344/940/1
f 1277/937/1 1269/941/1 1270/935/1
f 1345/938/1 1342/942/1 1343/939/1
f 1346/943/1 1342/942/1 1345/938/1
f 1346/943/1 1341/944/1 1342/942/1
f 1346/943/1 1340/945/1 1341/944/1
f 1347/946/1 1340/945/1 1346/943/1
f 1278/947/1 1269/941/1 1277/937/1
f 1347/946/1 1339/948/1 1340/945/1
f 1348/949/1 1339/948/1 1347/946/1
f 1348/949/1 1338/950/1 1339/948/1
f 1279/951/1 1269/941/1 1278/947/1
f 1348/949/1 1337/952/1 1338/950/1
f 1349/953/1 1337/952/1 1348/949/1
f 1349/953/1 1336/954/1 1337/952/1
f 1279/951/1 1268/955/1 1269/941/1
f 1280/956/1 1268/955/1 1279/951/1
f 1350/957/1 1336/954/1 1349/953/1
f 1350/957/1 1335/958/1 1336/954/1
f 1350/957/1 1334/959/1 1335/958/1
f 1351/960/1 1334/959/1 1350/957/1
f 1281/961/1 1268/955/1 1280/956/1
f 1351/960/1 1333/962/1 1334/959/1
f 1352/963/1 1333/962/1 1351/960/1
f 1281/961/1 1267/964/1 1268/955/1
f 1282/965/1 1267/964/1 1281/961/1
f 1420/966/1 1418/967/1 1419/968/1
f 1421/969/1 1418/967/1 1420/966/1
f 1421/969/1 1417/970/1 1418/967/1
f 1421/969/1 1416/971/1 1417/970/1
f 1422/972/1 1416/971/1 1421/969/1
f 1422/972/1 1415/973/1 1416/971/1
f 1423/974/1 1415/973/1 1422/972/1
f 1352/963/1 1332/975/1 1333/962/1
f 1423/974/1 1414/976/1 1415/973/1
f 1424/977/1 1414/976/1 1423/974/1
f 1425/978/1 1414/976/1 1424/977/1
f 1425/978/1 1413/979/1 1414/976/1
f 1426/980/1 1413/979/1 1425/978/1
f 1427/981/1 1413/979/1 1426/980/1
f 1427/981/1 1412/982/1 1413/979/1
f 1428/983/1 1412/982/1 1427/981/1
f 1353/984/1 1332/975/1 1352/963/1
f 1429/985/1 1412/982/1 1428/983/1
f 1429/985/1 1411/986/1 1412/982/1
f 1430/987/1 1411/986/1 1429/985/1
f 1353/984/1 1331/988/1 1332/975/1
f 1283/989/1 1267/964/1 1282/965/1
f 1431/990/1 1411/986/1 1430/987/1
f 1431/990/1 1410/991/1 1411/986/1
f 1432/992/1 1410/991/1 1431/990/1
f 1433/993/1 1410/991/1 1432/992/1
f 1354/994/1 1331/988/1 1353/984/1
f 1433/993/1 1409/995/1 1410/991/1
f 1434/996/1 1409/995/1 1433/993/1
f 1283/989/1 1266/997/1 1267/964/1
f 1354/994/1 1330/998/1 1331/988/1
f 1284/999/1 1266/997/1 1283/989/1
f 1435/1000/1 1409/995/1 1434/996/1
f 1435/1000/1 1408/1001/1 1409/995/1
f 1436/1002/1 1408/1001/1 1435/1000/1
f 1355/1003/1 1330/998/1 1354/994/1
f 1437/1004/1 1408/1001/1 1436/1002/1
f 1355/1003/1 1329/1005/1 1330/998/1
f 1437/1004/1 1407/1006/1 1408/1001/1
f 1285/1007/1 1266/997/1 1284/999/1
f 1438/1008/1 1407/1006/1 1437/1004/1
f 1439/1009/1 1407/1006/1 1438/1008/1
f 1356/1010/1 1329/1005/1 1355/1003/1
f 1439/1009/1 1406/1011/1 1407/1006/1
f 1440/1012/1 1406/1011/1 1439/1009/1
f 1285/1007/1 1265/1013/1 1266/997/1
f 1286/1014/1 1265/1013/1 1285/1007/1
f 1356/1010/1 1328/1015/1 1329/1005/1
f 1441/1016/1 1406/1011/1 1440/1012/1
f 1441/1016/1 1405/1017/1 1406/1011/1
f 1357/1018/1 1328/1015/1 1356/1010/1
f 1287/1019/1 1265/1013/1 1286/1014/1
f 1442/1020/1 1405/1017/1 1441/1016/1
f 1357/1018/1 1327/1021/1 1328/1015/1
f 1358/1022/1 1327/1021/1 1357/1018/1
f 1288/1023/1 1265/1013/1 1287/1019/1
f 1442/1020/1 1404/1024/1 1405/1017/1
f 1288/1023/1 1264/1025/1 1265/1013/1
f 1359/1026/1 1327/1021/1 1358/1022/1
f 1289/1027/1 1264/1025/1 1288/1023/1
f 1359/1026/1 1326/1028/1 1327/1021/1
f 1442/1020/1 1403/1029/1 1404/1024/1
f 1443/1030/1 1403/1029/1 1442/1020/1
f 1290/1031/1 1264/1025/1 1289/1027/1
f 1360/1032/1 1326/1028/1 1359/1026/1
f 1443/1030/1 1402/1033/1 1403/1029/1
f 1291/1034/1 1264/1025/1 1290/1031/1
f 1443/1030/1 1401/1035/1 1402/1033/1
f 1360/1032/1 1325/1036/1 1326/1028/1
f 1361/1037/1 1325/1036/1 1360/1032/1
f 1291/1034/1 1263/1038/1 1264/1025/1
f 1292/1039/1 1263/1038/1 1291/1034/1
f 1443/1030/1 1400/1040/1 1401/1035/1
f 1444/1041/1 1400/1040/1 1443/1030/1
f 1293/1042/1 1263/1038/1 1292/1039/1
f 1444/1041/1 1399/1043/1 1400/1040/1
f 1362/1044/1 1325/1036/1 1361/1037/1
f 1362/1044/1 1324/1045/1 1325/1036/1
f 1444/1041/1 1398/1046/1 1399/1043/1
f 1294/1047/1 1263/1038/1 1293/1042/1
f 1444/1041/1 1397/1048/1 1398/1046/1
f 1294/1047/1 1262/1049/1 1263/1038/1
f 1295/1050/1 1262/1049/1 1294/1047/1
f 1363/1051/1 1324/1045/1 1362/1044/1
f 1444/1041/1 1396/1052/1 1397/1048/1
f 1363/1051/1 1323/1053/1 1324/1045/1
f 1445/1054/1 1396/1052/1 1444/1041/1
f 1296/1055/1 1262/1049/1 1295/1050/1
f 1445/1054/1 1395/1056/1 1396/1052/1
f 1364/1057/1 1323/1053/1 1363/1051/1
f 1445/1054/1 1394/1058/1 1395/1056/1
f 1297/1059/1 1262/1049/1 1296/1055/1
f 1364/1057/1 1322/1060/1 1323/1053/1
f 1297/1059/1 1261/1061/1 1262/1049/1
f 1445/1054/1 1393/1062/1 1394/1058/1
f 1298/1063/1 1261/1061/1 1297/1059/1
f 1365/1064/1 1322/1060/1 1364/1057/1
f 1299/1065/1 1261/1061/1 1298/1063/1
f 1445/1054/1 1392/1066/1 1393/1062/1
f 1446/1067/1 1392/1066/1 1445/1054/1
f 1365/1064/1 1321/1068/1 1322/1060/1
f 1300/1069/1 1261/1061/1 1299/1065/1
f 1366/1070/1 1321/1068/1 1365/1064/1
f 1446/1067/1 1391/1071/1 1392/1066/1
f 1300/1069/1 1260/1072/1 1261/1061/1
f 1301/1073/1 1260/1072/1 1300/1069/1
f 1366/1070/1 1320/1074/1 1321/1068/1
f 1367/1075/1 1320/1074/1 1366/1070/1
f 1302/1076/1 1260/1072/1 1301/1073/1
f 1446/1067/1 1390/1077/1 1391/1071/1
f 1302/1076/1 1259/1078/1 1260/1072/1
f 1303/1079/1 1259/1078/1 1302/1076/1
f 1368/1080/1 1320/1074/1 1367/1075/1
f 1368/1080/1 1319/1081/1 1320/1074/1
f 1446/1067/1 1389/1082/1 1390/1077/1
f 1304/1083/1 1259/1078/1 1303/1079/1
f 1447/1084/1 1389/1082/1 1446/1067/1
f 1368/1080/1 1318/1085/1 1319/1081/1
f 1304/1083/1 1258/1086/1 1259/1078/1
f 1369/1087/1 1318/1085/1 1368/1080/1
f 1369/1087/1 1317/1088/1 1318/1085/1
f 1305/1089/1 1258/1086/1 1304/1083/1
f 1447/1084/1 1388/1090/1 1389/1082/1
f 1370/1091/1 1317/1088/1 1369/1087/1
f 1370/1091/1 1316/1092/1 1317/1088/1
f 1305/1089/1 1257/1093/1 1258/1086/1
f 1371/1094/1 1316/1092/1 1370/1091/1
f 1447/1084/1 1387/1095/1 1388/1090/1
f 1306/1096/1 1257/1093/1 1305/1089/1
f 1371/1094/1 1315/1097/1 1316/1092/1
f 1372/1098/1 1315/1097/1 1371/1094/1
f 1447/1084/1 1386/1099/1 1387/1095/1
f 1372/1098/1 1314/1100/1 1315/1097/1
f 1306/1096/1 1256/1101/1 1257/1093/1
f 1373/1102/1 1314/1100/1 1372/1098/1
f 1307/1103/1 1256/1101/1 1306/1096/1
f 1447/1084/1 1385/1104/1 1386/1099/1
f 1374/1105/1 1314/1100/1 1373/1102/1
f 1374/1105/1 1313/1106/1 1314/1100/1
f 1375/1107/1 1313/1106/1 1374/1105/1
f 1447/1084/1 1384/1108/1 1385/1104/1
f 1307/1103/1 1255/1109/1 1256/1101/1
f 1376/1110/1 1313/1106/1 1375/1107/1
f 1448/1111/1 1384/1108/1 1447/1084/1
f 1448/1111/1 1383/1112/1 1384/1108/1
f 1377/1113/1 1313/1106/1 1376/1110/1
f 1377/1113/1 1312/1114/1 1313/1106/1
f 1448/1111/1 1382/1115/1 1383/1112/1
f 1378/1116/1 1312/1114/1 1377/1113/1
f 1448/1111/1 1381/1117/1 1382/1115/1
f 1379/1118/1 1312/1114/1 1378/1116/1
f 1380/1119/1 1312/1114/1 1379/1118/1
f 1448/1111/1 1380/1119/1 1381/1117/1
f 1448/1111/1 1312/1114/1 1380/1119/1
f 1308/1120/1 1255/1109/1 1307/1103/1
f 1308/1120/1 1254/1121/1 1255/1109/1
f 1448/1111/1 1311/1122/1 1312/1114/1
f 1308/1120/1 1253/1123/1 1254/1121/1
f 1448/1111/1 1310/1124/1 1311/1122/1
f 1448/1111/1 1309/1125/1 1310/1124/1
f 1448/1111/1 1308/1120/1 1309/1125/1
f 1448/1111/1 1253/1123/1 1308/1120/1
f 1448/1111/1 1252/1126/1 1253/1123/1
f 1448/1111/1 1251/1127/1 1252/1126/1
f 1449/1128/1 1251/1127/1 1448/1111/1
f 1449/1128/1 1250/1129/1 1251/1127/1
f 1449/1128/1 1249/1130/1 1250/1129/1
f 1450/1131/1 1249/1130/1 1449/1128/1
f 1450/1131/1 1248/1132/1 1249/1130/1
f 1451/1133/1 1248/1132/1 1450/1131/1
f 1451/1133/1 1247/1134/1 1248/1132/1
f 1452/1135/1 1247/1134/1 1451/1133/1
f 1452/1135/1 1246/1136/1 1247/1134/1
f 1454/1137/1 1452/1135/1 1453/1138/1
f 1454/1137/1 1246/1136/1 1452/1135/1
f 1454/1137/1 1245/1139/1 1246/1136/1
f 1454/1137/1 1244/1140/1 1245/1139/1
f 1455/1141/1 1244/1140/1 1454/1137/1
f 1455/1141/1 1243/1142/1 1244/1140/1
f 1456/1143/1 1243/1142/1 1455/1141/1
f 1456/1143/1 1242/1144/1 1243/1142/1
f 1457/1145/1 1242/1144/1 1456/1143/1
f 1457/1145/1 1241/1146/1 1242/1144/1
f 1457/1145/1 1240/1147/1 1241/1146/1
f 1458/1148/1 1240/1147/1 1457/1145/1
f 1458/1148/1 1239/1149/1 1240/1147/1
f 1459/1150/1 1239/1149/1 1458/1148/1
f 1459/1150/1 1238/1151/1 1239/1149/1
f 1460/1152/1 1238/1151/1 1459/1150/1
f 1460/1152/1 1237/1153/1 1238/1151/1
f 1460/1152/1 1236/1154/1 1237/1153/1
f 1461/1155/1 1236/1154/1 1460/1152/1
f 1461/1155/1 1235/1156/1 1236/1154/1
f 1462/1157/1 1235/1156/1 1461/1155/1
f 1462/1157/1 1234/1158/1 1235/1156/1
f 1463/1159/1 1234/1158/1 1462/1157/1
f 1464/1160/1 1234/1158/1 1463/1159/1
f 1464/1160/1 1233/1161/1 1234/1158/1
f 1465/1162/1 1233/1161/1 1464/1160/1
f 1465/1162/1 1232/1163/1 1233/1161/1
f 1467/1164/1 1465/1162/1 1466/1165/1
f 1467/1164/1 1232/1163/1 1465/1162/1
f 1467/1164/1 1231/1166/1 1232/1163/1
f 1467/1164/1 1230/1167/1 1231/1166/1
f 1468/1168/1 1230/1167/1 1467/1164/1
f 1468/1168/1 1229/1169/1 1230/1167/1
f 1468/1168/1 1228/1170/1 1229/1169/1
f 1469/1171/1 1509/1172/1 1468/1168/1
f 1509/1172/1 1510/1173/1 1468/1168/1
f 1510/1173/1 1228/1170/1 1468/1168/1
f 1510/1173/1 1227/1174/1 1228/1170/1
f 1510/1173/1 1226/1175/1 1227/1174/1
f 1511/1176/1 1226/1175/1 1510/1173/1
f 1512/1177/1 1226/1175/1 1511/1176/1
f 1469/1171/1 1508/1178/1 1509/1172/1
f 1513/1179/1 1226/1175/1 1512/1177/1
f 1513/1179/1 1212/1180/1 1226/1175/1
f 1212/1180/1 1213/1181/1 1226/1175/1
f 1213/1181/1 1225/1182/1 1226/1175/1
f 1514/1183/1 1212/1180/1 1513/1179/1
f 1515/1184/1 1212/1180/1 1514/1183/1
f 1515/1184/1 1211/1185/1 1212/1180/1
f 1469/1171/1 1507/1186/1 1508/1178/1
f 1515/1184/1 1210/1187/1 1211/1185/1
f 1515/1184/1 1209/1188/1 1210/1187/1
f 1214/1189/1 1225/1182/1 1213/1181/1
f 1515/1184/1 1208/1190/1 1209/1188/1
f 1516/1191/1 1208/1190/1 1515/1184/1
f 1215/1192/1 1225/1182/1 1214/1189/1
f 1516/1191/1 1207/1193/1 1208/1190/1
f 1216/1194/1 1225/1182/1 1215/1192/1
f 1516/1191/1 1206/1195/1 1207/1193/1
f 1217/1196/1 1225/1182/1 1216/1194/1
f 1469/1171/1 1506/1197/1 1507/1186/1
f 1517/1198/1 1206/1195/1 1516/1191/1
f 1517/1198/1 1205/1199/1 1206/1195/1
f 1218/1200/1 1225/1182/1 1217/1196/1
f 1219/1201/1 1225/1182/1 1218/1200/1
f 1517/1198/1 1204/1202/1 1205/1199/1
f 1220/1203/1 1225/1182/1 1219/1201/1
f 1220/1203/1 1224/1204/1 1225/1182/1
f 1221/1205/1 1224/1204/1 1220/1203/1
f 1222/1206/1 1224/1204/1 1221/1205/1
f 1517/1198/1 1203/1207/1 1204/1202/1
f 1469/1171/1 1505/1208/1 1506/1197/1
f 1223/1209/1 1224/1204/1 1222/1206/1
f 1518/1210/1 1203/1207/1 1517/1198/1
f 1518/1210/1 1202/1211/1 1203/1207/1
f 1469/1171/1 1504/1212/1 1505/1208/1
f 1518/1210/1 1201/1213/1 1202/1211/1
f 1518/1210/1 1200/1214/1 1201/1213/1
f 1519/1215/1 1200/1214/1 1518/1210/1
f 1469/1171/1 1503/1216/1 1504/1212/1
f 1519/1215/1 1199/1217/1 1200/1214/1
f 1519/1215/1 1198/1218/1 1199/1217/1
f 1469/1171/1 1502/1219/1 1503/1216/1
f 1520/1220/1 1198/1218/1 1519/1215/1
f 1470/1221/1 1502/1219/1 1469/1171/1
f 1520/1220/1 1197/1222/1 1198/1218/1
f 1470/1221/1 1501/1223/1 1502/1219/1
f 1521/1224/1 1197/1222/1 1520/1220/1
f 1521/1224/1 1196/1225/1 1197/1222/1
f 1521/1224/1 1195/1226/1 1196/1225/1
f 1522/1227/1 1195/1226/1 1521/1224/1
f 1470/1221/1 1500/1228/1 1501/1223/1
f 1522/1227/1 1194/1229/1 1195/1226/1
f 1471/1230/1 1500/1228/1 1470/1221/1
f 1523/1231/1 1194/1229/1 1522/1227/1
f 1523/1231/1 1193/1232/1 1194/1229/1
f 1523/1231/1 1192/1233/1 1193/1232/1
f 1524/1234/1 1192/1233/1 1523/1231/1
f 1524/1234/1 1191/1235/1 1192/1233/1
f 1471/1230/1 1499/1236/1 1500/1228/1
f 1472/1237/1 1499/1236/1 1471/1230/1
f 1524/1234/1 1190/1238/1 1191/1235/1
f 1525/1239/1 1190/1238/1 1524/1234/1
f 1525/1239/1 1189/1240/1 1190/1238/1
f 1525/1239/1 1188/1241/1 1189/1240/1
f 1525/1239/1 1187/1242/1 1188/1241/1
f 1473/1243/1 1499/1236/1 1472/1237/1
f 1526/1244/1 1187/1242/1 1525/1239/1
f 1473/1243/1 1498/1245/1 1499/1236/1
f 1474/1246/1 1498/1245/1 1473/1243/1
f 1527/1247/1 1187/1242/1 1526/1244/1
f 1527/1247/1 1186/1248/1 1187/1242/1
f 1475/1249/1 1498/1245/1 1474/1246/1
f 1475/1249/1 1497/1250/1 1498/1245/1
f 1527/1247/1 1185/1251/1 1186/1248/1
f 1528/1252/1 1185/1251/1 1527/1247/1
f 1476/1253/1 1497/1250/1 1475/1249/1
f 1528/1252/1 1184/1254/1 1185/1251/1
f 1476/1253/1 1496/1255/1 1497/1250/1
f 1477/1256/1 1496/1255/1 1476/1253/1
f 1478/1257/1 1496/1255/1 1477/1256/1
f 1529/1258/1 1184/1254/1 1528/1252/1
f 1529/1258/1 1183/1259/1 1184/1254/1
f 1479/1260/1 1496/1255/1 1478/1257/1
f 1479/1260/1 1495/1261/1 1496/1255/1
f 1529/1258/1 1182/1262/1 1183/1259/1
f 1480/1263/1 1495/1261/1 1479/1260/1
f 1530/1264/1 1182/1262/1 1529/1258/1
f 1481/1265/1 1495/1261/1 1480/1263/1
f 1530/1264/1 1181/1266/1 1182/1262/1
f 1481/1265/1 1494/1267/1 1495/1261/1
f 1482/1268/1 1494/1267/1 1481/1265/1
f 1531/1269/1 1181/1266/1 1530/1264/1
f 1531/1269/1 1180/1270/1 1181/1266/1
f 1483/1271/1 1494/1267/1 1482/1268/1
f 1483/1271/1 1493/1272/1 1494/1267/1
f 1484/1273/1 1493/1272/1 1483/1271/1
f 1531/1269/1 1179/1274/1 1180/1270/1
f 1532/1275/1 1179/1274/1 1531/1269/1
f 1485/1276/1 1493/1272/1 1484/1273/1
f 1485/1276/1 1492/1277/1 1493/1272/1
f 1486/1278/1 1492/1277/1 1485/1276/1
f 1532/1275/1 1178/1279/1 1179/1274/1
f 1487/1280/1 1492/1277/1 1486/1278/1
f 1533/1281/1 1178/1279/1 1532/1275/1
f 1487/1280/1 1491/1282/1 1492/1277/1
f 1488/1283/1 1491/1282/1 1487/1280/1
f 1533/1281/1 1177/1284/1 1178/1279/1
f 1489/1285/1 1491/1282/1 1488/1283/1
f 1489/1285/1 1490/1286/1 1491/1282/1
f 1534/1287/1 1177/1284/1 1533/1281/1
f 1534/1287/1 1176/32/1 1177/1284/1
f 1535/1288/1 1176/32/1 1534/1287/1
f 1535/1288/1 1585/33/1 1176/32/1
f 1536/1289/1 1585/33/1 1535/1288/1
f 1537/1290/1 1585/33/1 1536/1289/1
f 1537/1290/1 1584/1291/1 1585/33/1
f 1538/1292/1 1584/1291/1 1537/1290/1
f 1539/1293/1 1584/1291/1 1538/1292/1
f 1539/1293/1 1583/1294/1 1584/1291/1
f 1540/1295/1 1583/1294/1 1539/1293/1
f 1541/1296/1 1583/1294/1 1540/1295/1
f 1542/1297/1 1583/1294/1 1541/1296/1
f 1542/1297/1 1582/1298/1 1583/1294/1
f 1543/1299/1 1582/1298/1 1542/1297/1
f 1544/1300/1 1582/1298/1 1543/1299/1
f 1544/1300/1 1581/1301/1 1582/1298/1
f 1545/1302/1 1581/1301/1 1544/1300/1
f 1546/1303/1 1581/1301/1 1545/1302/1
f 1547/1304/1 1581/1301/1 1546/1303/1
f 1547/1304/1 1580/1305/1 1581/1301/1
f 1548/1306/1 1580/1305/1 1547/1304/1
f 1549/1307/1 1580/1305/1 1548/1306/1
f 1550/1308/1 1580/1305/1 1549/1307/1
f 1550/1308/1 1579/1309/1 1580/1305/1
f 1551/1310/1 1579/1309/1 1550/1308/1
f 1552/1311/1 1579/1309/1 1551/1310/1
f 1552/1311/1 1578/1312/1 1579/1309/1
f 1553/1313/1 1578/1312/1 1552/1311/1
f 1553/1313/1 1577/1314/1 1578/1312/1
f 1554/1315/1 1577/1314/1 1553/1313/1
f 1555/1316/1 1577/1314/1 1554/1315/1
f 1555/1316/1 1576/1317/1 1577/1314/1
f 1556/1318/1 1576/1317/1 1555/1316/1
f 1556/1318/1 1575/1319/1 1576/1317/1
f 1557/1320/1 1575/1319/1 1556/1318/1
f 1557/1320/1 1574/1321/1 1575/1319/1
f 1558/1322/1 1574/1321/1 1557/1320/1
f 1559/1323/1 1574/1321/1 1558/1322/1
f 1559/1323/1 1573/1324/1 1574/1321/1
f 1559/1323/1 1572/1325/1 1573/1324/1
f 1559/1323/1 1571/1326/1 1572/1325/1
f 1560/1327/1 1571/1326/1 1559/1323/1
f 1560/1327/1 1570/1328/1 1571/1326/1
f 1560/1327/1 1569/1329/1 1570/1328/1
f 1560/1327/1 1568/1330/1 1569/1329/1
f 1561/1331/1 1568/1330/1 1560/1327/1
f 1561/1331/1 1567/1332/1 1568/1330/1
f 1561/1331/1 1566/1333/1 1567/1332/1
f 1561/1331/1 1565/1334/1 1566/1333/1
f 1562/1335/1 1565/1334/1 1561/1331/1
f 1562/1335/1 1564/1336/1 1565/1334/1
f 1562/1335/1 1563/1337/1 1564/1336/1
