# Blender 4.1.1
# www.blender.org
mtllib retry.mtl
o テキスト
v -3.186636 0.009217 -0.000000
v -3.209001 0.009736 -0.000000
v -3.227560 0.011389 -0.000000
v -3.242668 0.014317 -0.000000
v -3.254679 0.018661 -0.000000
v -3.263950 0.024562 -0.000000
v -3.270833 0.032162 -0.000000
v -3.275685 0.041602 -0.000000
v -3.278859 0.053024 -0.000000
v -3.280710 0.066568 -0.000000
v -3.281593 0.082377 -0.000000
v -3.281863 0.100591 -0.000000
v -3.281874 0.121352 -0.000000
v -3.281875 0.124970 -0.000000
v -3.281881 0.128534 -0.000000
v -3.281898 0.132056 -0.000000
v -3.281931 0.135546 -0.000000
v -3.281985 0.139015 -0.000000
v -3.282066 0.142473 -0.000000
v -3.282179 0.145931 -0.000000
v -3.282329 0.149400 -0.000000
v -3.282522 0.152890 -0.000000
v -3.282763 0.156412 -0.000000
v -3.283057 0.159976 -0.000000
v -3.283410 0.163594 -0.000000
v -3.289155 0.191267 -0.000000
v -3.298906 0.220931 -0.000000
v -3.311804 0.252052 -0.000000
v -3.326990 0.284093 -0.000000
v -3.343605 0.316518 -0.000000
v -3.360791 0.348790 -0.000000
v -3.377689 0.380375 -0.000000
v -3.393440 0.410736 -0.000000
v -3.407186 0.439336 -0.000000
v -3.418067 0.465640 -0.000000
v -3.425226 0.489113 -0.000000
v -3.427803 0.509217 -0.000000
v -3.426700 0.517686 -0.000000
v -3.423586 0.524748 -0.000000
v -3.418755 0.530530 -0.000000
v -3.412499 0.535160 -0.000000
v -3.405113 0.538765 -0.000000
v -3.396890 0.541475 -0.000000
v -3.388122 0.543416 -0.000000
v -3.379104 0.544717 -0.000000
v -3.370128 0.545507 -0.000000
v -3.361488 0.545912 -0.000000
v -3.353478 0.546062 -0.000000
v -3.346390 0.546083 -0.000000
v -3.340281 0.546056 -0.000000
v -3.334255 0.545930 -0.000000
v -3.328329 0.545639 -0.000000
v -3.322524 0.545116 -0.000000
v -3.316858 0.544294 -0.000000
v -3.311348 0.543107 -0.000000
v -3.306015 0.541488 -0.000000
v -3.300877 0.539370 -0.000000
v -3.295951 0.536686 -0.000000
v -3.291258 0.533371 -0.000000
v -3.286816 0.529357 -0.000000
v -3.282642 0.524578 -0.000000
v -3.277433 0.516256 -0.000000
v -3.271822 0.504153 -0.000000
v -3.265853 0.489127 -0.000000
v -3.259572 0.472037 -0.000000
v -3.253025 0.453742 -0.000000
v -3.246256 0.435100 -0.000000
v -3.239311 0.416970 -0.000000
v -3.232235 0.400210 -0.000000
v -3.225075 0.385681 -0.000000
v -3.217874 0.374239 -0.000000
v -3.210678 0.366744 -0.000000
v -3.203533 0.364055 -0.000000
v -3.198246 0.366970 -0.000000
v -3.192091 0.375085 -0.000000
v -3.185220 0.387457 -0.000000
v -3.177789 0.403140 -0.000000
v -3.169953 0.421192 -0.000000
v -3.161866 0.440668 -0.000000
v -3.153683 0.460624 -0.000000
v -3.145559 0.480116 -0.000000
v -3.137649 0.498200 -0.000000
v -3.130106 0.513932 -0.000000
v -3.123086 0.526367 -0.000000
v -3.116743 0.534562 -0.000000
v -3.113902 0.537063 -0.000000
v -3.110780 0.539206 -0.000000
v -3.107419 0.541019 -0.000000
v -3.103857 0.542527 -0.000000
v -3.100136 0.543758 -0.000000
v -3.096294 0.544739 -0.000000
v -3.092373 0.545495 -0.000000
v -3.088411 0.546055 -0.000000
v -3.084450 0.546443 -0.000000
v -3.080528 0.546687 -0.000000
v -3.076686 0.546815 -0.000000
v -3.072965 0.546851 -0.000000
v -3.066397 0.546772 -0.000000
v -3.058119 0.546474 -0.000000
v -3.048567 0.545867 -0.000000
v -3.038175 0.544860 -0.000000
v -3.027377 0.543362 -0.000000
v -3.016609 0.541283 -0.000000
v -3.006305 0.538531 -0.000000
v -2.996900 0.535017 -0.000000
v -2.988827 0.530650 -0.000000
v -2.982523 0.525339 -0.000000
v -2.978422 0.518992 -0.000000
v -2.976959 0.511521 -0.000000
v -2.979875 0.488172 -0.000000
v -2.987939 0.462465 -0.000000
v -3.000120 0.434668 -0.000000
v -3.015389 0.405046 -0.000000
v -3.032718 0.373867 -0.000000
v -3.051075 0.341398 -0.000000
v -3.069433 0.307904 -0.000000
v -3.086761 0.273653 -0.000000
v -3.102031 0.238911 -0.000000
v -3.114212 0.203946 -0.000000
v -3.122275 0.169022 -0.000000
v -3.125192 0.134409 -0.000000
v -3.125162 0.129992 -0.000000
v -3.125078 0.125572 -0.000000
v -3.124952 0.121148 -0.000000
v -3.124794 0.116715 -0.000000
v -3.124614 0.112272 -0.000000
v -3.124424 0.107815 -0.000000
v -3.124234 0.103342 -0.000000
v -3.124054 0.098851 -0.000000
v -3.123896 0.094338 -0.000000
v -3.123770 0.089801 -0.000000
v -3.123686 0.085238 -0.000000
v -3.123656 0.080645 -0.000000
v -3.123956 0.069720 -0.000000
v -3.124907 0.059620 -0.000000
v -3.126584 0.050367 -0.000000
v -3.129061 0.041987 -0.000000
v -3.132412 0.034502 -0.000000
v -3.136713 0.027938 -0.000000
v -3.142038 0.022317 -0.000000
v -3.148461 0.017665 -0.000000
v -3.156058 0.014005 -0.000000
v -3.164903 0.011361 -0.000000
v -3.175071 0.009757 -0.000000
v -2.609831 0.076805 -0.000000
v -2.609786 0.081605 -0.000000
v -2.609660 0.086402 -0.000000
v -2.609471 0.091194 -0.000000
v -2.609234 0.095978 -0.000000
v -2.608964 0.100751 -0.000000
v -2.608679 0.105511 -0.000000
v -2.608393 0.110255 -0.000000
v -2.608124 0.114980 -0.000000
v -2.607887 0.119684 -0.000000
v -2.607697 0.124364 -0.000000
v -2.607572 0.129017 -0.000000
v -2.607527 0.133641 -0.000000
v -2.607538 0.137829 -0.000000
v -2.607616 0.143277 -0.000000
v -2.607827 0.149674 -0.000000
v -2.608238 0.156710 -0.000000
v -2.608916 0.164078 -0.000000
v -2.609927 0.171467 -0.000000
v -2.611338 0.178568 -0.000000
v -2.613216 0.185071 -0.000000
v -2.615627 0.190668 -0.000000
v -2.618639 0.195049 -0.000000
v -2.622317 0.197904 -0.000000
v -2.626728 0.198925 -0.000000
v -2.654939 0.195253 -0.000000
v -2.676274 0.185100 -0.000000
v -2.691988 0.169763 -0.000000
v -2.703334 0.150538 -0.000000
v -2.711565 0.128720 -0.000000
v -2.717934 0.105607 -0.000000
v -2.723695 0.082493 -0.000000
v -2.730102 0.060676 -0.000000
v -2.738407 0.041451 -0.000000
v -2.749865 0.026114 -0.000000
v -2.765728 0.015961 -0.000000
v -2.787250 0.012289 -0.000000
v -2.793218 0.012380 -0.000000
v -2.801199 0.012698 -0.000000
v -2.810712 0.013309 -0.000000
v -2.821272 0.014280 -0.000000
v -2.832397 0.015678 -0.000000
v -2.843606 0.017569 -0.000000
v -2.854414 0.020020 -0.000000
v -2.864340 0.023098 -0.000000
v -2.872900 0.026870 -0.000000
v -2.879612 0.031401 -0.000000
v -2.883993 0.036759 -0.000000
v -2.885561 0.043011 -0.000000
v -2.884792 0.053041 -0.000000
v -2.882613 0.065839 -0.000000
v -2.879213 0.080813 -0.000000
v -2.874780 0.097372 -0.000000
v -2.869504 0.114922 -0.000000
v -2.863576 0.132872 -0.000000
v -2.857183 0.150631 -0.000000
v -2.850515 0.167605 -0.000000
v -2.843762 0.183204 -0.000000
v -2.837113 0.196834 -0.000000
v -2.830758 0.207904 -0.000000
v -2.824885 0.215822 -0.000000
v -2.823403 0.217277 -0.000000
v -2.821350 0.219267 -0.000000
v -2.818860 0.221690 -0.000000
v -2.816066 0.224441 -0.000000
v -2.813102 0.227416 -0.000000
v -2.810100 0.230511 -0.000000
v -2.807194 0.233622 -0.000000
v -2.804517 0.236644 -0.000000
v -2.802203 0.239475 -0.000000
v -2.800385 0.242010 -0.000000
v -2.799196 0.244145 -0.000000
v -2.798771 0.245776 -0.000000
v -2.799000 0.246810 -0.000000
v -2.799639 0.247970 -0.000000
v -2.800619 0.249220 -0.000000
v -2.801872 0.250526 -0.000000
v -2.803327 0.251854 -0.000000
v -2.804916 0.253168 -0.000000
v -2.806568 0.254434 -0.000000
v -2.808215 0.255618 -0.000000
v -2.809788 0.256684 -0.000000
v -2.811217 0.257599 -0.000000
v -2.812432 0.258326 -0.000000
v -2.813364 0.258833 -0.000000
v -2.819826 0.263168 -0.000000
v -2.826147 0.267726 -0.000000
v -2.832313 0.272501 -0.000000
v -2.838311 0.277493 -0.000000
v -2.844128 0.282699 -0.000000
v -2.849751 0.288114 -0.000000
v -2.855165 0.293738 -0.000000
v -2.860358 0.299568 -0.000000
v -2.865316 0.305600 -0.000000
v -2.870026 0.311832 -0.000000
v -2.874475 0.318261 -0.000000
v -2.878648 0.324885 -0.000000
v -2.881194 0.329333 -0.000000
v -2.883463 0.333842 -0.000000
v -2.885465 0.338410 -0.000000
v -2.887211 0.343034 -0.000000
v -2.888711 0.347711 -0.000000
v -2.889977 0.352439 -0.000000
v -2.891019 0.357214 -0.000000
v -2.891847 0.362036 -0.000000
v -2.892473 0.366899 -0.000000
v -2.892907 0.371803 -0.000000
v -2.893159 0.376745 -0.000000
v -2.893241 0.381720 -0.000000
v -2.890975 0.409413 -0.000000
v -2.884455 0.434865 -0.000000
v -2.874100 0.458045 -0.000000
v -2.860329 0.478921 -0.000000
v -2.843560 0.497461 -0.000000
v -2.824213 0.513633 -0.000000
v -2.802705 0.527404 -0.000000
v -2.779456 0.538744 -0.000000
v -2.754884 0.547619 -0.000000
v -2.729408 0.553998 -0.000000
v -2.703447 0.557849 -0.000000
v -2.677419 0.559140 -0.000000
v -2.665125 0.559108 -0.000000
v -2.650815 0.558948 -0.000000
v -2.634937 0.558564 -0.000000
v -2.617938 0.557860 -0.000000
v -2.600268 0.556740 -0.000000
v -2.582373 0.555107 -0.000000
v -2.564703 0.552867 -0.000000
v -2.547704 0.549923 -0.000000
v -2.531826 0.546179 -0.000000
v -2.517515 0.541539 -0.000000
v -2.505221 0.535906 -0.000000
v -2.495392 0.529186 -0.000000
v -2.491341 0.525095 -0.000000
v -2.487629 0.520208 -0.000000
v -2.484243 0.514653 -0.000000
v -2.481169 0.508562 -0.000000
v -2.478393 0.502066 -0.000000
v -2.475903 0.495296 -0.000000
v -2.473684 0.488381 -0.000000
v -2.471725 0.481453 -0.000000
v -2.470011 0.474642 -0.000000
v -2.468528 0.468080 -0.000000
v -2.467265 0.461896 -0.000000
v -2.466206 0.456221 -0.000000
v -2.464220 0.443134 -0.000000
v -2.462476 0.429990 -0.000000
v -2.460961 0.416799 -0.000000
v -2.459663 0.403567 -0.000000
v -2.458568 0.390304 -0.000000
v -2.457661 0.377016 -0.000000
v -2.456931 0.363713 -0.000000
v -2.456363 0.350401 -0.000000
v -2.455945 0.337090 -0.000000
v -2.455663 0.323786 -0.000000
v -2.455503 0.310499 -0.000000
v -2.455453 0.297235 -0.000000
v -2.455394 0.281586 -0.000000
v -2.455364 0.260756 -0.000000
v -2.455585 0.235899 -0.000000
v -2.456278 0.208170 -0.000000
v -2.457664 0.178723 -0.000000
v -2.459965 0.148714 -0.000000
v -2.463403 0.119296 -0.000000
v -2.468197 0.091625 -0.000000
v -2.474571 0.066856 -0.000000
v -2.482744 0.046143 -0.000000
v -2.492939 0.030641 -0.000000
v -2.505376 0.021505 -0.000000
v -2.510031 0.019726 -0.000000
v -2.514771 0.018213 -0.000000
v -2.519585 0.016945 -0.000000
v -2.524464 0.015901 -0.000000
v -2.529396 0.015061 -0.000000
v -2.534370 0.014401 -0.000000
v -2.539377 0.013901 -0.000000
v -2.544405 0.013540 -0.000000
v -2.549443 0.013297 -0.000000
v -2.554482 0.013149 -0.000000
v -2.559509 0.013076 -0.000000
v -2.564516 0.013057 -0.000000
v -2.574443 0.013636 -0.000000
v -2.582807 0.015325 -0.000000
v -2.589742 0.018049 -0.000000
v -2.595380 0.021733 -0.000000
v -2.599856 0.026302 -0.000000
v -2.603303 0.031682 -0.000000
v -2.605853 0.037798 -0.000000
v -2.607641 0.044575 -0.000000
v -2.608799 0.051939 -0.000000
v -2.609461 0.059815 -0.000000
v -2.609761 0.068129 -0.000000
v -2.608295 0.408602 -0.000000
v -2.608430 0.413714 -0.000000
v -2.608860 0.418647 -0.000000
v -2.609627 0.423351 -0.000000
v -2.610770 0.427775 -0.000000
v -2.612329 0.431868 -0.000000
v -2.614343 0.435580 -0.000000
v -2.616854 0.438860 -0.000000
v -2.619901 0.441657 -0.000000
v -2.623524 0.443920 -0.000000
v -2.627763 0.445600 -0.000000
v -2.632658 0.446645 -0.000000
v -2.638249 0.447005 -0.000000
v -2.660522 0.447005 -0.000000
v -2.669793 0.446482 -0.000000
v -2.679069 0.444939 -0.000000
v -2.688196 0.442408 -0.000000
v -2.697019 0.438926 -0.000000
v -2.705383 0.434526 -0.000000
v -2.713134 0.429244 -0.000000
v -2.720117 0.423113 -0.000000
v -2.726177 0.416169 -0.000000
v -2.731159 0.408446 -0.000000
v -2.734910 0.399979 -0.000000
v -2.737273 0.390803 -0.000000
v -2.738095 0.380952 -0.000000
v -2.737020 0.364950 -0.000000
v -2.733910 0.351375 -0.000000
v -2.728939 0.340030 -0.000000
v -2.722279 0.330716 -0.000000
v -2.714105 0.323238 -0.000000
v -2.704589 0.317396 -0.000000
v -2.693905 0.312995 -0.000000
v -2.682227 0.309837 -0.000000
v -2.669727 0.307724 -0.000000
v -2.656579 0.306459 -0.000000
v -2.642956 0.305844 -0.000000
v -2.629032 0.305684 -0.000000
v -2.624591 0.306130 -0.000000
v -2.620829 0.307401 -0.000000
v -2.617692 0.309392 -0.000000
v -2.615122 0.311999 -0.000000
v -2.613065 0.315118 -0.000000
v -2.611463 0.318644 -0.000000
v -2.610262 0.322475 -0.000000
v -2.609404 0.326506 -0.000000
v -2.608835 0.330633 -0.000000
v -2.608498 0.334752 -0.000000
v -2.608336 0.338759 -0.000000
v -2.608295 0.342550 -0.000000
v -2.365591 0.456221 -0.000000
v -2.365545 0.458801 -0.000000
v -2.365410 0.462202 -0.000000
v -2.365195 0.466254 -0.000000
v -2.364909 0.470786 -0.000000
v -2.364558 0.475627 -0.000000
v -2.364151 0.480607 -0.000000
v -2.363697 0.485555 -0.000000
v -2.363202 0.490300 -0.000000
v -2.362675 0.494672 -0.000000
v -2.362124 0.498499 -0.000000
v -2.361558 0.501613 -0.000000
v -2.360983 0.503840 -0.000000
v -2.352746 0.516717 -0.000000
v -2.339058 0.527102 -0.000000
v -2.320900 0.535258 -0.000000
v -2.299255 0.541446 -0.000000
v -2.275102 0.545927 -0.000000
v -2.249424 0.548963 -0.000000
v -2.223202 0.550815 -0.000000
v -2.197417 0.551744 -0.000000
v -2.173051 0.552011 -0.000000
v -2.151085 0.551879 -0.000000
v -2.132501 0.551608 -0.000000
v -2.118279 0.551459 -0.000000
v -2.106911 0.551398 -0.000000
v -2.093129 0.551161 -0.000000
v -2.077465 0.550667 -0.000000
v -2.060448 0.549838 -0.000000
v -2.042610 0.548592 -0.000000
v -2.024482 0.546851 -0.000000
v -2.006593 0.544533 -0.000000
v -1.989475 0.541560 -0.000000
v -1.973658 0.537850 -0.000000
v -1.959674 0.533325 -0.000000
v -1.948052 0.527903 -0.000000
v -1.939324 0.521505 -0.000000
v -1.936617 0.518139 -0.000000
v -1.934243 0.513903 -0.000000
v -1.932184 0.508953 -0.000000
v -1.930420 0.503442 -0.000000
v -1.928935 0.497526 -0.000000
v -1.927707 0.491360 -0.000000
v -1.926720 0.485097 -0.000000
v -1.925954 0.478893 -0.000000
v -1.925391 0.472902 -0.000000
v -1.925012 0.467280 -0.000000
v -1.924798 0.462180 -0.000000
v -1.924731 0.457757 -0.000000
v -1.927098 0.442488 -0.000000
v -1.933678 0.432440 -0.000000
v -1.943692 0.426531 -0.000000
v -1.956363 0.423679 -0.000000
v -1.970912 0.422799 -0.000000
v -1.986559 0.422811 -0.000000
v -2.002526 0.422631 -0.000000
v -2.018035 0.421175 -0.000000
v -2.032306 0.417363 -0.000000
v -2.044561 0.410110 -0.000000
v -2.054021 0.398334 -0.000000
v -2.059908 0.380952 -0.000000
v -2.060629 0.376329 -0.000000
v -2.061259 0.371679 -0.000000
v -2.061804 0.367007 -0.000000
v -2.062269 0.362320 -0.000000
v -2.062659 0.357622 -0.000000
v -2.062980 0.352919 -0.000000
v -2.063237 0.348215 -0.000000
v -2.063436 0.343517 -0.000000
v -2.063581 0.338830 -0.000000
v -2.063677 0.334158 -0.000000
v -2.063731 0.329508 -0.000000
v -2.063748 0.324885 -0.000000
v -2.063718 0.315107 -0.000000
v -2.063634 0.305356 -0.000000
v -2.063508 0.295627 -0.000000
v -2.063350 0.285913 -0.000000
v -2.063170 0.276211 -0.000000
v -2.062980 0.266513 -0.000000
v -2.062790 0.256816 -0.000000
v -2.062610 0.247113 -0.000000
v -2.062452 0.237399 -0.000000
v -2.062326 0.227670 -0.000000
v -2.062243 0.217919 -0.000000
v -2.062212 0.208141 -0.000000
v -2.062219 0.196091 -0.000000
v -2.062333 0.181117 -0.000000
v -2.062692 0.163882 -0.000000
v -2.063435 0.145048 -0.000000
v -2.064701 0.125274 -0.000000
v -2.066628 0.105223 -0.000000
v -2.069355 0.085556 -0.000000
v -2.073021 0.066934 -0.000000
v -2.077765 0.050019 -0.000000
v -2.083724 0.035472 -0.000000
v -2.091038 0.023955 -0.000000
v -2.099846 0.016129 -0.000000
v -2.103233 0.014380 -0.000000
v -2.106841 0.012950 -0.000000
v -2.110635 0.011809 -0.000000
v -2.114582 0.010923 -0.000000
v -2.118645 0.010262 -0.000000
v -2.122792 0.009793 -0.000000
v -2.126987 0.009483 -0.000000
v -2.131194 0.009302 -0.000000
v -2.135381 0.009217 -0.000000
v -2.139511 0.009195 -0.000000
v -2.143551 0.009206 -0.000000
v -2.147465 0.009217 -0.000000
v -2.151955 0.009209 -0.000000
v -2.156565 0.009220 -0.000000
v -2.161254 0.009301 -0.000000
v -2.165984 0.009501 -0.000000
v -2.170714 0.009872 -0.000000
v -2.175404 0.010465 -0.000000
v -2.180013 0.011329 -0.000000
v -2.184503 0.012516 -0.000000
v -2.188833 0.014077 -0.000000
v -2.192962 0.016061 -0.000000
v -2.196852 0.018521 -0.000000
v -2.200461 0.021505 -0.000000
v -2.206153 0.030141 -0.000000
v -2.210986 0.043548 -0.000000
v -2.215030 0.060832 -0.000000
v -2.218354 0.081100 -0.000000
v -2.221027 0.103460 -0.000000
v -2.223118 0.127016 -0.000000
v -2.224698 0.150877 -0.000000
v -2.225835 0.174148 -0.000000
v -2.226599 0.195937 -0.000000
v -2.227058 0.215349 -0.000000
v -2.227283 0.231492 -0.000000
v -2.227343 0.243472 -0.000000
v -2.227312 0.251329 -0.000000
v -2.227229 0.259160 -0.000000
v -2.227103 0.266969 -0.000000
v -2.226944 0.274762 -0.000000
v -2.226765 0.282545 -0.000000
v -2.226575 0.290323 -0.000000
v -2.226384 0.298100 -0.000000
v -2.226205 0.305883 -0.000000
v -2.226047 0.313676 -0.000000
v -2.225920 0.321485 -0.000000
v -2.225837 0.329316 -0.000000
v -2.225806 0.337174 -0.000000
v -2.226020 0.348592 -0.000000
v -2.226745 0.359717 -0.000000
v -2.228111 0.370416 -0.000000
v -2.230244 0.380554 -0.000000
v -2.233274 0.389999 -0.000000
v -2.237327 0.398618 -0.000000
v -2.242533 0.406276 -0.000000
v -2.249018 0.412841 -0.000000
v -2.256912 0.418179 -0.000000
v -2.266342 0.422157 -0.000000
v -2.277436 0.424641 -0.000000
v -2.290323 0.425499 -0.000000
v -2.293188 0.425469 -0.000000
v -2.296026 0.425385 -0.000000
v -2.298843 0.425259 -0.000000
v -2.301644 0.425101 -0.000000
v -2.304435 0.424921 -0.000000
v -2.307220 0.424731 -0.000000
v -2.310004 0.424541 -0.000000
v -2.312795 0.424361 -0.000000
v -2.315596 0.424203 -0.000000
v -2.318413 0.424077 -0.000000
v -2.321252 0.423993 -0.000000
v -2.324117 0.423963 -0.000000
v -2.329612 0.424099 -0.000000
v -2.334923 0.424539 -0.000000
v -2.339994 0.425331 -0.000000
v -2.344769 0.426523 -0.000000
v -2.349192 0.428163 -0.000000
v -2.353207 0.430300 -0.000000
v -2.356758 0.432980 -0.000000
v -2.359788 0.436252 -0.000000
v -2.362243 0.440164 -0.000000
v -2.364066 0.444764 -0.000000
v -2.365201 0.450101 -0.000000
v -1.620584 0.169739 -0.000000
v -1.620585 0.172442 -0.000000
v -1.620594 0.175172 -0.000000
v -1.620620 0.177923 -0.000000
v -1.620669 0.180691 -0.000000
v -1.620750 0.183469 -0.000000
v -1.620872 0.186252 -0.000000
v -1.621041 0.189035 -0.000000
v -1.621266 0.191813 -0.000000
v -1.621556 0.194580 -0.000000
v -1.621917 0.197332 -0.000000
v -1.622358 0.200062 -0.000000
v -1.622888 0.202765 -0.000000
v -1.623289 0.204492 -0.000000
v -1.623730 0.206211 -0.000000
v -1.624220 0.207913 -0.000000
v -1.624765 0.209592 -0.000000
v -1.625375 0.211239 -0.000000
v -1.626056 0.212846 -0.000000
v -1.626817 0.214404 -0.000000
v -1.627667 0.215907 -0.000000
v -1.628612 0.217346 -0.000000
v -1.629662 0.218713 -0.000000
v -1.630823 0.219999 -0.000000
v -1.632104 0.221198 -0.000000
v -1.636209 0.223976 -0.000000
v -1.641129 0.226205 -0.000000
v -1.646721 0.227943 -0.000000
v -1.652842 0.229248 -0.000000
v -1.659346 0.230181 -0.000000
v -1.666090 0.230799 -0.000000
v -1.672931 0.231161 -0.000000
v -1.679723 0.231325 -0.000000
v -1.686324 0.231351 -0.000000
v -1.692588 0.231297 -0.000000
v -1.698373 0.231221 -0.000000
v -1.703533 0.231183 -0.000000
v -1.710699 0.231105 -0.000000
v -1.719644 0.230941 -0.000000
v -1.729971 0.230799 -0.000000
v -1.741281 0.230785 -0.000000
v -1.753178 0.231005 -0.000000
v -1.765265 0.231567 -0.000000
v -1.777143 0.232577 -0.000000
v -1.788416 0.234141 -0.000000
v -1.798687 0.236367 -0.000000
v -1.807557 0.239361 -0.000000
v -1.814630 0.243230 -0.000000
v -1.819508 0.248080 -0.000000
v -1.820774 0.250268 -0.000000
v -1.821887 0.252596 -0.000000
v -1.822857 0.255040 -0.000000
v -1.823690 0.257581 -0.000000
v -1.824395 0.260196 -0.000000
v -1.824981 0.262865 -0.000000
v -1.825454 0.265565 -0.000000
v -1.825823 0.268277 -0.000000
v -1.826097 0.270977 -0.000000
v -1.826282 0.273646 -0.000000
v -1.826387 0.276261 -0.000000
v -1.826421 0.278802 -0.000000
v -1.826416 0.282069 -0.000000
v -1.826385 0.285675 -0.000000
v -1.826301 0.289543 -0.000000
v -1.826136 0.293594 -0.000000
v -1.825865 0.297752 -0.000000
v -1.825461 0.301939 -0.000000
v -1.824896 0.306079 -0.000000
v -1.824145 0.310093 -0.000000
v -1.823181 0.313904 -0.000000
v -1.821976 0.317435 -0.000000
v -1.820505 0.320609 -0.000000
v -1.818740 0.323349 -0.000000
v -1.815453 0.327115 -0.000000
v -1.811767 0.330371 -0.000000
v -1.807736 0.333153 -0.000000
v -1.803408 0.335495 -0.000000
v -1.798835 0.337432 -0.000000
v -1.794067 0.338998 -0.000000
v -1.789155 0.340228 -0.000000
v -1.784150 0.341156 -0.000000
v -1.779102 0.341818 -0.000000
v -1.774062 0.342248 -0.000000
v -1.769081 0.342480 -0.000000
v -1.764209 0.342550 -0.000000
v -1.758448 0.342505 -0.000000
v -1.752688 0.342379 -0.000000
v -1.746927 0.342190 -0.000000
v -1.741167 0.341953 -0.000000
v -1.735407 0.341683 -0.000000
v -1.729646 0.341398 -0.000000
v -1.723886 0.341112 -0.000000
v -1.718125 0.340843 -0.000000
v -1.712365 0.340606 -0.000000
v -1.706604 0.340416 -0.000000
v -1.700844 0.340291 -0.000000
v -1.695084 0.340246 -0.000000
v -1.687825 0.340313 -0.000000
v -1.680022 0.340591 -0.000000
v -1.671899 0.341194 -0.000000
v -1.663680 0.342237 -0.000000
v -1.655589 0.343835 -0.000000
v -1.647849 0.346102 -0.000000
v -1.640686 0.349153 -0.000000
v -1.634323 0.353103 -0.000000
v -1.628984 0.358067 -0.000000
v -1.624893 0.364158 -0.000000
v -1.622274 0.371493 -0.000000
v -1.621352 0.380184 -0.000000
v -1.621785 0.391992 -0.000000
v -1.623091 0.401807 -0.000000
v -1.625276 0.409814 -0.000000
v -1.628350 0.416197 -0.000000
v -1.632319 0.421140 -0.000000
v -1.637193 0.424827 -0.000000
v -1.642978 0.427442 -0.000000
v -1.649684 0.429169 -0.000000
v -1.657318 0.430191 -0.000000
v -1.665888 0.430694 -0.000000
v -1.675402 0.430861 -0.000000
v -1.685868 0.430876 -0.000000
v -1.692204 0.430800 -0.000000
v -1.698541 0.430591 -0.000000
v -1.704877 0.430276 -0.000000
v -1.711214 0.429880 -0.000000
v -1.717550 0.429431 -0.000000
v -1.723886 0.428955 -0.000000
v -1.730223 0.428480 -0.000000
v -1.736559 0.428031 -0.000000
v -1.742896 0.427635 -0.000000
v -1.749232 0.427320 -0.000000
v -1.755569 0.427111 -0.000000
v -1.761905 0.427035 -0.000000
v -1.768181 0.427039 -0.000000
v -1.775310 0.427131 -0.000000
v -1.783026 0.427431 -0.000000
v -1.791062 0.428059 -0.000000
v -1.799152 0.429135 -0.000000
v -1.807028 0.430780 -0.000000
v -1.814424 0.433112 -0.000000
v -1.821073 0.436252 -0.000000
v -1.826709 0.440320 -0.000000
v -1.831064 0.445436 -0.000000
v -1.833874 0.451721 -0.000000
v -1.834869 0.459293 -0.000000
v -1.834800 0.464343 -0.000000
v -1.834574 0.469484 -0.000000
v -1.834161 0.474678 -0.000000
v -1.833532 0.479888 -0.000000
v -1.832658 0.485077 -0.000000
v -1.831509 0.490207 -0.000000
v -1.830056 0.495241 -0.000000
v -1.828270 0.500142 -0.000000
v -1.826121 0.504872 -0.000000
v -1.823580 0.509394 -0.000000
v -1.820617 0.513671 -0.000000
v -1.817204 0.517665 -0.000000
v -1.810706 0.523816 -0.000000
v -1.803561 0.529236 -0.000000
v -1.795855 0.533962 -0.000000
v -1.787677 0.538033 -0.000000
v -1.779115 0.541484 -0.000000
v -1.770257 0.544355 -0.000000
v -1.761191 0.546681 -0.000000
v -1.752006 0.548501 -0.000000
v -1.742788 0.549851 -0.000000
v -1.733626 0.550769 -0.000000
v -1.724608 0.551293 -0.000000
v -1.715822 0.551459 -0.000000
v -1.676161 0.551317 -0.000000
v -1.639767 0.550449 -0.000000
v -1.606675 0.548195 -0.000000
v -1.576919 0.543893 -0.000000
v -1.550533 0.536881 -0.000000
v -1.527554 0.526498 -0.000000
v -1.508014 0.512083 -0.000000
v -1.491950 0.492974 -0.000000
v -1.479395 0.468510 -0.000000
v -1.470384 0.438030 -0.000000
v -1.464952 0.400872 -0.000000
v -1.463134 0.356375 -0.000000
v -1.463149 0.348709 -0.000000
v -1.463190 0.341071 -0.000000
v -1.463253 0.333453 -0.000000
v -1.463333 0.325852 -0.000000
v -1.463422 0.318261 -0.000000
v -1.463518 0.310676 -0.000000
v -1.463613 0.303090 -0.000000
v -1.463702 0.295500 -0.000000
v -1.463782 0.287898 -0.000000
v -1.463845 0.280281 -0.000000
v -1.463886 0.272642 -0.000000
v -1.463902 0.264977 -0.000000
v -1.463918 0.255568 -0.000000
v -1.463969 0.246160 -0.000000
v -1.464058 0.236751 -0.000000
v -1.464186 0.227343 -0.000000
v -1.464357 0.217934 -0.000000
v -1.464574 0.208525 -0.000000
v -1.464838 0.199117 -0.000000
v -1.465153 0.189708 -0.000000
v -1.465522 0.180300 -0.000000
v -1.465946 0.170891 -0.000000
v -1.466429 0.161482 -0.000000
v -1.466974 0.152074 -0.000000
v -1.468191 0.137919 -0.000000
v -1.469993 0.124285 -0.000000
v -1.472482 0.111211 -0.000000
v -1.475764 0.098737 -0.000000
v -1.479941 0.086903 -0.000000
v -1.485119 0.075749 -0.000000
v -1.491401 0.065315 -0.000000
v -1.498890 0.055641 -0.000000
v -1.507692 0.046767 -0.000000
v -1.517910 0.038733 -0.000000
v -1.529648 0.031579 -0.000000
v -1.543011 0.025346 -0.000000
v -1.555943 0.020672 -0.000000
v -1.569341 0.016950 -0.000000
v -1.583129 0.014077 -0.000000
v -1.597229 0.011947 -0.000000
v -1.611564 0.010458 -0.000000
v -1.626056 0.009505 -0.000000
v -1.640628 0.008983 -0.000000
v -1.655203 0.008790 -0.000000
v -1.669703 0.008821 -0.000000
v -1.684051 0.008971 -0.000000
v -1.698169 0.009138 -0.000000
v -1.711982 0.009217 -0.000000
v -1.724872 0.009480 -0.000000
v -1.738362 0.010365 -0.000000
v -1.752124 0.012013 -0.000000
v -1.765830 0.014564 -0.000000
v -1.779153 0.018162 -0.000000
v -1.791763 0.022945 -0.000000
v -1.803333 0.029057 -0.000000
v -1.813535 0.036639 -0.000000
v -1.822040 0.045831 -0.000000
v -1.828522 0.056775 -0.000000
v -1.832652 0.069613 -0.000000
v -1.834101 0.084485 -0.000000
v -1.833959 0.092990 -0.000000
v -1.833472 0.100490 -0.000000
v -1.832553 0.107035 -0.000000
v -1.831114 0.112676 -0.000000
v -1.829068 0.117463 -0.000000
v -1.826325 0.121448 -0.000000
v -1.822798 0.124680 -0.000000
v -1.818399 0.127212 -0.000000
v -1.813040 0.129092 -0.000000
v -1.806633 0.130373 -0.000000
v -1.799090 0.131104 -0.000000
v -1.790323 0.131336 -0.000000
v -1.779747 0.131291 -0.000000
v -1.769144 0.131166 -0.000000
v -1.758520 0.130976 -0.000000
v -1.747881 0.130739 -0.000000
v -1.737230 0.130470 -0.000000
v -1.726574 0.130184 -0.000000
v -1.715919 0.129899 -0.000000
v -1.705268 0.129630 -0.000000
v -1.694628 0.129392 -0.000000
v -1.684005 0.129203 -0.000000
v -1.673402 0.129078 -0.000000
v -1.662826 0.129032 -0.000000
v -1.656187 0.129305 -0.000000
v -1.650097 0.130127 -0.000000
v -1.644561 0.131504 -0.000000
v -1.639586 0.133441 -0.000000
v -1.635176 0.135944 -0.000000
v -1.631336 0.139017 -0.000000
v -1.628073 0.142666 -0.000000
v -1.625391 0.146896 -0.000000
v -1.623296 0.151714 -0.000000
v -1.621793 0.157123 -0.000000
v -1.620887 0.163130 -0.000000
v -1.090630 0.076805 -0.000000
v -1.090584 0.081605 -0.000000
v -1.090459 0.086402 -0.000000
v -1.090270 0.091194 -0.000000
v -1.090032 0.095978 -0.000000
v -1.089763 0.100751 -0.000000
v -1.089478 0.105511 -0.000000
v -1.089192 0.110255 -0.000000
v -1.088923 0.114980 -0.000000
v -1.088686 0.119684 -0.000000
v -1.088496 0.124364 -0.000000
v -1.088371 0.129017 -0.000000
v -1.088326 0.133641 -0.000000
v -1.088337 0.137829 -0.000000
v -1.088414 0.143277 -0.000000
v -1.088626 0.149674 -0.000000
v -1.089037 0.156710 -0.000000
v -1.089715 0.164078 -0.000000
v -1.090726 0.171467 -0.000000
v -1.092137 0.178568 -0.000000
v -1.094015 0.185071 -0.000000
v -1.096426 0.190668 -0.000000
v -1.099437 0.195049 -0.000000
v -1.103115 0.197904 -0.000000
v -1.107527 0.198925 -0.000000
v -1.135737 0.195253 -0.000000
v -1.157073 0.185100 -0.000000
v -1.172787 0.169763 -0.000000
v -1.184133 0.150538 -0.000000
v -1.192363 0.128720 -0.000000
v -1.198733 0.105607 -0.000000
v -1.204494 0.082493 -0.000000
v -1.210901 0.060676 -0.000000
v -1.219206 0.041451 -0.000000
v -1.230664 0.026114 -0.000000
v -1.246527 0.015961 -0.000000
v -1.268049 0.012289 -0.000000
v -1.274017 0.012380 -0.000000
v -1.281999 0.012698 -0.000000
v -1.291511 0.013309 -0.000000
v -1.302071 0.014280 -0.000000
v -1.313197 0.015678 -0.000000
v -1.324405 0.017569 -0.000000
v -1.335213 0.020020 -0.000000
v -1.345139 0.023098 -0.000000
v -1.353699 0.026870 -0.000000
v -1.360411 0.031401 -0.000000
v -1.364792 0.036759 -0.000000
v -1.366359 0.043011 -0.000000
v -1.365591 0.053041 -0.000000
v -1.363412 0.065839 -0.000000
v -1.360011 0.080813 -0.000000
v -1.355578 0.097372 -0.000000
v -1.350303 0.114922 -0.000000
v -1.344374 0.132872 -0.000000
v -1.337981 0.150631 -0.000000
v -1.331313 0.167605 -0.000000
v -1.324561 0.183204 -0.000000
v -1.317912 0.196834 -0.000000
v -1.311556 0.207904 -0.000000
v -1.305683 0.215822 -0.000000
v -1.304202 0.217277 -0.000000
v -1.302149 0.219267 -0.000000
v -1.299659 0.221690 -0.000000
v -1.296865 0.224441 -0.000000
v -1.293901 0.227416 -0.000000
v -1.290899 0.230511 -0.000000
v -1.287993 0.233622 -0.000000
v -1.285316 0.236644 -0.000000
v -1.283002 0.239475 -0.000000
v -1.281184 0.242010 -0.000000
v -1.279996 0.244145 -0.000000
v -1.279570 0.245776 -0.000000
v -1.279798 0.246810 -0.000000
v -1.280437 0.247970 -0.000000
v -1.281418 0.249220 -0.000000
v -1.282670 0.250526 -0.000000
v -1.284126 0.251854 -0.000000
v -1.285714 0.253168 -0.000000
v -1.287367 0.254434 -0.000000
v -1.289014 0.255618 -0.000000
v -1.290587 0.256684 -0.000000
v -1.292015 0.257599 -0.000000
v -1.293230 0.258326 -0.000000
v -1.294163 0.258833 -0.000000
v -1.300625 0.263168 -0.000000
v -1.306946 0.267726 -0.000000
v -1.313112 0.272501 -0.000000
v -1.319110 0.277493 -0.000000
v -1.324927 0.282699 -0.000000
v -1.330549 0.288114 -0.000000
v -1.335963 0.293738 -0.000000
v -1.341156 0.299568 -0.000000
v -1.346114 0.305600 -0.000000
v -1.350824 0.311832 -0.000000
v -1.355273 0.318261 -0.000000
v -1.359447 0.324885 -0.000000
v -1.361993 0.329333 -0.000000
v -1.364262 0.333842 -0.000000
v -1.366263 0.338410 -0.000000
v -1.368009 0.343034 -0.000000
v -1.369510 0.347711 -0.000000
v -1.370776 0.352439 -0.000000
v -1.371818 0.357214 -0.000000
v -1.372646 0.362036 -0.000000
v -1.373272 0.366899 -0.000000
v -1.373706 0.371803 -0.000000
v -1.373958 0.376745 -0.000000
v -1.374040 0.381720 -0.000000
v -1.371773 0.409413 -0.000000
v -1.365254 0.434865 -0.000000
v -1.354899 0.458045 -0.000000
v -1.341128 0.478921 -0.000000
v -1.324359 0.497461 -0.000000
v -1.305012 0.513633 -0.000000
v -1.283504 0.527404 -0.000000
v -1.260255 0.538744 -0.000000
v -1.235683 0.547619 -0.000000
v -1.210207 0.553998 -0.000000
v -1.184246 0.557849 -0.000000
v -1.158218 0.559140 -0.000000
v -1.145924 0.559108 -0.000000
v -1.131614 0.558948 -0.000000
v -1.115735 0.558564 -0.000000
v -1.098737 0.557860 -0.000000
v -1.081066 0.556740 -0.000000
v -1.063172 0.555107 -0.000000
v -1.045501 0.552867 -0.000000
v -1.028503 0.549923 -0.000000
v -1.012625 0.546179 -0.000000
v -0.998314 0.541539 -0.000000
v -0.986020 0.535906 -0.000000
v -0.976190 0.529186 -0.000000
v -0.972140 0.525095 -0.000000
v -0.968428 0.520208 -0.000000
v -0.965042 0.514653 -0.000000
v -0.961967 0.508562 -0.000000
v -0.959192 0.502066 -0.000000
v -0.956701 0.495296 -0.000000
v -0.954483 0.488381 -0.000000
v -0.952523 0.481453 -0.000000
v -0.950809 0.474642 -0.000000
v -0.949326 0.468080 -0.000000
v -0.948063 0.461896 -0.000000
v -0.947005 0.456221 -0.000000
v -0.945018 0.443134 -0.000000
v -0.943275 0.429990 -0.000000
v -0.941760 0.416799 -0.000000
v -0.940462 0.403567 -0.000000
v -0.939366 0.390304 -0.000000
v -0.938460 0.377016 -0.000000
v -0.937730 0.363713 -0.000000
v -0.937162 0.350401 -0.000000
v -0.936744 0.337090 -0.000000
v -0.936462 0.323786 -0.000000
v -0.936302 0.310499 -0.000000
v -0.936252 0.297235 -0.000000
v -0.936193 0.281586 -0.000000
v -0.936163 0.260756 -0.000000
v -0.936384 0.235899 -0.000000
v -0.937077 0.208170 -0.000000
v -0.938463 0.178723 -0.000000
v -0.940764 0.148714 -0.000000
v -0.944201 0.119296 -0.000000
v -0.948996 0.091625 -0.000000
v -0.955369 0.066856 -0.000000
v -0.963542 0.046143 -0.000000
v -0.973737 0.030641 -0.000000
v -0.986175 0.021505 -0.000000
v -0.990830 0.019726 -0.000000
v -0.995569 0.018213 -0.000000
v -1.000384 0.016945 -0.000000
v -1.005262 0.015901 -0.000000
v -1.010194 0.015061 -0.000000
v -1.015169 0.014401 -0.000000
v -1.020175 0.013901 -0.000000
v -1.025203 0.013540 -0.000000
v -1.030242 0.013297 -0.000000
v -1.035280 0.013149 -0.000000
v -1.040308 0.013076 -0.000000
v -1.045315 0.013057 -0.000000
v -1.055242 0.013636 -0.000000
v -1.063606 0.015325 -0.000000
v -1.070540 0.018049 -0.000000
v -1.076179 0.021733 -0.000000
v -1.080655 0.026302 -0.000000
v -1.084101 0.031682 -0.000000
v -1.086652 0.037798 -0.000000
v -1.088439 0.044575 -0.000000
v -1.089598 0.051939 -0.000000
v -1.090260 0.059815 -0.000000
v -1.090559 0.068129 -0.000000
v -1.089094 0.408602 -0.000000
v -1.089228 0.413714 -0.000000
v -1.089659 0.418647 -0.000000
v -1.090426 0.423351 -0.000000
v -1.091569 0.427775 -0.000000
v -1.093127 0.431868 -0.000000
v -1.095142 0.435580 -0.000000
v -1.097653 0.438860 -0.000000
v -1.100700 0.441657 -0.000000
v -1.104323 0.443920 -0.000000
v -1.108562 0.445600 -0.000000
v -1.113457 0.446645 -0.000000
v -1.119048 0.447005 -0.000000
v -1.141321 0.447005 -0.000000
v -1.150592 0.446482 -0.000000
v -1.159868 0.444939 -0.000000
v -1.168995 0.442408 -0.000000
v -1.177817 0.438926 -0.000000
v -1.186182 0.434526 -0.000000
v -1.193932 0.429244 -0.000000
v -1.200915 0.423113 -0.000000
v -1.206975 0.416169 -0.000000
v -1.211958 0.408446 -0.000000
v -1.215708 0.399979 -0.000000
v -1.218072 0.390803 -0.000000
v -1.218894 0.380952 -0.000000
v -1.217819 0.364950 -0.000000
v -1.214709 0.351375 -0.000000
v -1.209738 0.340030 -0.000000
v -1.203078 0.330716 -0.000000
v -1.194904 0.323238 -0.000000
v -1.185388 0.317396 -0.000000
v -1.174704 0.312995 -0.000000
v -1.163026 0.309837 -0.000000
v -1.150526 0.307724 -0.000000
v -1.137378 0.306459 -0.000000
v -1.123755 0.305844 -0.000000
v -1.109831 0.305684 -0.000000
v -1.105389 0.306130 -0.000000
v -1.101628 0.307401 -0.000000
v -1.098490 0.309392 -0.000000
v -1.095921 0.311999 -0.000000
v -1.093863 0.315118 -0.000000
v -1.092262 0.318644 -0.000000
v -1.091061 0.322475 -0.000000
v -1.090203 0.326506 -0.000000
v -1.089634 0.330633 -0.000000
v -1.089296 0.334752 -0.000000
v -1.089135 0.338759 -0.000000
v -1.089094 0.342550 -0.000000
v -0.692780 0.163594 -0.000000
v -0.683469 0.163507 -0.000000
v -0.674422 0.163150 -0.000000
v -0.665743 0.162382 -0.000000
v -0.657535 0.161063 -0.000000
v -0.649904 0.159050 -0.000000
v -0.642953 0.156202 -0.000000
v -0.636786 0.152378 -0.000000
v -0.631507 0.147437 -0.000000
v -0.627220 0.141237 -0.000000
v -0.624029 0.133637 -0.000000
v -0.622038 0.124496 -0.000000
v -0.621352 0.113671 -0.000000
v -0.621533 0.097534 -0.000000
v -0.622223 0.082562 -0.000000
v -0.623644 0.068800 -0.000000
v -0.626017 0.056295 -0.000000
v -0.629563 0.045091 -0.000000
v -0.634505 0.035234 -0.000000
v -0.641062 0.026769 -0.000000
v -0.649457 0.019742 -0.000000
v -0.659910 0.014197 -0.000000
v -0.672644 0.010180 -0.000000
v -0.687879 0.007737 -0.000000
v -0.705837 0.006912 -0.000000
v -0.723810 0.007677 -0.000000
v -0.739087 0.009960 -0.000000
v -0.751884 0.013741 -0.000000
v -0.762417 0.019002 -0.000000
v -0.770901 0.025725 -0.000000
v -0.777554 0.033890 -0.000000
v -0.782590 0.043480 -0.000000
v -0.786226 0.054475 -0.000000
v -0.788678 0.066856 -0.000000
v -0.790163 0.080606 -0.000000
v -0.790895 0.095705 -0.000000
v -0.791091 0.112135 -0.000000
v -0.790690 0.121860 -0.000000
v -0.789487 0.130348 -0.000000
v -0.787478 0.137673 -0.000000
v -0.784662 0.143910 -0.000000
v -0.781034 0.149133 -0.000000
v -0.776594 0.153418 -0.000000
v -0.771337 0.156838 -0.000000
v -0.765261 0.159470 -0.000000
v -0.758364 0.161386 -0.000000
v -0.750644 0.162663 -0.000000
v -0.742096 0.163374 -0.000000
v -0.732719 0.163594 -0.000000
v -0.621352 0.345622 -0.000000
v -0.621358 0.341471 -0.000000
v -0.621405 0.337120 -0.000000
v -0.621532 0.332625 -0.000000
v -0.621778 0.328042 -0.000000
v -0.622185 0.323427 -0.000000
v -0.622792 0.318836 -0.000000
v -0.623639 0.314325 -0.000000
v -0.624765 0.309950 -0.000000
v -0.626212 0.305768 -0.000000
v -0.628019 0.301833 -0.000000
v -0.630226 0.298202 -0.000000
v -0.632872 0.294931 -0.000000
v -0.635982 0.292092 -0.000000
v -0.639508 0.289697 -0.000000
v -0.643385 0.287706 -0.000000
v -0.647551 0.286084 -0.000000
v -0.651940 0.284792 -0.000000
v -0.656490 0.283794 -0.000000
v -0.661136 0.283052 -0.000000
v -0.665813 0.282528 -0.000000
v -0.670459 0.282186 -0.000000
v -0.675009 0.281988 -0.000000
v -0.679398 0.281896 -0.000000
v -0.683564 0.281874 -0.000000
v -0.686651 0.281859 -0.000000
v -0.689765 0.281817 -0.000000
v -0.692900 0.281754 -0.000000
v -0.696052 0.281675 -0.000000
v -0.699214 0.281585 -0.000000
v -0.702381 0.281490 -0.000000
v -0.705548 0.281395 -0.000000
v -0.708710 0.281305 -0.000000
v -0.711862 0.281226 -0.000000
v -0.714997 0.281163 -0.000000
v -0.718111 0.281121 -0.000000
v -0.721198 0.281106 -0.000000
v -0.725940 0.281188 -0.000000
v -0.730909 0.281444 -0.000000
v -0.736043 0.281886 -0.000000
v -0.741281 0.282528 -0.000000
v -0.746562 0.283384 -0.000000
v -0.751824 0.284466 -0.000000
v -0.757006 0.285789 -0.000000
v -0.762047 0.287364 -0.000000
v -0.766885 0.289207 -0.000000
v -0.771459 0.291329 -0.000000
v -0.775708 0.293745 -0.000000
v -0.779570 0.296467 -0.000000
v -0.781733 0.298303 -0.000000
v -0.783623 0.300339 -0.000000
v -0.785258 0.302551 -0.000000
v -0.786653 0.304916 -0.000000
v -0.787824 0.307408 -0.000000
v -0.788786 0.310004 -0.000000
v -0.789557 0.312680 -0.000000
v -0.790152 0.315412 -0.000000
v -0.790587 0.318176 -0.000000
v -0.790877 0.320949 -0.000000
v -0.791040 0.323705 -0.000000
v -0.791091 0.326421 -0.000000
v -0.790983 0.343133 -0.000000
v -0.790483 0.358672 -0.000000
v -0.789326 0.372984 -0.000000
v -0.787250 0.386016 -0.000000
v -0.783990 0.397714 -0.000000
v -0.779282 0.408026 -0.000000
v -0.772861 0.416898 -0.000000
v -0.764465 0.424276 -0.000000
v -0.753828 0.430107 -0.000000
v -0.740687 0.434339 -0.000000
v -0.724778 0.436917 -0.000000
v -0.705837 0.437788 -0.000000
v -0.689008 0.437280 -0.000000
v -0.674511 0.435708 -0.000000
v -0.662178 0.433000 -0.000000
v -0.651846 0.429083 -0.000000
v -0.643349 0.423887 -0.000000
v -0.636521 0.417339 -0.000000
v -0.631197 0.409366 -0.000000
v -0.627212 0.399898 -0.000000
v -0.624400 0.388861 -0.000000
v -0.622596 0.376184 -0.000000
v -0.621635 0.361795 -0.000000
v -0.205837 0.076805 -0.000000
v -0.205792 0.081605 -0.000000
v -0.205666 0.086402 -0.000000
v -0.205477 0.091194 -0.000000
v -0.205240 0.095978 -0.000000
v -0.204970 0.100751 -0.000000
v -0.204685 0.105511 -0.000000
v -0.204400 0.110255 -0.000000
v -0.204130 0.114980 -0.000000
v -0.203893 0.119684 -0.000000
v -0.203704 0.124364 -0.000000
v -0.203578 0.129017 -0.000000
v -0.203533 0.133641 -0.000000
v -0.203544 0.137829 -0.000000
v -0.203622 0.143277 -0.000000
v -0.203833 0.149674 -0.000000
v -0.204244 0.156710 -0.000000
v -0.204922 0.164078 -0.000000
v -0.205933 0.171467 -0.000000
v -0.207344 0.178568 -0.000000
v -0.209222 0.185071 -0.000000
v -0.211634 0.190668 -0.000000
v -0.214645 0.195049 -0.000000
v -0.218323 0.197904 -0.000000
v -0.222734 0.198925 -0.000000
v -0.250945 0.195253 -0.000000
v -0.272281 0.185100 -0.000000
v -0.287994 0.169763 -0.000000
v -0.299340 0.150538 -0.000000
v -0.307571 0.128720 -0.000000
v -0.313940 0.105607 -0.000000
v -0.319701 0.082493 -0.000000
v -0.326108 0.060676 -0.000000
v -0.334413 0.041451 -0.000000
v -0.345871 0.026114 -0.000000
v -0.361734 0.015961 -0.000000
v -0.383257 0.012289 -0.000000
v -0.389224 0.012380 -0.000000
v -0.397206 0.012698 -0.000000
v -0.406718 0.013309 -0.000000
v -0.417278 0.014280 -0.000000
v -0.428404 0.015678 -0.000000
v -0.439612 0.017569 -0.000000
v -0.450420 0.020020 -0.000000
v -0.460346 0.023098 -0.000000
v -0.468906 0.026870 -0.000000
v -0.475618 0.031401 -0.000000
v -0.479999 0.036759 -0.000000
v -0.481567 0.043011 -0.000000
v -0.480798 0.053041 -0.000000
v -0.478619 0.065839 -0.000000
v -0.475218 0.080813 -0.000000
v -0.470786 0.097372 -0.000000
v -0.465510 0.114922 -0.000000
v -0.459581 0.132872 -0.000000
v -0.453189 0.150631 -0.000000
v -0.446521 0.167605 -0.000000
v -0.439768 0.183204 -0.000000
v -0.433119 0.196834 -0.000000
v -0.426764 0.207904 -0.000000
v -0.420891 0.215822 -0.000000
v -0.419409 0.217277 -0.000000
v -0.417356 0.219267 -0.000000
v -0.414867 0.221690 -0.000000
v -0.412073 0.224441 -0.000000
v -0.409108 0.227416 -0.000000
v -0.406106 0.230511 -0.000000
v -0.403200 0.233622 -0.000000
v -0.400523 0.236644 -0.000000
v -0.398210 0.239475 -0.000000
v -0.396392 0.242010 -0.000000
v -0.395203 0.244145 -0.000000
v -0.394777 0.245776 -0.000000
v -0.395006 0.246810 -0.000000
v -0.395645 0.247970 -0.000000
v -0.396625 0.249220 -0.000000
v -0.397878 0.250526 -0.000000
v -0.399333 0.251854 -0.000000
v -0.400922 0.253168 -0.000000
v -0.402574 0.254434 -0.000000
v -0.404221 0.255618 -0.000000
v -0.405794 0.256684 -0.000000
v -0.407223 0.257599 -0.000000
v -0.408438 0.258326 -0.000000
v -0.409370 0.258833 -0.000000
v -0.415832 0.263168 -0.000000
v -0.422153 0.267726 -0.000000
v -0.428319 0.272501 -0.000000
v -0.434318 0.277493 -0.000000
v -0.440134 0.282699 -0.000000
v -0.445757 0.288114 -0.000000
v -0.451171 0.293738 -0.000000
v -0.456363 0.299568 -0.000000
v -0.461322 0.305600 -0.000000
v -0.466032 0.311832 -0.000000
v -0.470480 0.318261 -0.000000
v -0.474654 0.324885 -0.000000
v -0.477200 0.329333 -0.000000
v -0.479469 0.333842 -0.000000
v -0.481471 0.338410 -0.000000
v -0.483217 0.343034 -0.000000
v -0.484717 0.347711 -0.000000
v -0.485983 0.352439 -0.000000
v -0.487025 0.357214 -0.000000
v -0.487853 0.362036 -0.000000
v -0.488479 0.366899 -0.000000
v -0.488913 0.371803 -0.000000
v -0.489166 0.376745 -0.000000
v -0.489247 0.381720 -0.000000
v -0.486981 0.409413 -0.000000
v -0.480461 0.434865 -0.000000
v -0.470106 0.458045 -0.000000
v -0.456335 0.478921 -0.000000
v -0.439566 0.497461 -0.000000
v -0.420219 0.513633 -0.000000
v -0.398711 0.527404 -0.000000
v -0.375462 0.538744 -0.000000
v -0.350890 0.547619 -0.000000
v -0.325415 0.553998 -0.000000
v -0.299453 0.557849 -0.000000
v -0.273425 0.559140 -0.000000
v -0.261131 0.559108 -0.000000
v -0.246821 0.558948 -0.000000
v -0.230943 0.558564 -0.000000
v -0.213944 0.557860 -0.000000
v -0.196274 0.556740 -0.000000
v -0.178379 0.555107 -0.000000
v -0.160709 0.552867 -0.000000
v -0.143711 0.549923 -0.000000
v -0.127832 0.546179 -0.000000
v -0.113522 0.541539 -0.000000
v -0.101228 0.535906 -0.000000
v -0.091398 0.529186 -0.000000
v -0.087347 0.525095 -0.000000
v -0.083636 0.520208 -0.000000
v -0.080249 0.514653 -0.000000
v -0.077175 0.508562 -0.000000
v -0.074399 0.502066 -0.000000
v -0.071909 0.495296 -0.000000
v -0.069690 0.488381 -0.000000
v -0.067731 0.481453 -0.000000
v -0.066016 0.474642 -0.000000
v -0.064534 0.468080 -0.000000
v -0.063270 0.461896 -0.000000
v -0.062212 0.456221 -0.000000
v -0.060226 0.443134 -0.000000
v -0.058482 0.429990 -0.000000
v -0.056968 0.416799 -0.000000
v -0.055669 0.403567 -0.000000
v -0.054574 0.390304 -0.000000
v -0.053667 0.377016 -0.000000
v -0.052937 0.363713 -0.000000
v -0.052370 0.350401 -0.000000
v -0.051951 0.337090 -0.000000
v -0.051669 0.323786 -0.000000
v -0.051510 0.310499 -0.000000
v -0.051459 0.297235 -0.000000
v -0.051400 0.281586 -0.000000
v -0.051370 0.260756 -0.000000
v -0.051591 0.235899 -0.000000
v -0.052284 0.208170 -0.000000
v -0.053671 0.178723 -0.000000
v -0.055972 0.148714 -0.000000
v -0.059409 0.119296 -0.000000
v -0.064203 0.091625 -0.000000
v -0.070577 0.066856 -0.000000
v -0.078750 0.046143 -0.000000
v -0.088945 0.030641 -0.000000
v -0.101382 0.021505 -0.000000
v -0.106037 0.019726 -0.000000
v -0.110777 0.018213 -0.000000
v -0.115591 0.016945 -0.000000
v -0.120470 0.015901 -0.000000
v -0.125402 0.015061 -0.000000
v -0.130376 0.014401 -0.000000
v -0.135383 0.013901 -0.000000
v -0.140411 0.013540 -0.000000
v -0.145449 0.013297 -0.000000
v -0.150488 0.013149 -0.000000
v -0.155516 0.013076 -0.000000
v -0.160522 0.013057 -0.000000
v -0.170449 0.013636 -0.000000
v -0.178813 0.015325 -0.000000
v -0.185748 0.018049 -0.000000
v -0.191386 0.021733 -0.000000
v -0.195862 0.026302 -0.000000
v -0.199309 0.031682 -0.000000
v -0.201859 0.037798 -0.000000
v -0.203647 0.044575 -0.000000
v -0.204805 0.051939 -0.000000
v -0.205467 0.059815 -0.000000
v -0.205767 0.068129 -0.000000
v -0.204301 0.408602 -0.000000
v -0.204436 0.413714 -0.000000
v -0.204866 0.418647 -0.000000
v -0.205633 0.423351 -0.000000
v -0.206776 0.427775 -0.000000
v -0.208335 0.431868 -0.000000
v -0.210349 0.435580 -0.000000
v -0.212860 0.438860 -0.000000
v -0.215907 0.441657 -0.000000
v -0.219530 0.443920 -0.000000
v -0.223769 0.445600 -0.000000
v -0.228664 0.446645 -0.000000
v -0.234255 0.447005 -0.000000
v -0.256528 0.447005 -0.000000
v -0.265799 0.446482 -0.000000
v -0.275075 0.444939 -0.000000
v -0.284202 0.442408 -0.000000
v -0.293025 0.438926 -0.000000
v -0.301389 0.434526 -0.000000
v -0.309140 0.429244 -0.000000
v -0.316122 0.423113 -0.000000
v -0.322182 0.416169 -0.000000
v -0.327165 0.408446 -0.000000
v -0.330915 0.399979 -0.000000
v -0.333279 0.390803 -0.000000
v -0.334101 0.380952 -0.000000
v -0.333026 0.364950 -0.000000
v -0.329916 0.351375 -0.000000
v -0.324945 0.340030 -0.000000
v -0.318285 0.330716 -0.000000
v -0.310111 0.323238 -0.000000
v -0.300595 0.317396 -0.000000
v -0.289911 0.312995 -0.000000
v -0.278233 0.309837 -0.000000
v -0.265733 0.307724 -0.000000
v -0.252585 0.306459 -0.000000
v -0.238962 0.305844 -0.000000
v -0.225038 0.305684 -0.000000
v -0.220597 0.306130 -0.000000
v -0.216835 0.307401 -0.000000
v -0.213698 0.309392 -0.000000
v -0.211128 0.311999 -0.000000
v -0.209071 0.315118 -0.000000
v -0.207469 0.318644 -0.000000
v -0.206268 0.322475 -0.000000
v -0.205410 0.326506 -0.000000
v -0.204841 0.330633 -0.000000
v -0.204504 0.334752 -0.000000
v -0.204342 0.338759 -0.000000
v -0.204301 0.342550 -0.000000
vn -0.0000 -0.0000 -1.0000
vt 0.678322 0.000000
vt 0.664336 0.000000
vt 0.671329 0.000000
vt 0.657343 0.000000
vt 0.685315 0.000000
vt 0.650350 0.000000
vt 0.692308 0.000000
vt 0.643357 0.000000
vt 0.342657 0.000000
vt 0.328671 0.000000
vt 0.335664 0.000000
vt 0.321678 0.000000
vt 0.349650 0.000000
vt 0.636364 0.000000
vt 0.356643 0.000000
vt 0.314685 0.000000
vt 0.699301 0.000000
vt 0.363636 0.000000
vt 0.307692 0.000000
vt 0.629371 0.000000
vt 0.370629 0.000000
vt 0.706294 0.000000
vt 0.622378 0.000000
vt 0.300699 0.000000
vt 0.377622 0.000000
vt 0.615385 0.000000
vt 0.293706 0.000000
vt 0.713287 0.000000
vt 0.384615 0.000000
vt 0.608392 0.000000
vt 0.391608 0.000000
vt 0.286713 0.000000
vt 0.720280 0.000000
vt 0.601399 0.000000
vt 0.398601 0.000000
vt 0.594406 0.000000
vt 0.279720 0.000000
vt 0.727273 0.000000
vt 0.587413 0.000000
vt 0.405594 0.000000
vt 0.272727 0.000000
vt 0.734266 0.000000
vt 0.580420 0.000000
vt 0.412587 0.000000
vt 0.741259 0.000000
vt 0.265734 0.000000
vt 0.419580 0.000000
vt 0.573427 0.000000
vt 0.748252 0.000000
vt 0.258741 0.000000
vt 0.426573 0.000000
vt 0.755245 0.000000
vt 0.251748 0.000000
vt 0.433566 0.000000
vt 0.566434 0.000000
vt 0.762238 0.000000
vt 0.244755 0.000000
vt 0.440559 0.000000
vt 0.559441 0.000000
vt 0.447552 0.000000
vt 0.237762 0.000000
vt 0.769231 0.000000
vt 0.552448 0.000000
vt 0.454545 0.000000
vt 0.230769 0.000000
vt 0.776224 0.000000
vt 0.545455 0.000000
vt 0.461538 0.000000
vt 0.538462 0.000000
vt 0.223776 0.000000
vt 0.468531 0.000000
vt 0.783217 0.000000
vt 0.531469 0.000000
vt 0.475524 0.000000
vt 0.216783 0.000000
vt 0.790210 0.000000
vt 0.524476 0.000000
vt 0.482517 0.000000
vt 0.517483 0.000000
vt 0.489510 0.000000
vt 0.209790 0.000000
vt 0.510490 0.000000
vt 0.496504 0.000000
vt 0.797203 0.000000
vt 0.503497 0.000000
vt 0.202797 0.000000
vt 0.804196 0.000000
vt 0.195804 0.000000
vt 0.811189 0.000000
vt 0.188811 0.000000
vt 0.818182 0.000000
vt 0.181818 0.000000
vt 0.825175 0.000000
vt 0.174825 0.000000
vt 0.832168 0.000000
vt 0.167832 0.000000
vt 0.839161 0.000000
vt 0.160839 0.000000
vt 0.153846 0.000000
vt 0.146853 0.000000
vt 0.139860 0.000000
vt 0.132867 0.000000
vt 0.125874 0.000000
vt 0.118881 0.000000
vt 0.111888 0.000000
vt 0.104895 0.000000
vt 0.846154 0.000000
vt 0.097902 0.000000
vt 0.853147 0.000000
vt 0.090909 0.000000
vt 0.860140 0.000000
vt 0.083916 0.000000
vt 0.076923 0.000000
vt 0.867133 0.000000
vt 0.874126 0.000000
vt 0.881119 0.000000
vt 0.888112 0.000000
vt 0.895105 0.000000
vt 0.069930 0.000000
vt 0.902098 0.000000
vt 0.909091 0.000000
vt 0.916084 0.000000
vt 0.923077 0.000000
vt 0.062937 0.000000
vt 0.930070 0.000000
vt 0.937063 0.000000
vt 0.055944 0.000000
vt 0.944056 0.000000
vt 0.048951 0.000000
vt 0.951049 0.000000
vt 0.958042 0.000000
vt 0.041958 0.000000
vt 0.965035 0.000000
vt 0.034965 0.000000
vt 0.972028 0.000000
vt 0.027972 0.000000
vt 0.979021 0.000000
vt 0.020979 0.000000
vt 0.986014 0.000000
vt 0.013986 0.000000
vt 0.993007 0.000000
vt 0.006993 0.000000
vt 1.000000 0.000000
vt 0.000000 0.000000
vt 0.502075 0.000000
vt 0.493776 0.000000
vt 0.497925 0.000000
vt 0.506224 0.000000
vt 0.510373 0.000000
vt 0.514523 0.000000
vt 0.518672 0.000000
vt 0.489627 0.000000
vt 0.522822 0.000000
vt 0.526971 0.000000
vt 0.485477 0.000000
vt 0.531120 0.000000
vt 0.535270 0.000000
vt 0.481328 0.000000
vt 0.539419 0.000000
vt 0.543568 0.000000
vt 0.477178 0.000000
vt 0.547718 0.000000
vt 0.551867 0.000000
vt 0.473029 0.000000
vt 0.556017 0.000000
vt 0.560166 0.000000
vt 0.564315 0.000000
vt 0.468880 0.000000
vt 0.568465 0.000000
vt 0.572614 0.000000
vt 0.464730 0.000000
vt 0.576764 0.000000
vt 0.580913 0.000000
vt 0.585062 0.000000
vt 0.460581 0.000000
vt 0.589212 0.000000
vt 0.593361 0.000000
vt 0.597510 0.000000
vt 0.850622 0.000000
vt 0.456432 0.000000
vt 0.601660 0.000000
vt 0.846473 0.000000
vt 0.842324 0.000000
vt 0.854772 0.000000
vt 0.838174 0.000000
vt 0.858921 0.000000
vt 0.834025 0.000000
vt 0.863071 0.000000
vt 0.829876 0.000000
vt 0.605809 0.000000
vt 0.867220 0.000000
vt 0.825726 0.000000
vt 0.871369 0.000000
vt 0.821577 0.000000
vt 0.817427 0.000000
vt 0.452282 0.000000
vt 0.875519 0.000000
vt 0.813278 0.000000
vt 0.609959 0.000000
vt 0.879668 0.000000
vt 0.809129 0.000000
vt 0.804979 0.000000
vt 0.883817 0.000000
vt 0.800830 0.000000
vt 0.614108 0.000000
vt 0.887967 0.000000
vt 0.796681 0.000000
vt 0.448133 0.000000
vt 0.892116 0.000000
vt 0.618257 0.000000
vt 0.896266 0.000000
vt 0.900415 0.000000
vt 0.622407 0.000000
vt 0.443983 0.000000
vt 0.904564 0.000000
vt 0.626556 0.000000
vt 0.439834 0.000000
vt 0.435685 0.000000
vt 0.431535 0.000000
vt 0.908714 0.000000
vt 0.630705 0.000000
vt 0.427386 0.000000
vt 0.423237 0.000000
vt 0.419087 0.000000
vt 0.912863 0.000000
vt 0.634855 0.000000
vt 0.414938 0.000000
vt 0.410788 0.000000
vt 0.995851 0.000000
vt 0.917012 0.000000
vt 0.991701 0.000000
vt 0.406639 0.000000
vt 0.639004 0.000000
vt 0.987552 0.000000
vt 0.402490 0.000000
vt 0.921162 0.000000
vt 0.983402 0.000000
vt 0.398340 0.000000
vt 0.979253 0.000000
vt 0.394191 0.000000
vt 0.643154 0.000000
vt 0.925311 0.000000
vt 0.975104 0.000000
vt 0.970954 0.000000
vt 0.390042 0.000000
vt 0.929461 0.000000
vt 0.966805 0.000000
vt 0.933610 0.000000
vt 0.962656 0.000000
vt 0.385892 0.000000
vt 0.647303 0.000000
vt 0.937759 0.000000
vt 0.958506 0.000000
vt 0.941909 0.000000
vt 0.954357 0.000000
vt 0.946058 0.000000
vt 0.950207 0.000000
vt 0.381743 0.000000
vt 0.377593 0.000000
vt 0.651452 0.000000
vt 0.373444 0.000000
vt 0.369295 0.000000
vt 0.365145 0.000000
vt 0.655602 0.000000
vt 0.360996 0.000000
vt 0.356846 0.000000
vt 0.352697 0.000000
vt 0.348548 0.000000
vt 0.659751 0.000000
vt 0.344398 0.000000
vt 0.340249 0.000000
vt 0.336100 0.000000
vt 0.331950 0.000000
vt 0.327801 0.000000
vt 0.323651 0.000000
vt 0.319502 0.000000
vt 0.315353 0.000000
vt 0.311203 0.000000
vt 0.307054 0.000000
vt 0.302905 0.000000
vt 0.298755 0.000000
vt 0.294606 0.000000
vt 0.290456 0.000000
vt 0.286307 0.000000
vt 0.282158 0.000000
vt 0.278008 0.000000
vt 0.663900 0.000000
vt 0.273859 0.000000
vt 0.269710 0.000000
vt 0.265560 0.000000
vt 0.261411 0.000000
vt 0.257261 0.000000
vt 0.253112 0.000000
vt 0.248963 0.000000
vt 0.244813 0.000000
vt 0.668050 0.000000
vt 0.099585 0.000000
vt 0.240664 0.000000
vt 0.095436 0.000000
vt 0.103734 0.000000
vt 0.091286 0.000000
vt 0.236515 0.000000
vt 0.107884 0.000000
vt 0.087137 0.000000
vt 0.082988 0.000000
vt 0.112033 0.000000
vt 0.078838 0.000000
vt 0.232365 0.000000
vt 0.672199 0.000000
vt 0.074689 0.000000
vt 0.070539 0.000000
vt 0.116183 0.000000
vt 0.228216 0.000000
vt 0.066390 0.000000
vt 0.062241 0.000000
vt 0.224066 0.000000
vt 0.120332 0.000000
vt 0.058091 0.000000
vt 0.676349 0.000000
vt 0.053942 0.000000
vt 0.049793 0.000000
vt 0.045643 0.000000
vt 0.219917 0.000000
vt 0.041494 0.000000
vt 0.124481 0.000000
vt 0.037344 0.000000
vt 0.033195 0.000000
vt 0.680498 0.000000
vt 0.029046 0.000000
vt 0.215768 0.000000
vt 0.024896 0.000000
vt 0.128631 0.000000
vt 0.020747 0.000000
vt 0.016598 0.000000
vt 0.211618 0.000000
vt 0.012448 0.000000
vt 0.684647 0.000000
vt 0.008299 0.000000
vt 0.004149 0.000000
vt 0.132780 0.000000
vt 0.207469 0.000000
vt 0.792531 0.000000
vt 0.788382 0.000000
vt 0.688797 0.000000
vt 0.203320 0.000000
vt 0.136929 0.000000
vt 0.784232 0.000000
vt 0.199170 0.000000
vt 0.780083 0.000000
vt 0.692946 0.000000
vt 0.775934 0.000000
vt 0.195021 0.000000
vt 0.141079 0.000000
vt 0.771784 0.000000
vt 0.190871 0.000000
vt 0.767635 0.000000
vt 0.186722 0.000000
vt 0.697095 0.000000
vt 0.182573 0.000000
vt 0.763485 0.000000
vt 0.145228 0.000000
vt 0.178423 0.000000
vt 0.759336 0.000000
vt 0.701245 0.000000
vt 0.174274 0.000000
vt 0.705394 0.000000
vt 0.709544 0.000000
vt 0.755187 0.000000
vt 0.170124 0.000000
vt 0.713693 0.000000
vt 0.149378 0.000000
vt 0.717842 0.000000
vt 0.165975 0.000000
vt 0.751037 0.000000
vt 0.721992 0.000000
vt 0.726141 0.000000
vt 0.161826 0.000000
vt 0.730290 0.000000
vt 0.746888 0.000000
vt 0.734440 0.000000
vt 0.157676 0.000000
vt 0.738589 0.000000
vt 0.742739 0.000000
vt 0.153527 0.000000
vt 0.122905 0.000000
vt 0.111732 0.000000
vt 0.117318 0.000000
vt 0.128492 0.000000
vt 0.106145 0.000000
vt 0.134078 0.000000
vt 0.139665 0.000000
vt 0.145251 0.000000
vt 0.150838 0.000000
vt 0.100559 0.000000
vt 0.156425 0.000000
vt 0.162011 0.000000
vt 0.094972 0.000000
vt 0.167598 0.000000
vt 0.173184 0.000000
vt 0.089385 0.000000
vt 0.178771 0.000000
vt 0.184358 0.000000
vt 0.083799 0.000000
vt 0.189944 0.000000
vt 0.078212 0.000000
vt 0.195531 0.000000
vt 0.201117 0.000000
vt 0.072626 0.000000
vt 0.206704 0.000000
vt 0.212290 0.000000
vt 0.067039 0.000000
vt 0.217877 0.000000
vt 0.223464 0.000000
vt 0.061453 0.000000
vt 0.229050 0.000000
vt 0.055866 0.000000
vt 0.050279 0.000000
vt 0.234637 0.000000
vt 0.044693 0.000000
vt 0.240223 0.000000
vt 0.039106 0.000000
vt 0.033520 0.000000
vt 0.245810 0.000000
vt 0.027933 0.000000
vt 0.251397 0.000000
vt 0.022346 0.000000
vt 0.256983 0.000000
vt 0.016760 0.000000
vt 0.262570 0.000000
vt 0.011173 0.000000
vt 0.005587 0.000000
vt 0.268156 0.000000
vt 0.273743 0.000000
vt 0.994413 0.000000
vt 0.988827 0.000000
vt 0.279330 0.000000
vt 0.983240 0.000000
vt 0.977654 0.000000
vt 0.972067 0.000000
vt 0.284916 0.000000
vt 0.966480 0.000000
vt 0.960894 0.000000
vt 0.290503 0.000000
vt 0.871508 0.000000
vt 0.955307 0.000000
vt 0.865922 0.000000
vt 0.877095 0.000000
vt 0.882682 0.000000
vt 0.888268 0.000000
vt 0.949721 0.000000
vt 0.893855 0.000000
vt 0.899441 0.000000
vt 0.905028 0.000000
vt 0.910615 0.000000
vt 0.860335 0.000000
vt 0.916201 0.000000
vt 0.944134 0.000000
vt 0.921788 0.000000
vt 0.927374 0.000000
vt 0.938547 0.000000
vt 0.932961 0.000000
vt 0.296089 0.000000
vt 0.301676 0.000000
vt 0.307263 0.000000
vt 0.312849 0.000000
vt 0.854749 0.000000
vt 0.318436 0.000000
vt 0.849162 0.000000
vt 0.324022 0.000000
vt 0.843575 0.000000
vt 0.329609 0.000000
vt 0.837989 0.000000
vt 0.832402 0.000000
vt 0.335196 0.000000
vt 0.826816 0.000000
vt 0.340782 0.000000
vt 0.821229 0.000000
vt 0.346369 0.000000
vt 0.351955 0.000000
vt 0.815642 0.000000
vt 0.357542 0.000000
vt 0.363128 0.000000
vt 0.810056 0.000000
vt 0.368715 0.000000
vt 0.374302 0.000000
vt 0.804469 0.000000
vt 0.379888 0.000000
vt 0.385475 0.000000
vt 0.391061 0.000000
vt 0.798883 0.000000
vt 0.396648 0.000000
vt 0.402235 0.000000
vt 0.793296 0.000000
vt 0.407821 0.000000
vt 0.787709 0.000000
vt 0.413408 0.000000
vt 0.782123 0.000000
vt 0.776536 0.000000
vt 0.418994 0.000000
vt 0.770950 0.000000
vt 0.424581 0.000000
vt 0.765363 0.000000
vt 0.430168 0.000000
vt 0.759777 0.000000
vt 0.435754 0.000000
vt 0.754190 0.000000
vt 0.748603 0.000000
vt 0.441341 0.000000
vt 0.743017 0.000000
vt 0.446927 0.000000
vt 0.737430 0.000000
vt 0.452514 0.000000
vt 0.731844 0.000000
vt 0.458101 0.000000
vt 0.726257 0.000000
vt 0.463687 0.000000
vt 0.469274 0.000000
vt 0.720670 0.000000
vt 0.474860 0.000000
vt 0.480447 0.000000
vt 0.715084 0.000000
vt 0.486034 0.000000
vt 0.709497 0.000000
vt 0.491620 0.000000
vt 0.703911 0.000000
vt 0.497207 0.000000
vt 0.698324 0.000000
vt 0.502793 0.000000
vt 0.508380 0.000000
vt 0.692737 0.000000
vt 0.513967 0.000000
vt 0.687151 0.000000
vt 0.519553 0.000000
vt 0.681564 0.000000
vt 0.525140 0.000000
vt 0.675978 0.000000
vt 0.530726 0.000000
vt 0.670391 0.000000
vt 0.536313 0.000000
vt 0.664804 0.000000
vt 0.659218 0.000000
vt 0.541899 0.000000
vt 0.653631 0.000000
vt 0.547486 0.000000
vt 0.648045 0.000000
vt 0.553073 0.000000
vt 0.642458 0.000000
vt 0.558659 0.000000
vt 0.636872 0.000000
vt 0.564246 0.000000
vt 0.631285 0.000000
vt 0.569832 0.000000
vt 0.625698 0.000000
vt 0.575419 0.000000
vt 0.620112 0.000000
vt 0.581006 0.000000
vt 0.586592 0.000000
vt 0.614525 0.000000
vt 0.603352 0.000000
vt 0.608939 0.000000
vt 0.592179 0.000000
vt 0.597765 0.000000
vt 0.614545 0.000000
vt 0.607273 0.000000
vt 0.610909 0.000000
vt 0.618182 0.000000
vt 0.603636 0.000000
vt 0.600000 0.000000
vt 0.621818 0.000000
vt 0.596364 0.000000
vt 0.592727 0.000000
vt 0.625455 0.000000
vt 0.589091 0.000000
vt 0.585455 0.000000
vt 0.629091 0.000000
vt 0.581818 0.000000
vt 0.578182 0.000000
vt 0.632727 0.000000
vt 0.574545 0.000000
vt 0.570909 0.000000
vt 0.567273 0.000000
vt 0.563636 0.000000
vt 0.560000 0.000000
vt 0.640000 0.000000
vt 0.556364 0.000000
vt 0.552727 0.000000
vt 0.549091 0.000000
vt 0.643636 0.000000
vt 0.541818 0.000000
vt 0.538182 0.000000
vt 0.534545 0.000000
vt 0.530909 0.000000
vt 0.527273 0.000000
vt 0.647273 0.000000
vt 0.523636 0.000000
vt 0.520000 0.000000
vt 0.516364 0.000000
vt 0.512727 0.000000
vt 0.509091 0.000000
vt 0.650909 0.000000
vt 0.421818 0.000000
vt 0.425455 0.000000
vt 0.429091 0.000000
vt 0.432727 0.000000
vt 0.505455 0.000000
vt 0.436364 0.000000
vt 0.501818 0.000000
vt 0.440000 0.000000
vt 0.443636 0.000000
vt 0.498182 0.000000
vt 0.447273 0.000000
vt 0.450909 0.000000
vt 0.458182 0.000000
vt 0.418182 0.000000
vt 0.494545 0.000000
vt 0.461818 0.000000
vt 0.465455 0.000000
vt 0.490909 0.000000
vt 0.469091 0.000000
vt 0.472727 0.000000
vt 0.414545 0.000000
vt 0.487273 0.000000
vt 0.476364 0.000000
vt 0.483636 0.000000
vt 0.480000 0.000000
vt 0.410909 0.000000
vt 0.407273 0.000000
vt 0.403636 0.000000
vt 0.400000 0.000000
vt 0.396364 0.000000
vt 0.654545 0.000000
vt 0.392727 0.000000
vt 0.389091 0.000000
vt 0.385455 0.000000
vt 0.381818 0.000000
vt 0.378182 0.000000
vt 0.658182 0.000000
vt 0.374545 0.000000
vt 0.370909 0.000000
vt 0.661818 0.000000
vt 0.367273 0.000000
vt 0.309091 0.000000
vt 0.301818 0.000000
vt 0.305455 0.000000
vt 0.312727 0.000000
vt 0.298182 0.000000
vt 0.316364 0.000000
vt 0.294545 0.000000
vt 0.360000 0.000000
vt 0.320000 0.000000
vt 0.323636 0.000000
vt 0.290909 0.000000
vt 0.327273 0.000000
vt 0.330909 0.000000
vt 0.356364 0.000000
vt 0.287273 0.000000
vt 0.334545 0.000000
vt 0.665455 0.000000
vt 0.338182 0.000000
vt 0.341818 0.000000
vt 0.352727 0.000000
vt 0.345455 0.000000
vt 0.349091 0.000000
vt 0.283636 0.000000
vt 0.280000 0.000000
vt 0.276364 0.000000
vt 0.669091 0.000000
vt 0.269091 0.000000
vt 0.265455 0.000000
vt 0.261818 0.000000
vt 0.672727 0.000000
vt 0.258182 0.000000
vt 0.254545 0.000000
vt 0.676364 0.000000
vt 0.250909 0.000000
vt 0.247273 0.000000
vt 0.680000 0.000000
vt 0.243636 0.000000
vt 0.240000 0.000000
vt 0.683636 0.000000
vt 0.236364 0.000000
vt 0.232727 0.000000
vt 0.687273 0.000000
vt 0.229091 0.000000
vt 0.225455 0.000000
vt 0.690909 0.000000
vt 0.221818 0.000000
vt 0.218182 0.000000
vt 0.694545 0.000000
vt 0.214545 0.000000
vt 0.210909 0.000000
vt 0.207273 0.000000
vt 0.698182 0.000000
vt 0.203636 0.000000
vt 0.200000 0.000000
vt 0.196364 0.000000
vt 0.701818 0.000000
vt 0.192727 0.000000
vt 0.189091 0.000000
vt 0.185455 0.000000
vt 0.705455 0.000000
vt 0.178182 0.000000
vt 0.174545 0.000000
vt 0.170909 0.000000
vt 0.709091 0.000000
vt 0.167273 0.000000
vt 0.163636 0.000000
vt 0.712727 0.000000
vt 0.160000 0.000000
vt 0.116364 0.000000
vt 0.156364 0.000000
vt 0.120000 0.000000
vt 0.152727 0.000000
vt 0.149091 0.000000
vt 0.123636 0.000000
vt 0.112727 0.000000
vt 0.127273 0.000000
vt 0.130909 0.000000
vt 0.134545 0.000000
vt 0.109091 0.000000
vt 0.138182 0.000000
vt 0.145455 0.000000
vt 0.141818 0.000000
vt 0.105455 0.000000
vt 0.101818 0.000000
vt 0.098182 0.000000
vt 0.094545 0.000000
vt 0.716364 0.000000
vt 0.087273 0.000000
vt 0.083636 0.000000
vt 0.080000 0.000000
vt 0.076364 0.000000
vt 0.720000 0.000000
vt 0.072727 0.000000
vt 0.069091 0.000000
vt 0.065455 0.000000
vt 0.061818 0.000000
vt 0.058182 0.000000
vt 0.054545 0.000000
vt 0.723636 0.000000
vt 0.050909 0.000000
vt 0.047273 0.000000
vt 0.043636 0.000000
vt 0.040000 0.000000
vt 0.036364 0.000000
vt 0.032727 0.000000
vt 0.029091 0.000000
vt 0.025455 0.000000
vt 0.730909 0.000000
vt 0.021818 0.000000
vt 0.018182 0.000000
vt 0.014545 0.000000
vt 0.010909 0.000000
vt 0.734545 0.000000
vt 0.007273 0.000000
vt 0.003636 0.000000
vt 0.738182 0.000000
vt 0.996364 0.000000
vt 0.741818 0.000000
vt 0.992727 0.000000
vt 0.745455 0.000000
vt 0.989091 0.000000
vt 0.985455 0.000000
vt 0.981818 0.000000
vt 0.978182 0.000000
vt 0.749091 0.000000
vt 0.974545 0.000000
vt 0.970909 0.000000
vt 0.967273 0.000000
vt 0.920000 0.000000
vt 0.912727 0.000000
vt 0.916364 0.000000
vt 0.923636 0.000000
vt 0.927273 0.000000
vt 0.930909 0.000000
vt 0.934545 0.000000
vt 0.938182 0.000000
vt 0.905455 0.000000
vt 0.941818 0.000000
vt 0.963636 0.000000
vt 0.945455 0.000000
vt 0.949091 0.000000
vt 0.952727 0.000000
vt 0.960000 0.000000
vt 0.956364 0.000000
vt 0.901818 0.000000
vt 0.898182 0.000000
vt 0.894545 0.000000
vt 0.752727 0.000000
vt 0.890909 0.000000
vt 0.887273 0.000000
vt 0.883636 0.000000
vt 0.756364 0.000000
vt 0.880000 0.000000
vt 0.876364 0.000000
vt 0.760000 0.000000
vt 0.872727 0.000000
vt 0.763636 0.000000
vt 0.869091 0.000000
vt 0.767273 0.000000
vt 0.865455 0.000000
vt 0.770909 0.000000
vt 0.861818 0.000000
vt 0.774545 0.000000
vt 0.778182 0.000000
vt 0.858182 0.000000
vt 0.781818 0.000000
vt 0.854545 0.000000
vt 0.785455 0.000000
vt 0.850909 0.000000
vt 0.789091 0.000000
vt 0.847273 0.000000
vt 0.792727 0.000000
vt 0.843636 0.000000
vt 0.796364 0.000000
vt 0.840000 0.000000
vt 0.800000 0.000000
vt 0.836364 0.000000
vt 0.803636 0.000000
vt 0.807273 0.000000
vt 0.832727 0.000000
vt 0.810909 0.000000
vt 0.829091 0.000000
vt 0.825455 0.000000
vt 0.821818 0.000000
vt 0.814545 0.000000
vt 0.924242 0.000000
vt 0.916667 0.000000
vt 0.931818 0.000000
vt 0.901515 0.000000
vt 0.939394 0.000000
vt 0.893939 0.000000
vt 0.946970 0.000000
vt 0.886364 0.000000
vt 0.954545 0.000000
vt 0.878788 0.000000
vt 0.962121 0.000000
vt 0.969697 0.000000
vt 0.871212 0.000000
vt 0.977273 0.000000
vt 0.863636 0.000000
vt 0.984848 0.000000
vt 0.856061 0.000000
vt 0.992424 0.000000
vt 0.848485 0.000000
vt 0.840909 0.000000
vt 0.371212 0.000000
vt 0.833333 0.000000
vt 0.378788 0.000000
vt 0.825758 0.000000
vt 0.386364 0.000000
vt 0.393939 0.000000
vt 0.401515 0.000000
vt 0.409091 0.000000
vt 0.810606 0.000000
vt 0.416667 0.000000
vt 0.803030 0.000000
vt 0.424242 0.000000
vt 0.795455 0.000000
vt 0.787879 0.000000
vt 0.431818 0.000000
vt 0.780303 0.000000
vt 0.772727 0.000000
vt 0.439394 0.000000
vt 0.765152 0.000000
vt 0.446970 0.000000
vt 0.757576 0.000000
vt 0.750000 0.000000
vt 0.742424 0.000000
vt 0.734848 0.000000
vt 0.462121 0.000000
vt 0.469697 0.000000
vt 0.719697 0.000000
vt 0.477273 0.000000
vt 0.712121 0.000000
vt 0.484848 0.000000
vt 0.704545 0.000000
vt 0.492424 0.000000
vt 0.696970 0.000000
vt 0.500000 0.000000
vt 0.689394 0.000000
vt 0.507576 0.000000
vt 0.681818 0.000000
vt 0.515152 0.000000
vt 0.674242 0.000000
vt 0.522727 0.000000
vt 0.530303 0.000000
vt 0.666667 0.000000
vt 0.537879 0.000000
vt 0.553030 0.000000
vt 0.560606 0.000000
vt 0.659091 0.000000
vt 0.568182 0.000000
vt 0.575758 0.000000
vt 0.583333 0.000000
vt 0.590909 0.000000
vt 0.598485 0.000000
vt 0.606061 0.000000
vt 0.651515 0.000000
vt 0.613636 0.000000
vt 0.621212 0.000000
vt 0.628788 0.000000
vt 0.643939 0.000000
vt 0.007576 0.000000
vt 0.356061 0.000000
vt 0.015152 0.000000
vt 0.348485 0.000000
vt 0.022727 0.000000
vt 0.340909 0.000000
vt 0.030303 0.000000
vt 0.333333 0.000000
vt 0.037879 0.000000
vt 0.325758 0.000000
vt 0.045455 0.000000
vt 0.318182 0.000000
vt 0.053030 0.000000
vt 0.310606 0.000000
vt 0.060606 0.000000
vt 0.303030 0.000000
vt 0.068182 0.000000
vt 0.295455 0.000000
vt 0.075758 0.000000
vt 0.287879 0.000000
vt 0.083333 0.000000
vt 0.280303 0.000000
vt 0.098485 0.000000
vt 0.265152 0.000000
vt 0.106061 0.000000
vt 0.257576 0.000000
vt 0.113636 0.000000
vt 0.250000 0.000000
vt 0.121212 0.000000
vt 0.242424 0.000000
vt 0.128788 0.000000
vt 0.234848 0.000000
vt 0.136364 0.000000
vt 0.227273 0.000000
vt 0.143939 0.000000
vt 0.219697 0.000000
vt 0.151515 0.000000
vt 0.212121 0.000000
vt 0.159091 0.000000
vt 0.204545 0.000000
vt 0.166667 0.000000
vt 0.196970 0.000000
vt 0.174242 0.000000
vt 0.189394 0.000000
s 0
usemtl マテリアル.001
f 98/1/1 96/2/1 97/3/1
f 98/1/1 95/4/1 96/2/1
f 99/5/1 95/4/1 98/1/1
f 99/5/1 94/6/1 95/4/1
f 100/7/1 94/6/1 99/5/1
f 100/7/1 93/8/1 94/6/1
f 50/9/1 48/10/1 49/11/1
f 50/9/1 47/12/1 48/10/1
f 51/13/1 47/12/1 50/9/1
f 100/7/1 92/14/1 93/8/1
f 52/15/1 47/12/1 51/13/1
f 52/15/1 46/16/1 47/12/1
f 101/17/1 92/14/1 100/7/1
f 53/18/1 46/16/1 52/15/1
f 53/18/1 45/19/1 46/16/1
f 101/17/1 91/20/1 92/14/1
f 54/21/1 45/19/1 53/18/1
f 102/22/1 91/20/1 101/17/1
f 102/22/1 90/23/1 91/20/1
f 54/21/1 44/24/1 45/19/1
f 55/25/1 44/24/1 54/21/1
f 102/22/1 89/26/1 90/23/1
f 55/25/1 43/27/1 44/24/1
f 103/28/1 89/26/1 102/22/1
f 56/29/1 43/27/1 55/25/1
f 103/28/1 88/30/1 89/26/1
f 57/31/1 43/27/1 56/29/1
f 57/31/1 42/32/1 43/27/1
f 104/33/1 88/30/1 103/28/1
f 104/33/1 87/34/1 88/30/1
f 58/35/1 42/32/1 57/31/1
f 104/33/1 86/36/1 87/34/1
f 58/35/1 41/37/1 42/32/1
f 105/38/1 86/36/1 104/33/1
f 105/38/1 85/39/1 86/36/1
f 59/40/1 41/37/1 58/35/1
f 59/40/1 40/41/1 41/37/1
f 106/42/1 85/39/1 105/38/1
f 106/42/1 84/43/1 85/39/1
f 60/44/1 40/41/1 59/40/1
f 107/45/1 84/43/1 106/42/1
f 60/44/1 39/46/1 40/41/1
f 61/47/1 39/46/1 60/44/1
f 107/45/1 83/48/1 84/43/1
f 108/49/1 83/48/1 107/45/1
f 61/47/1 38/50/1 39/46/1
f 62/51/1 38/50/1 61/47/1
f 109/52/1 83/48/1 108/49/1
f 62/51/1 37/53/1 38/50/1
f 63/54/1 37/53/1 62/51/1
f 109/52/1 82/55/1 83/48/1
f 110/56/1 82/55/1 109/52/1
f 63/54/1 36/57/1 37/53/1
f 64/58/1 36/57/1 63/54/1
f 110/56/1 81/59/1 82/55/1
f 65/60/1 36/57/1 64/58/1
f 65/60/1 35/61/1 36/57/1
f 111/62/1 81/59/1 110/56/1
f 111/62/1 80/63/1 81/59/1
f 66/64/1 35/61/1 65/60/1
f 66/64/1 34/65/1 35/61/1
f 112/66/1 80/63/1 111/62/1
f 112/66/1 79/67/1 80/63/1
f 67/68/1 34/65/1 66/64/1
f 112/66/1 78/69/1 79/67/1
f 67/68/1 33/70/1 34/65/1
f 68/71/1 33/70/1 67/68/1
f 113/72/1 78/69/1 112/66/1
f 113/72/1 77/73/1 78/69/1
f 69/74/1 33/70/1 68/71/1
f 69/74/1 32/75/1 33/70/1
f 114/76/1 77/73/1 113/72/1
f 114/76/1 76/77/1 77/73/1
f 70/78/1 32/75/1 69/74/1
f 114/76/1 75/79/1 76/77/1
f 71/80/1 32/75/1 70/78/1
f 71/80/1 31/81/1 32/75/1
f 114/76/1 74/82/1 75/79/1
f 72/83/1 31/81/1 71/80/1
f 115/84/1 74/82/1 114/76/1
f 115/84/1 73/85/1 74/82/1
f 73/85/1 31/81/1 72/83/1
f 115/84/1 31/81/1 73/85/1
f 115/84/1 30/86/1 31/81/1
f 116/87/1 30/86/1 115/84/1
f 116/87/1 29/88/1 30/86/1
f 117/89/1 29/88/1 116/87/1
f 117/89/1 28/90/1 29/88/1
f 118/91/1 28/90/1 117/89/1
f 118/91/1 27/92/1 28/90/1
f 119/93/1 27/92/1 118/91/1
f 119/93/1 26/94/1 27/92/1
f 120/95/1 26/94/1 119/93/1
f 120/95/1 25/96/1 26/94/1
f 121/97/1 25/96/1 120/95/1
f 121/97/1 24/98/1 25/96/1
f 121/97/1 23/99/1 24/98/1
f 121/97/1 22/100/1 23/99/1
f 121/97/1 21/101/1 22/100/1
f 121/97/1 20/102/1 21/101/1
f 121/97/1 19/103/1 20/102/1
f 121/97/1 18/104/1 19/103/1
f 121/97/1 17/105/1 18/104/1
f 121/97/1 16/106/1 17/105/1
f 122/107/1 16/106/1 121/97/1
f 122/107/1 15/108/1 16/106/1
f 123/109/1 15/108/1 122/107/1
f 123/109/1 14/110/1 15/108/1
f 124/111/1 14/110/1 123/109/1
f 124/111/1 13/112/1 14/110/1
f 124/111/1 12/113/1 13/112/1
f 125/114/1 12/113/1 124/111/1
f 126/115/1 12/113/1 125/114/1
f 127/116/1 12/113/1 126/115/1
f 128/117/1 12/113/1 127/116/1
f 129/118/1 12/113/1 128/117/1
f 129/118/1 11/119/1 12/113/1
f 130/120/1 11/119/1 129/118/1
f 131/121/1 11/119/1 130/120/1
f 132/122/1 11/119/1 131/121/1
f 133/123/1 11/119/1 132/122/1
f 133/123/1 10/124/1 11/119/1
f 134/125/1 10/124/1 133/123/1
f 135/126/1 10/124/1 134/125/1
f 135/126/1 9/127/1 10/124/1
f 136/128/1 9/127/1 135/126/1
f 136/128/1 8/129/1 9/127/1
f 137/130/1 8/129/1 136/128/1
f 138/131/1 8/129/1 137/130/1
f 138/131/1 7/132/1 8/129/1
f 139/133/1 7/132/1 138/131/1
f 139/133/1 6/134/1 7/132/1
f 140/135/1 6/134/1 139/133/1
f 140/135/1 5/136/1 6/134/1
f 141/137/1 5/136/1 140/135/1
f 141/137/1 4/138/1 5/136/1
f 142/139/1 4/138/1 141/137/1
f 142/139/1 3/140/1 4/138/1
f 143/141/1 3/140/1 142/139/1
f 143/141/1 2/142/1 3/140/1
f 144/143/1 2/142/1 143/141/1
f 1/144/1 2/142/1 144/143/1
f 266/145/1 264/146/1 265/147/1
f 267/148/1 264/146/1 266/145/1
f 268/149/1 264/146/1 267/148/1
f 269/150/1 264/146/1 268/149/1
f 270/151/1 264/146/1 269/150/1
f 270/151/1 263/152/1 264/146/1
f 271/153/1 263/152/1 270/151/1
f 272/154/1 263/152/1 271/153/1
f 272/154/1 262/155/1 263/152/1
f 273/156/1 262/155/1 272/154/1
f 274/157/1 262/155/1 273/156/1
f 274/157/1 261/158/1 262/155/1
f 275/159/1 261/158/1 274/157/1
f 276/160/1 261/158/1 275/159/1
f 276/160/1 260/161/1 261/158/1
f 277/162/1 260/161/1 276/160/1
f 278/163/1 260/161/1 277/162/1
f 278/163/1 259/164/1 260/161/1
f 279/165/1 259/164/1 278/163/1
f 280/166/1 259/164/1 279/165/1
f 281/167/1 259/164/1 280/166/1
f 281/167/1 258/168/1 259/164/1
f 282/169/1 258/168/1 281/167/1
f 283/170/1 258/168/1 282/169/1
f 283/170/1 257/171/1 258/168/1
f 284/172/1 257/171/1 283/170/1
f 285/173/1 257/171/1 284/172/1
f 286/174/1 257/171/1 285/173/1
f 286/174/1 256/175/1 257/171/1
f 287/176/1 256/175/1 286/174/1
f 288/177/1 256/175/1 287/176/1
f 289/178/1 256/175/1 288/177/1
f 289/178/1 350/179/1 256/175/1
f 350/179/1 255/180/1 256/175/1
f 290/181/1 349/182/1 289/178/1
f 349/182/1 350/179/1 289/178/1
f 290/181/1 348/183/1 349/182/1
f 351/184/1 255/180/1 350/179/1
f 290/181/1 347/185/1 348/183/1
f 352/186/1 255/180/1 351/184/1
f 290/181/1 346/187/1 347/185/1
f 353/188/1 255/180/1 352/186/1
f 290/181/1 345/189/1 346/187/1
f 291/190/1 345/189/1 290/181/1
f 354/191/1 255/180/1 353/188/1
f 291/190/1 344/192/1 345/189/1
f 355/193/1 255/180/1 354/191/1
f 291/190/1 343/194/1 344/192/1
f 291/190/1 342/195/1 343/194/1
f 355/193/1 254/196/1 255/180/1
f 356/197/1 254/196/1 355/193/1
f 291/190/1 341/198/1 342/195/1
f 292/199/1 341/198/1 291/190/1
f 357/200/1 254/196/1 356/197/1
f 292/199/1 340/201/1 341/198/1
f 292/199/1 339/202/1 340/201/1
f 358/203/1 254/196/1 357/200/1
f 292/199/1 338/204/1 339/202/1
f 293/205/1 338/204/1 292/199/1
f 359/206/1 254/196/1 358/203/1
f 293/205/1 337/207/1 338/204/1
f 359/206/1 253/208/1 254/196/1
f 293/205/1 386/143/1 337/207/1
f 360/209/1 253/208/1 359/206/1
f 294/210/1 386/143/1 293/205/1
f 361/211/1 253/208/1 360/209/1
f 362/212/1 253/208/1 361/211/1
f 295/213/1 386/143/1 294/210/1
f 362/212/1 252/214/1 253/208/1
f 363/215/1 252/214/1 362/212/1
f 296/216/1 386/143/1 295/213/1
f 363/215/1 251/217/1 252/214/1
f 363/215/1 250/218/1 251/217/1
f 363/215/1 249/219/1 250/218/1
f 364/220/1 249/219/1 363/215/1
f 297/221/1 386/143/1 296/216/1
f 364/220/1 248/222/1 249/219/1
f 364/220/1 247/223/1 248/222/1
f 364/220/1 246/224/1 247/223/1
f 365/225/1 246/224/1 364/220/1
f 298/226/1 386/143/1 297/221/1
f 365/225/1 245/227/1 246/224/1
f 365/225/1 244/228/1 245/227/1
f 298/226/1 385/229/1 386/143/1
f 366/230/1 244/228/1 365/225/1
f 298/226/1 384/231/1 385/229/1
f 366/230/1 243/232/1 244/228/1
f 299/233/1 384/231/1 298/226/1
f 299/233/1 383/234/1 384/231/1
f 366/230/1 242/235/1 243/232/1
f 367/236/1 242/235/1 366/230/1
f 299/233/1 382/237/1 383/234/1
f 367/236/1 241/238/1 242/235/1
f 299/233/1 381/239/1 382/237/1
f 367/236/1 240/240/1 241/238/1
f 300/241/1 381/239/1 299/233/1
f 368/242/1 240/240/1 367/236/1
f 300/241/1 380/243/1 381/239/1
f 300/241/1 379/244/1 380/243/1
f 368/242/1 239/245/1 240/240/1
f 369/246/1 239/245/1 368/242/1
f 300/241/1 378/247/1 379/244/1
f 370/248/1 239/245/1 369/246/1
f 300/241/1 377/249/1 378/247/1
f 370/248/1 238/250/1 239/245/1
f 301/251/1 377/249/1 300/241/1
f 371/252/1 238/250/1 370/248/1
f 301/251/1 376/253/1 377/249/1
f 372/254/1 238/250/1 371/252/1
f 301/251/1 375/255/1 376/253/1
f 373/256/1 238/250/1 372/254/1
f 301/251/1 374/257/1 375/255/1
f 374/257/1 238/250/1 373/256/1
f 301/251/1 238/250/1 374/257/1
f 301/251/1 237/258/1 238/250/1
f 301/251/1 236/259/1 237/258/1
f 302/260/1 236/259/1 301/251/1
f 302/260/1 235/261/1 236/259/1
f 302/260/1 234/262/1 235/261/1
f 302/260/1 233/263/1 234/262/1
f 303/264/1 233/263/1 302/260/1
f 303/264/1 232/265/1 233/263/1
f 303/264/1 231/266/1 232/265/1
f 303/264/1 230/267/1 231/266/1
f 303/264/1 229/268/1 230/267/1
f 304/269/1 229/268/1 303/264/1
f 304/269/1 228/270/1 229/268/1
f 304/269/1 227/271/1 228/270/1
f 304/269/1 226/272/1 227/271/1
f 304/269/1 225/273/1 226/272/1
f 304/269/1 224/274/1 225/273/1
f 304/269/1 223/275/1 224/274/1
f 304/269/1 222/276/1 223/275/1
f 304/269/1 221/277/1 222/276/1
f 304/269/1 220/278/1 221/277/1
f 304/269/1 219/279/1 220/278/1
f 304/269/1 218/280/1 219/279/1
f 304/269/1 217/281/1 218/280/1
f 304/269/1 216/282/1 217/281/1
f 304/269/1 215/283/1 216/282/1
f 304/269/1 214/284/1 215/283/1
f 304/269/1 213/285/1 214/284/1
f 304/269/1 212/286/1 213/285/1
f 305/287/1 212/286/1 304/269/1
f 305/287/1 211/288/1 212/286/1
f 305/287/1 210/289/1 211/288/1
f 305/287/1 209/290/1 210/289/1
f 305/287/1 208/291/1 209/290/1
f 305/287/1 207/292/1 208/291/1
f 305/287/1 206/293/1 207/292/1
f 305/287/1 205/294/1 206/293/1
f 305/287/1 204/295/1 205/294/1
f 306/296/1 169/297/1 305/287/1
f 169/297/1 204/295/1 305/287/1
f 169/297/1 203/298/1 204/295/1
f 306/296/1 168/299/1 169/297/1
f 170/300/1 203/298/1 169/297/1
f 306/296/1 167/301/1 168/299/1
f 170/300/1 202/302/1 203/298/1
f 171/303/1 202/302/1 170/300/1
f 306/296/1 166/304/1 167/301/1
f 306/296/1 165/305/1 166/304/1
f 172/306/1 202/302/1 171/303/1
f 306/296/1 164/307/1 165/305/1
f 172/306/1 201/308/1 202/302/1
f 307/309/1 164/307/1 306/296/1
f 307/309/1 163/310/1 164/307/1
f 307/309/1 162/311/1 163/310/1
f 173/312/1 201/308/1 172/306/1
f 173/312/1 200/313/1 201/308/1
f 307/309/1 161/314/1 162/311/1
f 307/309/1 160/315/1 161/314/1
f 173/312/1 199/316/1 200/313/1
f 174/317/1 199/316/1 173/312/1
f 307/309/1 159/318/1 160/315/1
f 308/319/1 159/318/1 307/309/1
f 308/319/1 158/320/1 159/318/1
f 308/319/1 157/321/1 158/320/1
f 308/319/1 156/322/1 157/321/1
f 174/317/1 198/323/1 199/316/1
f 308/319/1 155/324/1 156/322/1
f 175/325/1 198/323/1 174/317/1
f 308/319/1 154/326/1 155/324/1
f 308/319/1 153/327/1 154/326/1
f 309/328/1 153/327/1 308/319/1
f 309/328/1 152/329/1 153/327/1
f 175/325/1 197/330/1 198/323/1
f 309/328/1 151/331/1 152/329/1
f 176/332/1 197/330/1 175/325/1
f 309/328/1 150/333/1 151/331/1
f 309/328/1 149/334/1 150/333/1
f 176/332/1 196/335/1 197/330/1
f 309/328/1 148/336/1 149/334/1
f 310/337/1 148/336/1 309/328/1
f 310/337/1 147/338/1 148/336/1
f 310/337/1 146/339/1 147/338/1
f 177/340/1 196/335/1 176/332/1
f 310/337/1 145/144/1 146/339/1
f 177/340/1 195/341/1 196/335/1
f 310/337/1 336/342/1 145/144/1
f 310/337/1 335/343/1 336/342/1
f 311/344/1 335/343/1 310/337/1
f 177/340/1 194/345/1 195/341/1
f 178/346/1 194/345/1 177/340/1
f 311/344/1 334/347/1 335/343/1
f 178/346/1 193/348/1 194/345/1
f 311/344/1 333/349/1 334/347/1
f 312/350/1 333/349/1 311/344/1
f 312/350/1 332/351/1 333/349/1
f 178/346/1 192/352/1 193/348/1
f 179/353/1 192/352/1 178/346/1
f 312/350/1 331/354/1 332/351/1
f 179/353/1 191/355/1 192/352/1
f 312/350/1 330/356/1 331/354/1
f 179/353/1 190/357/1 191/355/1
f 313/358/1 330/356/1 312/350/1
f 179/353/1 189/359/1 190/357/1
f 313/358/1 329/360/1 330/356/1
f 180/361/1 189/359/1 179/353/1
f 180/361/1 188/362/1 189/359/1
f 313/358/1 328/363/1 329/360/1
f 314/364/1 328/363/1 313/358/1
f 180/361/1 187/365/1 188/362/1
f 315/366/1 328/363/1 314/364/1
f 316/367/1 328/363/1 315/366/1
f 316/367/1 327/368/1 328/363/1
f 180/361/1 186/369/1 187/365/1
f 317/370/1 327/368/1 316/367/1
f 181/371/1 186/369/1 180/361/1
f 318/372/1 327/368/1 317/370/1
f 181/371/1 185/373/1 186/369/1
f 318/372/1 326/374/1 327/368/1
f 319/375/1 326/374/1 318/372/1
f 320/376/1 326/374/1 319/375/1
f 181/371/1 184/377/1 185/373/1
f 321/378/1 326/374/1 320/376/1
f 321/378/1 325/379/1 326/374/1
f 322/380/1 325/379/1 321/378/1
f 181/371/1 183/381/1 184/377/1
f 323/382/1 325/379/1 322/380/1
f 324/383/1 325/379/1 323/382/1
f 181/371/1 182/384/1 183/381/1
f 409/385/1 407/386/1 408/387/1
f 410/388/1 407/386/1 409/385/1
f 410/388/1 406/389/1 407/386/1
f 411/390/1 406/389/1 410/388/1
f 412/391/1 406/389/1 411/390/1
f 413/392/1 406/389/1 412/391/1
f 414/393/1 406/389/1 413/392/1
f 414/393/1 405/394/1 406/389/1
f 415/395/1 405/394/1 414/393/1
f 416/396/1 405/394/1 415/395/1
f 416/396/1 404/397/1 405/394/1
f 417/398/1 404/397/1 416/396/1
f 418/399/1 404/397/1 417/398/1
f 418/399/1 403/400/1 404/397/1
f 419/401/1 403/400/1 418/399/1
f 420/402/1 403/400/1 419/401/1
f 420/402/1 402/403/1 403/400/1
f 421/404/1 402/403/1 420/402/1
f 421/404/1 401/405/1 402/403/1
f 422/406/1 401/405/1 421/404/1
f 423/407/1 401/405/1 422/406/1
f 423/407/1 400/408/1 401/405/1
f 424/409/1 400/408/1 423/407/1
f 425/410/1 400/408/1 424/409/1
f 425/410/1 399/411/1 400/408/1
f 426/412/1 399/411/1 425/410/1
f 427/413/1 399/411/1 426/412/1
f 427/413/1 398/414/1 399/411/1
f 428/415/1 398/414/1 427/413/1
f 428/415/1 397/416/1 398/414/1
f 428/415/1 396/417/1 397/416/1
f 429/418/1 396/417/1 428/415/1
f 429/418/1 395/419/1 396/417/1
f 430/420/1 395/419/1 429/418/1
f 430/420/1 394/421/1 395/419/1
f 430/420/1 393/422/1 394/421/1
f 431/423/1 393/422/1 430/420/1
f 431/423/1 392/424/1 393/422/1
f 432/425/1 392/424/1 431/423/1
f 432/425/1 391/426/1 392/424/1
f 433/427/1 391/426/1 432/425/1
f 433/427/1 390/428/1 391/426/1
f 434/429/1 390/428/1 433/427/1
f 434/429/1 389/430/1 390/428/1
f 434/429/1 388/431/1 389/430/1
f 435/432/1 388/431/1 434/429/1
f 435/432/1 387/144/1 388/431/1
f 436/433/1 387/144/1 435/432/1
f 436/433/1 566/143/1 387/144/1
f 436/433/1 565/434/1 566/143/1
f 436/433/1 564/435/1 565/434/1
f 437/436/1 564/435/1 436/433/1
f 437/436/1 563/437/1 564/435/1
f 437/436/1 562/438/1 563/437/1
f 437/436/1 561/439/1 562/438/1
f 438/440/1 561/439/1 437/436/1
f 438/440/1 560/441/1 561/439/1
f 438/440/1 559/442/1 560/441/1
f 439/443/1 559/442/1 438/440/1
f 439/443/1 543/444/1 559/442/1
f 543/444/1 558/445/1 559/442/1
f 439/443/1 542/446/1 543/444/1
f 544/447/1 558/445/1 543/444/1
f 545/448/1 558/445/1 544/447/1
f 546/449/1 558/445/1 545/448/1
f 546/449/1 557/450/1 558/445/1
f 547/451/1 557/450/1 546/449/1
f 548/452/1 557/450/1 547/451/1
f 549/453/1 557/450/1 548/452/1
f 550/454/1 557/450/1 549/453/1
f 439/443/1 541/455/1 542/446/1
f 551/456/1 557/450/1 550/454/1
f 551/456/1 556/457/1 557/450/1
f 552/458/1 556/457/1 551/456/1
f 553/459/1 556/457/1 552/458/1
f 553/459/1 555/460/1 556/457/1
f 554/461/1 555/460/1 553/459/1
f 440/462/1 441/463/1 439/443/1
f 441/463/1 541/455/1 439/443/1
f 442/464/1 541/455/1 441/463/1
f 443/465/1 541/455/1 442/464/1
f 443/465/1 540/466/1 541/455/1
f 444/467/1 540/466/1 443/465/1
f 444/467/1 539/468/1 540/466/1
f 445/469/1 539/468/1 444/467/1
f 445/469/1 538/470/1 539/468/1
f 446/471/1 538/470/1 445/469/1
f 446/471/1 537/472/1 538/470/1
f 446/471/1 536/473/1 537/472/1
f 447/474/1 536/473/1 446/471/1
f 447/474/1 535/475/1 536/473/1
f 448/476/1 535/475/1 447/474/1
f 448/476/1 534/477/1 535/475/1
f 449/478/1 534/477/1 448/476/1
f 450/479/1 534/477/1 449/478/1
f 450/479/1 533/480/1 534/477/1
f 451/481/1 533/480/1 450/479/1
f 452/482/1 533/480/1 451/481/1
f 452/482/1 532/483/1 533/480/1
f 453/484/1 532/483/1 452/482/1
f 454/485/1 532/483/1 453/484/1
f 454/485/1 531/486/1 532/483/1
f 455/487/1 531/486/1 454/485/1
f 456/488/1 531/486/1 455/487/1
f 457/489/1 531/486/1 456/488/1
f 457/489/1 530/490/1 531/486/1
f 458/491/1 530/490/1 457/489/1
f 459/492/1 530/490/1 458/491/1
f 459/492/1 529/493/1 530/490/1
f 460/494/1 529/493/1 459/492/1
f 460/494/1 528/495/1 529/493/1
f 461/496/1 528/495/1 460/494/1
f 461/496/1 527/497/1 528/495/1
f 461/496/1 526/498/1 527/497/1
f 462/499/1 526/498/1 461/496/1
f 462/499/1 525/500/1 526/498/1
f 463/501/1 525/500/1 462/499/1
f 463/501/1 524/502/1 525/500/1
f 464/503/1 524/502/1 463/501/1
f 464/503/1 523/504/1 524/502/1
f 465/505/1 523/504/1 464/503/1
f 465/505/1 522/506/1 523/504/1
f 465/505/1 521/507/1 522/506/1
f 466/508/1 521/507/1 465/505/1
f 466/508/1 520/509/1 521/507/1
f 467/510/1 520/509/1 466/508/1
f 467/510/1 519/511/1 520/509/1
f 468/512/1 519/511/1 467/510/1
f 468/512/1 518/513/1 519/511/1
f 469/514/1 518/513/1 468/512/1
f 469/514/1 517/515/1 518/513/1
f 470/516/1 517/515/1 469/514/1
f 471/517/1 517/515/1 470/516/1
f 471/517/1 516/518/1 517/515/1
f 472/519/1 516/518/1 471/517/1
f 473/520/1 516/518/1 472/519/1
f 473/520/1 515/521/1 516/518/1
f 474/522/1 515/521/1 473/520/1
f 474/522/1 514/523/1 515/521/1
f 475/524/1 514/523/1 474/522/1
f 475/524/1 513/525/1 514/523/1
f 476/526/1 513/525/1 475/524/1
f 476/526/1 512/527/1 513/525/1
f 477/528/1 512/527/1 476/526/1
f 478/529/1 512/527/1 477/528/1
f 478/529/1 511/530/1 512/527/1
f 479/531/1 511/530/1 478/529/1
f 479/531/1 510/532/1 511/530/1
f 480/533/1 510/532/1 479/531/1
f 480/533/1 509/534/1 510/532/1
f 481/535/1 509/534/1 480/533/1
f 481/535/1 508/536/1 509/534/1
f 482/537/1 508/536/1 481/535/1
f 482/537/1 507/538/1 508/536/1
f 483/539/1 507/538/1 482/537/1
f 483/539/1 506/540/1 507/538/1
f 483/539/1 505/541/1 506/540/1
f 484/542/1 505/541/1 483/539/1
f 484/542/1 504/543/1 505/541/1
f 485/544/1 504/543/1 484/542/1
f 485/544/1 503/545/1 504/543/1
f 486/546/1 503/545/1 485/544/1
f 486/546/1 502/547/1 503/545/1
f 487/548/1 502/547/1 486/546/1
f 487/548/1 501/549/1 502/547/1
f 488/550/1 501/549/1 487/548/1
f 488/550/1 500/551/1 501/549/1
f 489/552/1 500/551/1 488/550/1
f 489/552/1 499/553/1 500/551/1
f 490/554/1 499/553/1 489/552/1
f 490/554/1 498/555/1 499/553/1
f 491/556/1 498/555/1 490/554/1
f 492/557/1 498/555/1 491/556/1
f 492/557/1 497/558/1 498/555/1
f 492/557/1 495/559/1 497/558/1
f 495/559/1 496/560/1 497/558/1
f 493/561/1 495/559/1 492/557/1
f 493/561/1 494/562/1 495/559/1
f 736/563/1 734/564/1 735/565/1
f 737/566/1 734/564/1 736/563/1
f 737/566/1 733/567/1 734/564/1
f 737/566/1 732/568/1 733/567/1
f 738/569/1 732/568/1 737/566/1
f 738/569/1 731/570/1 732/568/1
f 738/569/1 730/571/1 731/570/1
f 739/572/1 730/571/1 738/569/1
f 739/572/1 729/573/1 730/571/1
f 739/572/1 728/574/1 729/573/1
f 740/575/1 728/574/1 739/572/1
f 740/575/1 727/576/1 728/574/1
f 740/575/1 726/577/1 727/576/1
f 741/578/1 726/577/1 740/575/1
f 741/578/1 725/579/1 726/577/1
f 741/578/1 724/580/1 725/579/1
f 742/14/1 724/580/1 741/578/1
f 742/14/1 723/581/1 724/580/1
f 742/14/1 722/582/1 723/581/1
f 742/14/1 721/583/1 722/582/1
f 743/584/1 721/583/1 742/14/1
f 743/584/1 720/585/1 721/583/1
f 743/584/1 719/586/1 720/585/1
f 743/584/1 718/587/1 719/586/1
f 743/584/1 717/67/1 718/587/1
f 744/588/1 717/67/1 743/584/1
f 744/588/1 716/589/1 717/67/1
f 744/588/1 715/590/1 716/589/1
f 744/588/1 714/591/1 715/590/1
f 744/588/1 713/592/1 714/591/1
f 744/588/1 712/593/1 713/592/1
f 745/594/1 712/593/1 744/588/1
f 745/594/1 711/595/1 712/593/1
f 745/594/1 710/596/1 711/595/1
f 745/594/1 709/597/1 710/596/1
f 745/594/1 708/598/1 709/597/1
f 745/594/1 707/599/1 708/598/1
f 746/600/1 683/601/1 745/594/1
f 683/601/1 684/602/1 745/594/1
f 684/602/1 685/603/1 745/594/1
f 685/603/1 707/599/1 745/594/1
f 685/603/1 686/604/1 707/599/1
f 686/604/1 706/605/1 707/599/1
f 686/604/1 687/606/1 706/605/1
f 687/606/1 705/607/1 706/605/1
f 688/608/1 705/607/1 687/606/1
f 689/609/1 705/607/1 688/608/1
f 689/609/1 704/610/1 705/607/1
f 690/611/1 704/610/1 689/609/1
f 691/612/1 704/610/1 690/611/1
f 692/64/1 704/610/1 691/612/1
f 693/613/1 704/610/1 692/64/1
f 746/600/1 682/614/1 683/601/1
f 693/613/1 703/615/1 704/610/1
f 694/616/1 703/615/1 693/613/1
f 695/617/1 703/615/1 694/616/1
f 695/617/1 702/618/1 703/615/1
f 696/619/1 702/618/1 695/617/1
f 697/620/1 702/618/1 696/619/1
f 746/600/1 681/621/1 682/614/1
f 697/620/1 701/622/1 702/618/1
f 698/623/1 701/622/1 697/620/1
f 698/623/1 700/624/1 701/622/1
f 699/625/1 700/624/1 698/623/1
f 746/600/1 680/626/1 681/621/1
f 746/600/1 679/627/1 680/626/1
f 746/600/1 678/628/1 679/627/1
f 746/600/1 677/629/1 678/628/1
f 746/600/1 676/630/1 677/629/1
f 747/631/1 676/630/1 746/600/1
f 747/631/1 675/632/1 676/630/1
f 747/631/1 674/633/1 675/632/1
f 747/631/1 673/634/1 674/633/1
f 747/631/1 672/635/1 673/634/1
f 747/631/1 671/636/1 672/635/1
f 748/637/1 671/636/1 747/631/1
f 748/637/1 670/638/1 671/636/1
f 748/637/1 669/639/1 670/638/1
f 749/640/1 669/639/1 748/637/1
f 749/640/1 668/641/1 669/639/1
f 749/640/1 667/18/1 668/641/1
f 652/642/1 650/643/1 651/644/1
f 653/645/1 650/643/1 652/642/1
f 653/645/1 649/646/1 650/643/1
f 654/647/1 649/646/1 653/645/1
f 654/647/1 648/648/1 649/646/1
f 749/640/1 666/649/1 667/18/1
f 655/650/1 648/648/1 654/647/1
f 656/651/1 648/648/1 655/650/1
f 656/651/1 647/652/1 648/648/1
f 657/653/1 647/652/1 656/651/1
f 658/654/1 647/652/1 657/653/1
f 749/640/1 665/655/1 666/649/1
f 658/654/1 646/656/1 647/652/1
f 659/657/1 646/656/1 658/654/1
f 750/658/1 665/655/1 749/640/1
f 660/659/1 646/656/1 659/657/1
f 661/660/1 646/656/1 660/659/1
f 750/658/1 664/661/1 665/655/1
f 662/662/1 646/656/1 661/660/1
f 750/658/1 663/663/1 664/661/1
f 663/663/1 646/656/1 662/662/1
f 750/658/1 646/656/1 663/663/1
f 750/658/1 645/664/1 646/656/1
f 750/658/1 644/665/1 645/664/1
f 750/658/1 643/666/1 644/665/1
f 750/658/1 642/41/1 643/666/1
f 751/667/1 642/41/1 750/658/1
f 751/667/1 641/668/1 642/41/1
f 751/667/1 640/669/1 641/668/1
f 751/667/1 639/670/1 640/669/1
f 752/671/1 639/670/1 751/667/1
f 752/671/1 638/672/1 639/670/1
f 752/671/1 637/673/1 638/672/1
f 753/674/1 637/673/1 752/671/1
f 753/674/1 636/675/1 637/673/1
f 753/674/1 635/676/1 636/675/1
f 754/677/1 635/676/1 753/674/1
f 754/677/1 634/678/1 635/676/1
f 754/677/1 633/679/1 634/678/1
f 755/680/1 633/679/1 754/677/1
f 755/680/1 632/681/1 633/679/1
f 755/680/1 631/682/1 632/681/1
f 756/683/1 631/682/1 755/680/1
f 756/683/1 630/684/1 631/682/1
f 756/683/1 629/685/1 630/684/1
f 757/686/1 629/685/1 756/683/1
f 757/686/1 628/687/1 629/685/1
f 757/686/1 627/688/1 628/687/1
f 758/689/1 627/688/1 757/686/1
f 758/689/1 626/690/1 627/688/1
f 758/689/1 625/691/1 626/690/1
f 758/689/1 624/692/1 625/691/1
f 759/693/1 624/692/1 758/689/1
f 759/693/1 623/694/1 624/692/1
f 759/693/1 622/695/1 623/694/1
f 759/693/1 621/696/1 622/695/1
f 760/697/1 621/696/1 759/693/1
f 760/697/1 620/698/1 621/696/1
f 760/697/1 619/699/1 620/698/1
f 760/697/1 618/700/1 619/699/1
f 761/701/1 618/700/1 760/697/1
f 761/701/1 617/92/1 618/700/1
f 761/701/1 616/702/1 617/92/1
f 761/701/1 615/703/1 616/702/1
f 761/701/1 614/704/1 615/703/1
f 762/705/1 614/704/1 761/701/1
f 762/705/1 613/706/1 614/704/1
f 762/705/1 612/707/1 613/706/1
f 763/708/1 612/707/1 762/705/1
f 763/708/1 611/709/1 612/707/1
f 763/708/1 599/710/1 611/709/1
f 599/710/1 610/711/1 611/709/1
f 599/710/1 600/712/1 610/711/1
f 600/712/1 609/713/1 610/711/1
f 600/712/1 608/714/1 609/713/1
f 601/715/1 608/714/1 600/712/1
f 763/708/1 598/716/1 599/710/1
f 602/717/1 608/714/1 601/715/1
f 603/718/1 608/714/1 602/717/1
f 604/719/1 608/714/1 603/718/1
f 763/708/1 597/720/1 598/716/1
f 605/721/1 608/714/1 604/719/1
f 605/721/1 607/722/1 608/714/1
f 606/723/1 607/722/1 605/721/1
f 763/708/1 596/724/1 597/720/1
f 763/708/1 595/725/1 596/724/1
f 763/708/1 594/726/1 595/725/1
f 763/708/1 593/727/1 594/726/1
f 764/728/1 593/727/1 763/708/1
f 764/728/1 592/110/1 593/727/1
f 764/728/1 591/729/1 592/110/1
f 764/728/1 590/730/1 591/729/1
f 764/728/1 589/731/1 590/730/1
f 764/728/1 588/732/1 589/731/1
f 765/733/1 588/732/1 764/728/1
f 765/733/1 587/734/1 588/732/1
f 765/733/1 586/735/1 587/734/1
f 765/733/1 585/736/1 586/735/1
f 765/733/1 584/737/1 585/736/1
f 765/733/1 583/738/1 584/737/1
f 765/733/1 582/739/1 583/738/1
f 766/740/1 582/739/1 765/733/1
f 766/740/1 581/741/1 582/739/1
f 766/740/1 580/742/1 581/741/1
f 766/740/1 579/743/1 580/742/1
f 766/740/1 578/744/1 579/743/1
f 766/740/1 577/745/1 578/744/1
f 767/38/1 577/745/1 766/740/1
f 767/38/1 576/746/1 577/745/1
f 767/38/1 575/747/1 576/746/1
f 767/38/1 574/748/1 575/747/1
f 768/749/1 574/748/1 767/38/1
f 768/749/1 573/750/1 574/748/1
f 768/749/1 572/751/1 573/750/1
f 768/749/1 571/752/1 572/751/1
f 768/749/1 570/753/1 571/752/1
f 769/754/1 570/753/1 768/749/1
f 769/754/1 569/755/1 570/753/1
f 769/754/1 568/756/1 569/755/1
f 769/754/1 567/144/1 568/756/1
f 770/757/1 567/144/1 769/754/1
f 770/757/1 842/143/1 567/144/1
f 770/757/1 841/758/1 842/143/1
f 771/759/1 841/758/1 770/757/1
f 771/759/1 840/760/1 841/758/1
f 772/761/1 840/760/1 771/759/1
f 772/761/1 839/762/1 840/760/1
f 772/761/1 838/763/1 839/762/1
f 772/761/1 837/764/1 838/763/1
f 772/761/1 836/765/1 837/764/1
f 773/766/1 836/765/1 772/761/1
f 773/766/1 835/767/1 836/765/1
f 773/766/1 834/768/1 835/767/1
f 773/766/1 833/769/1 834/768/1
f 820/770/1 818/771/1 819/772/1
f 821/773/1 818/771/1 820/770/1
f 822/774/1 818/771/1 821/773/1
f 822/774/1 817/121/1 818/771/1
f 823/775/1 817/121/1 822/774/1
f 824/776/1 817/121/1 823/775/1
f 825/777/1 817/121/1 824/776/1
f 825/777/1 816/778/1 817/121/1
f 826/779/1 816/778/1 825/777/1
f 773/766/1 832/780/1 833/769/1
f 827/781/1 816/778/1 826/779/1
f 828/782/1 816/778/1 827/781/1
f 829/783/1 816/778/1 828/782/1
f 773/766/1 831/784/1 832/780/1
f 830/785/1 816/778/1 829/783/1
f 830/785/1 815/786/1 816/778/1
f 831/784/1 815/786/1 830/785/1
f 773/766/1 815/786/1 831/784/1
f 773/766/1 814/787/1 815/786/1
f 773/766/1 813/788/1 814/787/1
f 774/789/1 813/788/1 773/766/1
f 774/789/1 812/790/1 813/788/1
f 774/789/1 811/791/1 812/790/1
f 774/789/1 810/792/1 811/791/1
f 775/793/1 810/792/1 774/789/1
f 775/793/1 809/794/1 810/792/1
f 775/793/1 808/795/1 809/794/1
f 776/796/1 808/795/1 775/793/1
f 776/796/1 807/797/1 808/795/1
f 777/798/1 807/797/1 776/796/1
f 777/798/1 806/799/1 807/797/1
f 778/800/1 806/799/1 777/798/1
f 778/800/1 805/801/1 806/799/1
f 779/802/1 805/801/1 778/800/1
f 779/802/1 804/803/1 805/801/1
f 780/804/1 804/803/1 779/802/1
f 781/805/1 804/803/1 780/804/1
f 781/805/1 803/806/1 804/803/1
f 782/807/1 803/806/1 781/805/1
f 782/807/1 802/808/1 803/806/1
f 783/809/1 802/808/1 782/807/1
f 783/809/1 801/810/1 802/808/1
f 784/811/1 801/810/1 783/809/1
f 784/811/1 800/812/1 801/810/1
f 785/813/1 800/812/1 784/811/1
f 785/813/1 799/814/1 800/812/1
f 786/815/1 799/814/1 785/813/1
f 786/815/1 798/816/1 799/814/1
f 787/817/1 798/816/1 786/815/1
f 787/817/1 797/818/1 798/816/1
f 788/819/1 797/818/1 787/817/1
f 789/820/1 797/818/1 788/819/1
f 789/820/1 796/821/1 797/818/1
f 790/822/1 796/821/1 789/820/1
f 790/822/1 795/823/1 796/821/1
f 790/822/1 794/824/1 795/823/1
f 790/822/1 793/825/1 794/824/1
f 791/826/1 793/825/1 790/822/1
f 791/826/1 792/91/1 793/825/1
f 964/145/1 962/146/1 963/147/1
f 965/148/1 962/146/1 964/145/1
f 966/149/1 962/146/1 965/148/1
f 967/150/1 962/146/1 966/149/1
f 968/151/1 962/146/1 967/150/1
f 968/151/1 961/152/1 962/146/1
f 969/153/1 961/152/1 968/151/1
f 970/154/1 961/152/1 969/153/1
f 970/154/1 960/155/1 961/152/1
f 971/156/1 960/155/1 970/154/1
f 972/157/1 960/155/1 971/156/1
f 972/157/1 959/158/1 960/155/1
f 973/159/1 959/158/1 972/157/1
f 974/160/1 959/158/1 973/159/1
f 974/160/1 958/161/1 959/158/1
f 975/162/1 958/161/1 974/160/1
f 976/163/1 958/161/1 975/162/1
f 976/163/1 957/164/1 958/161/1
f 977/165/1 957/164/1 976/163/1
f 978/166/1 957/164/1 977/165/1
f 979/167/1 957/164/1 978/166/1
f 979/167/1 956/168/1 957/164/1
f 980/169/1 956/168/1 979/167/1
f 981/170/1 956/168/1 980/169/1
f 981/170/1 955/171/1 956/168/1
f 982/172/1 955/171/1 981/170/1
f 983/173/1 955/171/1 982/172/1
f 984/174/1 955/171/1 983/173/1
f 984/174/1 954/175/1 955/171/1
f 985/176/1 954/175/1 984/174/1
f 986/177/1 954/175/1 985/176/1
f 987/178/1 954/175/1 986/177/1
f 987/178/1 1048/179/1 954/175/1
f 1048/179/1 953/180/1 954/175/1
f 988/181/1 1047/182/1 987/178/1
f 1047/182/1 1048/179/1 987/178/1
f 988/181/1 1046/183/1 1047/182/1
f 1049/184/1 953/180/1 1048/179/1
f 988/181/1 1045/185/1 1046/183/1
f 1050/186/1 953/180/1 1049/184/1
f 988/181/1 1044/187/1 1045/185/1
f 1051/188/1 953/180/1 1050/186/1
f 988/181/1 1043/189/1 1044/187/1
f 989/190/1 1043/189/1 988/181/1
f 1052/191/1 953/180/1 1051/188/1
f 989/190/1 1042/192/1 1043/189/1
f 1053/193/1 953/180/1 1052/191/1
f 989/190/1 1041/194/1 1042/192/1
f 989/190/1 1040/195/1 1041/194/1
f 1053/193/1 952/196/1 953/180/1
f 1054/197/1 952/196/1 1053/193/1
f 989/190/1 1039/198/1 1040/195/1
f 990/199/1 1039/198/1 989/190/1
f 1055/200/1 952/196/1 1054/197/1
f 990/199/1 1038/201/1 1039/198/1
f 990/199/1 1037/202/1 1038/201/1
f 1056/203/1 952/196/1 1055/200/1
f 990/199/1 1036/204/1 1037/202/1
f 991/205/1 1036/204/1 990/199/1
f 1057/206/1 952/196/1 1056/203/1
f 991/205/1 1035/207/1 1036/204/1
f 1057/206/1 951/208/1 952/196/1
f 991/205/1 1084/143/1 1035/207/1
f 1058/209/1 951/208/1 1057/206/1
f 992/210/1 1084/143/1 991/205/1
f 1059/211/1 951/208/1 1058/209/1
f 1060/212/1 951/208/1 1059/211/1
f 993/213/1 1084/143/1 992/210/1
f 1060/212/1 950/214/1 951/208/1
f 1061/215/1 950/214/1 1060/212/1
f 994/216/1 1084/143/1 993/213/1
f 1061/215/1 949/217/1 950/214/1
f 1061/215/1 948/218/1 949/217/1
f 1061/215/1 947/219/1 948/218/1
f 1062/220/1 947/219/1 1061/215/1
f 995/221/1 1084/143/1 994/216/1
f 1062/220/1 946/222/1 947/219/1
f 1062/220/1 945/223/1 946/222/1
f 1062/220/1 944/224/1 945/223/1
f 1063/225/1 944/224/1 1062/220/1
f 996/226/1 1084/143/1 995/221/1
f 1063/225/1 943/227/1 944/224/1
f 1063/225/1 942/228/1 943/227/1
f 996/226/1 1083/229/1 1084/143/1
f 1064/230/1 942/228/1 1063/225/1
f 996/226/1 1082/231/1 1083/229/1
f 1064/230/1 941/232/1 942/228/1
f 997/233/1 1082/231/1 996/226/1
f 997/233/1 1081/234/1 1082/231/1
f 1064/230/1 940/235/1 941/232/1
f 1065/236/1 940/235/1 1064/230/1
f 997/233/1 1080/237/1 1081/234/1
f 1065/236/1 939/238/1 940/235/1
f 997/233/1 1079/239/1 1080/237/1
f 1065/236/1 938/240/1 939/238/1
f 998/241/1 1079/239/1 997/233/1
f 1066/242/1 938/240/1 1065/236/1
f 998/241/1 1078/243/1 1079/239/1
f 998/241/1 1077/244/1 1078/243/1
f 1066/242/1 937/245/1 938/240/1
f 1067/246/1 937/245/1 1066/242/1
f 998/241/1 1076/247/1 1077/244/1
f 1068/248/1 937/245/1 1067/246/1
f 998/241/1 1075/249/1 1076/247/1
f 1068/248/1 936/250/1 937/245/1
f 999/251/1 1075/249/1 998/241/1
f 1069/252/1 936/250/1 1068/248/1
f 999/251/1 1074/253/1 1075/249/1
f 1070/254/1 936/250/1 1069/252/1
f 999/251/1 1073/255/1 1074/253/1
f 1071/256/1 936/250/1 1070/254/1
f 999/251/1 1072/257/1 1073/255/1
f 1072/257/1 936/250/1 1071/256/1
f 999/251/1 936/250/1 1072/257/1
f 999/251/1 935/258/1 936/250/1
f 999/251/1 934/259/1 935/258/1
f 1000/260/1 934/259/1 999/251/1
f 1000/260/1 933/261/1 934/259/1
f 1000/260/1 932/262/1 933/261/1
f 1000/260/1 931/263/1 932/262/1
f 1001/264/1 931/263/1 1000/260/1
f 1001/264/1 930/265/1 931/263/1
f 1001/264/1 929/266/1 930/265/1
f 1001/264/1 928/267/1 929/266/1
f 1001/264/1 927/268/1 928/267/1
f 1002/269/1 927/268/1 1001/264/1
f 1002/269/1 926/270/1 927/268/1
f 1002/269/1 925/271/1 926/270/1
f 1002/269/1 924/272/1 925/271/1
f 1002/269/1 923/273/1 924/272/1
f 1002/269/1 922/274/1 923/273/1
f 1002/269/1 921/275/1 922/274/1
f 1002/269/1 920/276/1 921/275/1
f 1002/269/1 919/277/1 920/276/1
f 1002/269/1 918/278/1 919/277/1
f 1002/269/1 917/279/1 918/278/1
f 1002/269/1 916/280/1 917/279/1
f 1002/269/1 915/281/1 916/280/1
f 1002/269/1 914/282/1 915/281/1
f 1002/269/1 913/283/1 914/282/1
f 1002/269/1 912/284/1 913/283/1
f 1002/269/1 911/285/1 912/284/1
f 1002/269/1 910/286/1 911/285/1
f 1003/287/1 910/286/1 1002/269/1
f 1003/287/1 909/288/1 910/286/1
f 1003/287/1 908/289/1 909/288/1
f 1003/287/1 907/290/1 908/289/1
f 1003/287/1 906/291/1 907/290/1
f 1003/287/1 905/292/1 906/291/1
f 1003/287/1 904/293/1 905/292/1
f 1003/287/1 903/294/1 904/293/1
f 1003/287/1 902/295/1 903/294/1
f 1004/296/1 867/297/1 1003/287/1
f 867/297/1 902/295/1 1003/287/1
f 867/297/1 901/298/1 902/295/1
f 1004/296/1 866/299/1 867/297/1
f 868/300/1 901/298/1 867/297/1
f 1004/296/1 865/301/1 866/299/1
f 868/300/1 900/302/1 901/298/1
f 869/303/1 900/302/1 868/300/1
f 1004/296/1 864/304/1 865/301/1
f 1004/296/1 863/305/1 864/304/1
f 870/306/1 900/302/1 869/303/1
f 1004/296/1 862/307/1 863/305/1
f 870/306/1 899/308/1 900/302/1
f 1005/309/1 862/307/1 1004/296/1
f 1005/309/1 861/310/1 862/307/1
f 1005/309/1 860/311/1 861/310/1
f 871/312/1 899/308/1 870/306/1
f 871/312/1 898/313/1 899/308/1
f 1005/309/1 859/314/1 860/311/1
f 1005/309/1 858/315/1 859/314/1
f 871/312/1 897/316/1 898/313/1
f 872/317/1 897/316/1 871/312/1
f 1005/309/1 857/318/1 858/315/1
f 1006/319/1 857/318/1 1005/309/1
f 1006/319/1 856/320/1 857/318/1
f 1006/319/1 855/321/1 856/320/1
f 1006/319/1 854/322/1 855/321/1
f 872/317/1 896/323/1 897/316/1
f 1006/319/1 853/324/1 854/322/1
f 873/325/1 896/323/1 872/317/1
f 1006/319/1 852/326/1 853/324/1
f 1006/319/1 851/327/1 852/326/1
f 1007/328/1 851/327/1 1006/319/1
f 1007/328/1 850/329/1 851/327/1
f 873/325/1 895/330/1 896/323/1
f 1007/328/1 849/331/1 850/329/1
f 874/332/1 895/330/1 873/325/1
f 1007/328/1 848/333/1 849/331/1
f 1007/328/1 847/334/1 848/333/1
f 874/332/1 894/335/1 895/330/1
f 1007/328/1 846/336/1 847/334/1
f 1008/337/1 846/336/1 1007/328/1
f 1008/337/1 845/338/1 846/336/1
f 1008/337/1 844/339/1 845/338/1
f 875/340/1 894/335/1 874/332/1
f 1008/337/1 843/144/1 844/339/1
f 875/340/1 893/341/1 894/335/1
f 1008/337/1 1034/342/1 843/144/1
f 1008/337/1 1033/343/1 1034/342/1
f 1009/344/1 1033/343/1 1008/337/1
f 875/340/1 892/345/1 893/341/1
f 876/346/1 892/345/1 875/340/1
f 1009/344/1 1032/347/1 1033/343/1
f 876/346/1 891/348/1 892/345/1
f 1009/344/1 1031/349/1 1032/347/1
f 1010/350/1 1031/349/1 1009/344/1
f 1010/350/1 1030/351/1 1031/349/1
f 876/346/1 890/352/1 891/348/1
f 877/353/1 890/352/1 876/346/1
f 1010/350/1 1029/354/1 1030/351/1
f 877/353/1 889/355/1 890/352/1
f 1010/350/1 1028/356/1 1029/354/1
f 877/353/1 888/357/1 889/355/1
f 1011/358/1 1028/356/1 1010/350/1
f 877/353/1 887/359/1 888/357/1
f 1011/358/1 1027/360/1 1028/356/1
f 878/361/1 887/359/1 877/353/1
f 878/361/1 886/362/1 887/359/1
f 1011/358/1 1026/363/1 1027/360/1
f 1012/364/1 1026/363/1 1011/358/1
f 878/361/1 885/365/1 886/362/1
f 1013/366/1 1026/363/1 1012/364/1
f 1014/367/1 1026/363/1 1013/366/1
f 1014/367/1 1025/368/1 1026/363/1
f 878/361/1 884/369/1 885/365/1
f 1015/370/1 1025/368/1 1014/367/1
f 879/371/1 884/369/1 878/361/1
f 1016/372/1 1025/368/1 1015/370/1
f 879/371/1 883/373/1 884/369/1
f 1016/372/1 1024/374/1 1025/368/1
f 1017/375/1 1024/374/1 1016/372/1
f 1018/376/1 1024/374/1 1017/375/1
f 879/371/1 882/377/1 883/373/1
f 1019/378/1 1024/374/1 1018/376/1
f 1019/378/1 1023/379/1 1024/374/1
f 1020/380/1 1023/379/1 1019/378/1
f 879/371/1 881/381/1 882/377/1
f 1021/382/1 1023/379/1 1020/380/1
f 1022/383/1 1023/379/1 1021/382/1
f 879/371/1 880/384/1 881/381/1
f 1207/827/1 1205/121/1 1206/828/1
f 1208/829/1 1205/121/1 1207/827/1
f 1208/829/1 1204/830/1 1205/121/1
f 1209/831/1 1204/830/1 1208/829/1
f 1209/831/1 1203/832/1 1204/830/1
f 1210/833/1 1203/832/1 1209/831/1
f 1210/833/1 1202/834/1 1203/832/1
f 1211/835/1 1202/834/1 1210/833/1
f 1211/835/1 1201/836/1 1202/834/1
f 1212/837/1 1201/836/1 1211/835/1
f 1213/838/1 1201/836/1 1212/837/1
f 1213/838/1 1200/839/1 1201/836/1
f 1214/840/1 1200/839/1 1213/838/1
f 1214/840/1 1199/841/1 1200/839/1
f 1215/842/1 1199/841/1 1214/840/1
f 1215/842/1 1198/843/1 1199/841/1
f 1216/844/1 1198/843/1 1215/842/1
f 1216/844/1 1197/845/1 1198/843/1
f 1217/143/1 1197/845/1 1216/844/1
f 1217/143/1 1196/846/1 1197/845/1
f 1134/847/1 1196/846/1 1217/143/1
f 1134/847/1 1195/848/1 1196/846/1
f 1135/849/1 1195/848/1 1134/847/1
f 1135/849/1 1194/850/1 1195/848/1
f 1136/851/1 1194/850/1 1135/849/1
f 1137/852/1 1194/850/1 1136/851/1
f 1138/853/1 1194/850/1 1137/852/1
f 1139/854/1 1194/850/1 1138/853/1
f 1139/854/1 1193/91/1 1194/850/1
f 1139/854/1 1192/855/1 1193/91/1
f 1140/856/1 1192/855/1 1139/854/1
f 1140/856/1 1191/857/1 1192/855/1
f 1141/858/1 1191/857/1 1140/856/1
f 1141/858/1 1190/859/1 1191/857/1
f 1141/858/1 1189/860/1 1190/859/1
f 1142/861/1 1189/860/1 1141/858/1
f 1142/861/1 1188/862/1 1189/860/1
f 1142/861/1 1187/863/1 1188/862/1
f 1143/864/1 1187/863/1 1142/861/1
f 1143/864/1 1186/865/1 1187/863/1
f 1144/866/1 1186/865/1 1143/864/1
f 1144/866/1 1185/867/1 1186/865/1
f 1144/866/1 1184/868/1 1185/867/1
f 1145/64/1 1184/868/1 1144/866/1
f 1145/64/1 1183/869/1 1184/868/1
f 1145/64/1 1182/870/1 1183/869/1
f 1146/871/1 1182/870/1 1145/64/1
f 1146/871/1 1181/38/1 1182/870/1
f 1147/872/1 1181/38/1 1146/871/1
f 1147/872/1 1180/873/1 1181/38/1
f 1148/874/1 1180/873/1 1147/872/1
f 1148/874/1 1179/875/1 1180/873/1
f 1149/876/1 1179/875/1 1148/874/1
f 1149/876/1 1178/877/1 1179/875/1
f 1150/878/1 1178/877/1 1149/876/1
f 1150/878/1 1177/879/1 1178/877/1
f 1151/880/1 1177/879/1 1150/878/1
f 1151/880/1 1176/881/1 1177/879/1
f 1152/882/1 1176/881/1 1151/880/1
f 1152/882/1 1175/883/1 1176/881/1
f 1153/884/1 1175/883/1 1152/882/1
f 1153/884/1 1174/885/1 1175/883/1
f 1154/886/1 1174/885/1 1153/884/1
f 1155/887/1 1174/885/1 1154/886/1
f 1155/887/1 1173/888/1 1174/885/1
f 1156/889/1 1173/888/1 1155/887/1
f 1157/67/1 1173/888/1 1156/889/1
f 1158/890/1 1173/888/1 1157/67/1
f 1158/890/1 1159/891/1 1173/888/1
f 1159/891/1 1172/892/1 1173/888/1
f 1160/893/1 1172/892/1 1159/891/1
f 1161/894/1 1172/892/1 1160/893/1
f 1162/895/1 1172/892/1 1161/894/1
f 1163/896/1 1172/892/1 1162/895/1
f 1164/897/1 1172/892/1 1163/896/1
f 1165/898/1 1172/892/1 1164/897/1
f 1165/898/1 1171/899/1 1172/892/1
f 1166/900/1 1171/899/1 1165/898/1
f 1167/901/1 1171/899/1 1166/900/1
f 1168/902/1 1171/899/1 1167/901/1
f 1168/902/1 1170/903/1 1171/899/1
f 1169/14/1 1170/903/1 1168/902/1
f 1086/904/1 1133/18/1 1085/144/1
f 1086/904/1 1132/905/1 1133/18/1
f 1087/906/1 1132/905/1 1086/904/1
f 1087/906/1 1131/907/1 1132/905/1
f 1088/908/1 1131/907/1 1087/906/1
f 1088/908/1 1130/909/1 1131/907/1
f 1089/910/1 1130/909/1 1088/908/1
f 1089/910/1 1129/911/1 1130/909/1
f 1090/912/1 1129/911/1 1089/910/1
f 1090/912/1 1128/913/1 1129/911/1
f 1091/914/1 1128/913/1 1090/912/1
f 1091/914/1 1127/915/1 1128/913/1
f 1092/916/1 1127/915/1 1091/914/1
f 1092/916/1 1126/917/1 1127/915/1
f 1093/918/1 1126/917/1 1092/916/1
f 1093/918/1 1125/919/1 1126/917/1
f 1094/920/1 1125/919/1 1093/918/1
f 1094/920/1 1124/921/1 1125/919/1
f 1095/922/1 1124/921/1 1094/920/1
f 1095/922/1 1123/923/1 1124/921/1
f 1096/924/1 1123/923/1 1095/922/1
f 1096/924/1 1122/925/1 1123/923/1
f 1097/110/1 1122/925/1 1096/924/1
f 1097/110/1 1121/41/1 1122/925/1
f 1098/926/1 1121/41/1 1097/110/1
f 1098/926/1 1120/927/1 1121/41/1
f 1099/928/1 1120/927/1 1098/926/1
f 1099/928/1 1119/929/1 1120/927/1
f 1100/930/1 1119/929/1 1099/928/1
f 1100/930/1 1118/931/1 1119/929/1
f 1101/932/1 1118/931/1 1100/930/1
f 1101/932/1 1117/933/1 1118/931/1
f 1102/934/1 1117/933/1 1101/932/1
f 1102/934/1 1116/935/1 1117/933/1
f 1103/936/1 1116/935/1 1102/934/1
f 1103/936/1 1115/937/1 1116/935/1
f 1104/938/1 1115/937/1 1103/936/1
f 1104/938/1 1114/939/1 1115/937/1
f 1105/940/1 1114/939/1 1104/938/1
f 1105/940/1 1113/941/1 1114/939/1
f 1106/942/1 1113/941/1 1105/940/1
f 1106/942/1 1112/943/1 1113/941/1
f 1107/944/1 1112/943/1 1106/942/1
f 1107/944/1 1111/945/1 1112/943/1
f 1108/946/1 1111/945/1 1107/944/1
f 1108/946/1 1110/947/1 1111/945/1
f 1109/92/1 1110/947/1 1108/946/1
f 1339/145/1 1337/146/1 1338/147/1
f 1340/148/1 1337/146/1 1339/145/1
f 1341/149/1 1337/146/1 1340/148/1
f 1342/150/1 1337/146/1 1341/149/1
f 1343/151/1 1337/146/1 1342/150/1
f 1343/151/1 1336/152/1 1337/146/1
f 1344/153/1 1336/152/1 1343/151/1
f 1345/154/1 1336/152/1 1344/153/1
f 1345/154/1 1335/155/1 1336/152/1
f 1346/156/1 1335/155/1 1345/154/1
f 1347/157/1 1335/155/1 1346/156/1
f 1347/157/1 1334/158/1 1335/155/1
f 1348/159/1 1334/158/1 1347/157/1
f 1349/160/1 1334/158/1 1348/159/1
f 1349/160/1 1333/161/1 1334/158/1
f 1350/162/1 1333/161/1 1349/160/1
f 1351/163/1 1333/161/1 1350/162/1
f 1351/163/1 1332/164/1 1333/161/1
f 1352/165/1 1332/164/1 1351/163/1
f 1353/166/1 1332/164/1 1352/165/1
f 1354/167/1 1332/164/1 1353/166/1
f 1354/167/1 1331/168/1 1332/164/1
f 1355/169/1 1331/168/1 1354/167/1
f 1356/170/1 1331/168/1 1355/169/1
f 1356/170/1 1330/171/1 1331/168/1
f 1357/172/1 1330/171/1 1356/170/1
f 1358/173/1 1330/171/1 1357/172/1
f 1359/174/1 1330/171/1 1358/173/1
f 1359/174/1 1329/175/1 1330/171/1
f 1360/176/1 1329/175/1 1359/174/1
f 1361/177/1 1329/175/1 1360/176/1
f 1362/178/1 1329/175/1 1361/177/1
f 1362/178/1 1423/179/1 1329/175/1
f 1423/179/1 1328/180/1 1329/175/1
f 1363/181/1 1422/182/1 1362/178/1
f 1422/182/1 1423/179/1 1362/178/1
f 1363/181/1 1421/183/1 1422/182/1
f 1424/184/1 1328/180/1 1423/179/1
f 1363/181/1 1420/185/1 1421/183/1
f 1425/186/1 1328/180/1 1424/184/1
f 1363/181/1 1419/187/1 1420/185/1
f 1426/188/1 1328/180/1 1425/186/1
f 1363/181/1 1418/189/1 1419/187/1
f 1364/190/1 1418/189/1 1363/181/1
f 1427/191/1 1328/180/1 1426/188/1
f 1364/190/1 1417/192/1 1418/189/1
f 1428/193/1 1328/180/1 1427/191/1
f 1364/190/1 1416/194/1 1417/192/1
f 1364/190/1 1415/195/1 1416/194/1
f 1428/193/1 1327/196/1 1328/180/1
f 1429/197/1 1327/196/1 1428/193/1
f 1364/190/1 1414/198/1 1415/195/1
f 1365/199/1 1414/198/1 1364/190/1
f 1430/200/1 1327/196/1 1429/197/1
f 1365/199/1 1413/201/1 1414/198/1
f 1365/199/1 1412/202/1 1413/201/1
f 1431/203/1 1327/196/1 1430/200/1
f 1365/199/1 1411/204/1 1412/202/1
f 1366/205/1 1411/204/1 1365/199/1
f 1432/206/1 1327/196/1 1431/203/1
f 1366/205/1 1410/207/1 1411/204/1
f 1432/206/1 1326/208/1 1327/196/1
f 1366/205/1 1459/143/1 1410/207/1
f 1433/209/1 1326/208/1 1432/206/1
f 1367/210/1 1459/143/1 1366/205/1
f 1434/211/1 1326/208/1 1433/209/1
f 1435/212/1 1326/208/1 1434/211/1
f 1368/213/1 1459/143/1 1367/210/1
f 1435/212/1 1325/214/1 1326/208/1
f 1436/215/1 1325/214/1 1435/212/1
f 1369/216/1 1459/143/1 1368/213/1
f 1436/215/1 1324/217/1 1325/214/1
f 1436/215/1 1323/218/1 1324/217/1
f 1436/215/1 1322/219/1 1323/218/1
f 1437/220/1 1322/219/1 1436/215/1
f 1370/221/1 1459/143/1 1369/216/1
f 1437/220/1 1321/222/1 1322/219/1
f 1437/220/1 1320/223/1 1321/222/1
f 1437/220/1 1319/224/1 1320/223/1
f 1438/225/1 1319/224/1 1437/220/1
f 1371/226/1 1459/143/1 1370/221/1
f 1438/225/1 1318/227/1 1319/224/1
f 1438/225/1 1317/228/1 1318/227/1
f 1371/226/1 1458/229/1 1459/143/1
f 1439/230/1 1317/228/1 1438/225/1
f 1371/226/1 1457/231/1 1458/229/1
f 1439/230/1 1316/232/1 1317/228/1
f 1372/233/1 1457/231/1 1371/226/1
f 1372/233/1 1456/234/1 1457/231/1
f 1439/230/1 1315/235/1 1316/232/1
f 1440/236/1 1315/235/1 1439/230/1
f 1372/233/1 1455/237/1 1456/234/1
f 1440/236/1 1314/238/1 1315/235/1
f 1372/233/1 1454/239/1 1455/237/1
f 1440/236/1 1313/240/1 1314/238/1
f 1373/241/1 1454/239/1 1372/233/1
f 1441/242/1 1313/240/1 1440/236/1
f 1373/241/1 1453/243/1 1454/239/1
f 1373/241/1 1452/244/1 1453/243/1
f 1441/242/1 1312/245/1 1313/240/1
f 1442/246/1 1312/245/1 1441/242/1
f 1373/241/1 1451/247/1 1452/244/1
f 1443/248/1 1312/245/1 1442/246/1
f 1373/241/1 1450/249/1 1451/247/1
f 1443/248/1 1311/250/1 1312/245/1
f 1374/251/1 1450/249/1 1373/241/1
f 1444/252/1 1311/250/1 1443/248/1
f 1374/251/1 1449/253/1 1450/249/1
f 1445/254/1 1311/250/1 1444/252/1
f 1374/251/1 1448/255/1 1449/253/1
f 1446/256/1 1311/250/1 1445/254/1
f 1374/251/1 1447/257/1 1448/255/1
f 1447/257/1 1311/250/1 1446/256/1
f 1374/251/1 1311/250/1 1447/257/1
f 1374/251/1 1310/258/1 1311/250/1
f 1374/251/1 1309/259/1 1310/258/1
f 1375/260/1 1309/259/1 1374/251/1
f 1375/260/1 1308/261/1 1309/259/1
f 1375/260/1 1307/262/1 1308/261/1
f 1375/260/1 1306/263/1 1307/262/1
f 1376/264/1 1306/263/1 1375/260/1
f 1376/264/1 1305/265/1 1306/263/1
f 1376/264/1 1304/266/1 1305/265/1
f 1376/264/1 1303/267/1 1304/266/1
f 1376/264/1 1302/268/1 1303/267/1
f 1377/269/1 1302/268/1 1376/264/1
f 1377/269/1 1301/270/1 1302/268/1
f 1377/269/1 1300/271/1 1301/270/1
f 1377/269/1 1299/272/1 1300/271/1
f 1377/269/1 1298/273/1 1299/272/1
f 1377/269/1 1297/274/1 1298/273/1
f 1377/269/1 1296/275/1 1297/274/1
f 1377/269/1 1295/276/1 1296/275/1
f 1377/269/1 1294/277/1 1295/276/1
f 1377/269/1 1293/278/1 1294/277/1
f 1377/269/1 1292/279/1 1293/278/1
f 1377/269/1 1291/280/1 1292/279/1
f 1377/269/1 1290/281/1 1291/280/1
f 1377/269/1 1289/282/1 1290/281/1
f 1377/269/1 1288/283/1 1289/282/1
f 1377/269/1 1287/284/1 1288/283/1
f 1377/269/1 1286/285/1 1287/284/1
f 1377/269/1 1285/286/1 1286/285/1
f 1378/287/1 1285/286/1 1377/269/1
f 1378/287/1 1284/288/1 1285/286/1
f 1378/287/1 1283/289/1 1284/288/1
f 1378/287/1 1282/290/1 1283/289/1
f 1378/287/1 1281/291/1 1282/290/1
f 1378/287/1 1280/292/1 1281/291/1
f 1378/287/1 1279/293/1 1280/292/1
f 1378/287/1 1278/294/1 1279/293/1
f 1378/287/1 1277/295/1 1278/294/1
f 1379/296/1 1242/297/1 1378/287/1
f 1242/297/1 1277/295/1 1378/287/1
f 1242/297/1 1276/298/1 1277/295/1
f 1379/296/1 1241/299/1 1242/297/1
f 1243/300/1 1276/298/1 1242/297/1
f 1379/296/1 1240/301/1 1241/299/1
f 1243/300/1 1275/302/1 1276/298/1
f 1244/303/1 1275/302/1 1243/300/1
f 1379/296/1 1239/304/1 1240/301/1
f 1379/296/1 1238/305/1 1239/304/1
f 1245/306/1 1275/302/1 1244/303/1
f 1379/296/1 1237/307/1 1238/305/1
f 1245/306/1 1274/308/1 1275/302/1
f 1380/309/1 1237/307/1 1379/296/1
f 1380/309/1 1236/310/1 1237/307/1
f 1380/309/1 1235/311/1 1236/310/1
f 1246/312/1 1274/308/1 1245/306/1
f 1246/312/1 1273/313/1 1274/308/1
f 1380/309/1 1234/314/1 1235/311/1
f 1380/309/1 1233/315/1 1234/314/1
f 1246/312/1 1272/316/1 1273/313/1
f 1247/317/1 1272/316/1 1246/312/1
f 1380/309/1 1232/318/1 1233/315/1
f 1381/319/1 1232/318/1 1380/309/1
f 1381/319/1 1231/320/1 1232/318/1
f 1381/319/1 1230/321/1 1231/320/1
f 1381/319/1 1229/322/1 1230/321/1
f 1247/317/1 1271/323/1 1272/316/1
f 1381/319/1 1228/324/1 1229/322/1
f 1248/325/1 1271/323/1 1247/317/1
f 1381/319/1 1227/326/1 1228/324/1
f 1381/319/1 1226/327/1 1227/326/1
f 1382/328/1 1226/327/1 1381/319/1
f 1382/328/1 1225/329/1 1226/327/1
f 1248/325/1 1270/330/1 1271/323/1
f 1382/328/1 1224/331/1 1225/329/1
f 1249/332/1 1270/330/1 1248/325/1
f 1382/328/1 1223/333/1 1224/331/1
f 1382/328/1 1222/334/1 1223/333/1
f 1249/332/1 1269/335/1 1270/330/1
f 1382/328/1 1221/336/1 1222/334/1
f 1383/337/1 1221/336/1 1382/328/1
f 1383/337/1 1220/338/1 1221/336/1
f 1383/337/1 1219/339/1 1220/338/1
f 1250/340/1 1269/335/1 1249/332/1
f 1383/337/1 1218/144/1 1219/339/1
f 1250/340/1 1268/341/1 1269/335/1
f 1383/337/1 1409/342/1 1218/144/1
f 1383/337/1 1408/343/1 1409/342/1
f 1384/344/1 1408/343/1 1383/337/1
f 1250/340/1 1267/345/1 1268/341/1
f 1251/346/1 1267/345/1 1250/340/1
f 1384/344/1 1407/347/1 1408/343/1
f 1251/346/1 1266/348/1 1267/345/1
f 1384/344/1 1406/349/1 1407/347/1
f 1385/350/1 1406/349/1 1384/344/1
f 1385/350/1 1405/351/1 1406/349/1
f 1251/346/1 1265/352/1 1266/348/1
f 1252/353/1 1265/352/1 1251/346/1
f 1385/350/1 1404/354/1 1405/351/1
f 1252/353/1 1264/355/1 1265/352/1
f 1385/350/1 1403/356/1 1404/354/1
f 1252/353/1 1263/357/1 1264/355/1
f 1386/358/1 1403/356/1 1385/350/1
f 1252/353/1 1262/359/1 1263/357/1
f 1386/358/1 1402/360/1 1403/356/1
f 1253/361/1 1262/359/1 1252/353/1
f 1253/361/1 1261/362/1 1262/359/1
f 1386/358/1 1401/363/1 1402/360/1
f 1387/364/1 1401/363/1 1386/358/1
f 1253/361/1 1260/365/1 1261/362/1
f 1388/366/1 1401/363/1 1387/364/1
f 1389/367/1 1401/363/1 1388/366/1
f 1389/367/1 1400/368/1 1401/363/1
f 1253/361/1 1259/369/1 1260/365/1
f 1390/370/1 1400/368/1 1389/367/1
f 1254/371/1 1259/369/1 1253/361/1
f 1391/372/1 1400/368/1 1390/370/1
f 1254/371/1 1258/373/1 1259/369/1
f 1391/372/1 1399/374/1 1400/368/1
f 1392/375/1 1399/374/1 1391/372/1
f 1393/376/1 1399/374/1 1392/375/1
f 1254/371/1 1257/377/1 1258/373/1
f 1394/378/1 1399/374/1 1393/376/1
f 1394/378/1 1398/379/1 1399/374/1
f 1395/380/1 1398/379/1 1394/378/1
f 1254/371/1 1256/381/1 1257/377/1
f 1396/382/1 1398/379/1 1395/380/1
f 1397/383/1 1398/379/1 1396/382/1
f 1254/371/1 1255/384/1 1256/381/1
